[2026-08-10 13:06:38] local.ERROR: No application encryption key has been specified. {"exception":"[object] (Illuminate\\Encryption\\MissingAppKeyException(code: 0): No application encryption key has been specified. at F:/xampp/htdocs/adcoupon-platform/vendor/laravel/framework/src/Illuminate/Encryption/EncryptionServiceProvider.php:83)
[stacktrace]
#0 F:/xampp/htdocs/adcoupon-platform/vendor/laravel/framework/src/Illuminate/Support/helpers.php(393): Illuminate/Encryption/EncryptionServiceProvider->Illuminate/Encryption/{closure}('')
#1 F:/xampp/htdocs/adcoupon-platform/vendor/laravel/framework/src/Illuminate/Encryption/EncryptionServiceProvider.php(81): tap('', Object(Closure))
#2 F:/xampp/htdocs/adcoupon-platform/vendor/laravel/framework/src/Illuminate/Encryption/EncryptionServiceProvider.php(64): Illuminate/Encryption/EncryptionServiceProvider->key(Array)
#3 F:/xampp/htdocs/adcoupon-platform/vendor/laravel/framework/src/Illuminate/Encryption/EncryptionServiceProvider.php(32): Illuminate/Encryption/EncryptionServiceProvider->parseKey(Array)
#4 F:/xampp/htdocs/adcoupon-platform/vendor/laravel/framework/src/Illuminate/Container/Container.php(1115): Illuminate/Encryption/EncryptionServiceProvider->Illuminate/Encryption/{closure}(Object(Illuminate/Foundation/Application), Array)
#5 F:/xampp/htdocs/adcoupon-platform/vendor/laravel/framework/src/Illuminate/Container/Container.php(933): Illuminate/Container/Container->build(Object(Closure))
#6 F:/xampp/htdocs/adcoupon-platform/vendor/laravel/framework/src/Illuminate/Foundation/Application.php(1078): Illuminate/Container/Container->resolve('encrypter', Array, true)
#7 F:/xampp/htdocs/adcoupon-platform/vendor/laravel/framework/src/Illuminate/Container/Container.php(864): Illuminate/Foundation/Application->resolve('encrypter', Array)
#8 F:/xampp/htdocs/adcoupon-platform/vendor/laravel/framework/src/Illuminate/Foundation/Application.php(1058): Illuminate/Container/Container->make('encrypter', Array)
#9 F:/xampp/htdocs/adcoupon-platform/vendor/laravel/framework/src/Illuminate/Container/Container.php(1336): Illuminate/Foundation/Application->make('encrypter')
#10 F:/xampp/htdocs/adcoupon-platform/vendor/laravel/framework/src/Illuminate/Container/Container.php(1237): Illuminate/Container/Container->resolveClass(Object(ReflectionParameter), 'Illuminate//Cont...')
#11 F:/xampp/htdocs/adcoupon-platform/vendor/laravel/framework/src/Illuminate/Container/Container.php(1162): Illuminate/Container/Container->resolveDependencies(Array)
#12 F:/xampp/htdocs/adcoupon-platform/vendor/laravel/framework/src/Illuminate/Container/Container.php(933): Illuminate/Container/Container->build('Illuminate//Cook...')
#13 F:/xampp/htdocs/adcoupon-platform/vendor/laravel/framework/src/Illuminate/Foundation/Application.php(1078): Illuminate/Container/Container->resolve('Illuminate//Cook...', Array, true)
#14 F:/xampp/htdocs/adcoupon-platform/vendor/laravel/framework/src/Illuminate/Container/Container.php(864): Illuminate/Foundation/Application->resolve('Illuminate//Cook...', Array)
#15 F:/xampp/htdocs/adcoupon-platform/vendor/laravel/framework/src/Illuminate/Foundation/Application.php(1058): Illuminate/Container/Container->make('Illuminate//Cook...', Array)
#16 F:/xampp/htdocs/adcoupon-platform/vendor/laravel/framework/src/Illuminate/Pipeline/Pipeline.php(208): Illuminate/Foundation/Application->make('Illuminate//Cook...')
#17 F:/xampp/htdocs/adcoupon-platform/vendor/laravel/framework/src/Illuminate/Pipeline/Pipeline.php(137): Illuminate/Pipeline/Pipeline->Illuminate/Pipeline/{closure}(Object(Illuminate/Http/Request))
#18 F:/xampp/htdocs/adcoupon-platform/vendor/laravel/framework/src/Illuminate/Routing/Router.php(821): Illuminate/Pipeline/Pipeline->then(Object(Closure))
#19 F:/xampp/htdocs/adcoupon-platform/vendor/laravel/framework/src/Illuminate/Routing/Router.php(800): Illuminate/Routing/Router->runRouteWithinStack(Object(Illuminate/Routing/Route), Object(Illuminate/Http/Request))
#20 F:/xampp/htdocs/adcoupon-platform/vendor/laravel/framework/src/Illuminate/Routing/Router.php(764): Illuminate/Routing/Router->runRoute(Object(Illuminate/Http/Request), Object(Illuminate/Routing/Route))
#21 F:/xampp/htdocs/adcoupon-platform/vendor/laravel/framework/src/Illuminate/Routing/Router.php(753): Illuminate/Routing/Router->dispatchToRoute(Object(Illuminate/Http/Request))
#22 F:/xampp/htdocs/adcoupon-platform/vendor/laravel/framework/src/Illuminate/Foundation/Http/Kernel.php(200): Illuminate/Routing/Router->dispatch(Object(Illuminate/Http/Request))
#23 F:/xampp/htdocs/adcoupon-platform/vendor/laravel/framework/src/Illuminate/Pipeline/Pipeline.php(180): Illuminate/Foundation/Http/Kernel->Illuminate/Foundation/Http/{closure}(Object(Illuminate/Http/Request))
#24 F:/xampp/htdocs/adcoupon-platform/vendor/laravel/framework/src/Illuminate/Foundation/Http/Middleware/TransformsRequest.php(21): Illuminate/Pipeline/Pipeline->Illuminate/Pipeline/{closure}(Object(Illuminate/Http/Request))
#25 F:/xampp/htdocs/adcoupon-platform/vendor/laravel/framework/src/Illuminate/Foundation/Http/Middleware/ConvertEmptyStringsToNull.php(31): Illuminate/Foundation/Http/Middleware/TransformsRequest->handle(Object(Illuminate/Http/Request), Object(Closure))
#26 F:/xampp/htdocs/adcoupon-platform/vendor/laravel/framework/src/Illuminate/Pipeline/Pipeline.php(219): Illuminate/Foundation/Http/Middleware/ConvertEmptyStringsToNull->handle(Object(Illuminate/Http/Request), Object(Closure))
#27 F:/xampp/htdocs/adcoupon-platform/vendor/laravel/framework/src/Illuminate/Foundation/Http/Middleware/TransformsRequest.php(21): Illuminate/Pipeline/Pipeline->Illuminate/Pipeline/{closure}(Object(Illuminate/Http/Request))
#28 F:/xampp/htdocs/adcoupon-platform/vendor/laravel/framework/src/Illuminate/Foundation/Http/Middleware/TrimStrings.php(51): Illuminate/Foundation/Http/Middleware/TransformsRequest->handle(Object(Illuminate/Http/Request), Object(Closure))
#29 F:/xampp/htdocs/adcoupon-platform/vendor/laravel/framework/src/Illuminate/Pipeline/Pipeline.php(219): Illuminate/Foundation/Http/Middleware/TrimStrings->handle(Object(Illuminate/Http/Request), Object(Closure))
#30 F:/xampp/htdocs/adcoupon-platform/vendor/laravel/framework/src/Illuminate/Http/Middleware/ValidatePostSize.php(27): Illuminate/Pipeline/Pipeline->Illuminate/Pipeline/{closure}(Object(Illuminate/Http/Request))
#31 F:/xampp/htdocs/adcoupon-platform/vendor/laravel/framework/src/Illuminate/Pipeline/Pipeline.php(219): Illuminate/Http/Middleware/ValidatePostSize->handle(Object(Illuminate/Http/Request), Object(Closure))
#32 F:/xampp/htdocs/adcoupon-platform/vendor/laravel/framework/src/Illuminate/Foundation/Http/Middleware/PreventRequestsDuringMaintenance.php(109): Illuminate/Pipeline/Pipeline->Illuminate/Pipeline/{closure}(Object(Illuminate/Http/Request))
#33 F:/xampp/htdocs/adcoupon-platform/vendor/laravel/framework/src/Illuminate/Pipeline/Pipeline.php(219): Illuminate/Foundation/Http/Middleware/PreventRequestsDuringMaintenance->handle(Object(Illuminate/Http/Request), Object(Closure))
#34 F:/xampp/htdocs/adcoupon-platform/vendor/laravel/framework/src/Illuminate/Http/Middleware/HandleCors.php(61): Illuminate/Pipeline/Pipeline->Illuminate/Pipeline/{closure}(Object(Illuminate/Http/Request))
#35 F:/xampp/htdocs/adcoupon-platform/vendor/laravel/framework/src/Illuminate/Pipeline/Pipeline.php(219): Illuminate/Http/Middleware/HandleCors->handle(Object(Illuminate/Http/Request), Object(Closure))
#36 F:/xampp/htdocs/adcoupon-platform/vendor/laravel/framework/src/Illuminate/Http/Middleware/TrustProxies.php(58): Illuminate/Pipeline/Pipeline->Illuminate/Pipeline/{closure}(Object(Illuminate/Http/Request))
#37 F:/xampp/htdocs/adcoupon-platform/vendor/laravel/framework/src/Illuminate/Pipeline/Pipeline.php(219): Illuminate/Http/Middleware/TrustProxies->handle(Object(Illuminate/Http/Request), Object(Closure))
#38 F:/xampp/htdocs/adcoupon-platform/vendor/laravel/framework/src/Illuminate/Foundation/Http/Middleware/InvokeDeferredCallbacks.php(22): Illuminate/Pipeline/Pipeline->Illuminate/Pipeline/{closure}(Object(Illuminate/Http/Request))
#39 F:/xampp/htdocs/adcoupon-platform/vendor/laravel/framework/src/Illuminate/Pipeline/Pipeline.php(219): Illuminate/Foundation/Http/Middleware/InvokeDeferredCallbacks->handle(Object(Illuminate/Http/Request), Object(Closure))
#40 F:/xampp/htdocs/adcoupon-platform/vendor/laravel/framework/src/Illuminate/Http/Middleware/ValidatePathEncoding.php(26): Illuminate/Pipeline/Pipeline->Illuminate/Pipeline/{closure}(Object(Illuminate/Http/Request))
#41 F:/xampp/htdocs/adcoupon-platform/vendor/laravel/framework/src/Illuminate/Pipeline/Pipeline.php(219): Illuminate/Http/Middleware/ValidatePathEncoding->handle(Object(Illuminate/Http/Request), Object(Closure))
#42 F:/xampp/htdocs/adcoupon-platform/vendor/laravel/framework/src/Illuminate/Pipeline/Pipeline.php(137): Illuminate/Pipeline/Pipeline->Illuminate/Pipeline/{closure}(Object(Illuminate/Http/Request))
#43 F:/xampp/htdocs/adcoupon-platform/vendor/laravel/framework/src/Illuminate/Foundation/Http/Kernel.php(175): Illuminate/Pipeline/Pipeline->then(Object(Closure))
#44 F:/xampp/htdocs/adcoupon-platform/vendor/laravel/framework/src/Illuminate/Foundation/Http/Kernel.php(144): Illuminate/Foundation/Http/Kernel->sendRequestThroughRouter(Object(Illuminate/Http/Request))
#45 F:/xampp/htdocs/adcoupon-platform/vendor/laravel/framework/src/Illuminate/Foundation/Application.php(1220): Illuminate/Foundation/Http/Kernel->handle(Object(Illuminate/Http/Request))
#46 F:/xampp/htdocs/adcoupon-platform/public/index.php(15): Illuminate/Foundation/Application->handleRequest(Object(Illuminate/Http/Request))
#47 {main}
"} 
[2026-08-10 13:06:54] local.ERROR: No application encryption key has been specified. {"exception":"[object] (Illuminate\\Encryption\\MissingAppKeyException(code: 0): No application encryption key has been specified. at F:/xampp/htdocs/adcoupon-platform/vendor/laravel/framework/src/Illuminate/Encryption/EncryptionServiceProvider.php:83)
[stacktrace]
#0 F:/xampp/htdocs/adcoupon-platform/vendor/laravel/framework/src/Illuminate/Support/helpers.php(393): Illuminate/Encryption/EncryptionServiceProvider->Illuminate/Encryption/{closure}('')
#1 F:/xampp/htdocs/adcoupon-platform/vendor/laravel/framework/src/Illuminate/Encryption/EncryptionServiceProvider.php(81): tap('', Object(Closure))
#2 F:/xampp/htdocs/adcoupon-platform/vendor/laravel/framework/src/Illuminate/Encryption/EncryptionServiceProvider.php(64): Illuminate/Encryption/EncryptionServiceProvider->key(Array)
#3 F:/xampp/htdocs/adcoupon-platform/vendor/laravel/framework/src/Illuminate/Encryption/EncryptionServiceProvider.php(32): Illuminate/Encryption/EncryptionServiceProvider->parseKey(Array)
#4 F:/xampp/htdocs/adcoupon-platform/vendor/laravel/framework/src/Illuminate/Container/Container.php(1115): Illuminate/Encryption/EncryptionServiceProvider->Illuminate/Encryption/{closure}(Object(Illuminate/Foundation/Application), Array)
#5 F:/xampp/htdocs/adcoupon-platform/vendor/laravel/framework/src/Illuminate/Container/Container.php(933): Illuminate/Container/Container->build(Object(Closure))
#6 F:/xampp/htdocs/adcoupon-platform/vendor/laravel/framework/src/Illuminate/Foundation/Application.php(1078): Illuminate/Container/Container->resolve('encrypter', Array, true)
#7 F:/xampp/htdocs/adcoupon-platform/vendor/laravel/framework/src/Illuminate/Container/Container.php(864): Illuminate/Foundation/Application->resolve('encrypter', Array)
#8 F:/xampp/htdocs/adcoupon-platform/vendor/laravel/framework/src/Illuminate/Foundation/Application.php(1058): Illuminate/Container/Container->make('encrypter', Array)
#9 F:/xampp/htdocs/adcoupon-platform/vendor/laravel/framework/src/Illuminate/Container/Container.php(1336): Illuminate/Foundation/Application->make('encrypter')
#10 F:/xampp/htdocs/adcoupon-platform/vendor/laravel/framework/src/Illuminate/Container/Container.php(1237): Illuminate/Container/Container->resolveClass(Object(ReflectionParameter), 'Illuminate//Cont...')
#11 F:/xampp/htdocs/adcoupon-platform/vendor/laravel/framework/src/Illuminate/Container/Container.php(1162): Illuminate/Container/Container->resolveDependencies(Array)
#12 F:/xampp/htdocs/adcoupon-platform/vendor/laravel/framework/src/Illuminate/Container/Container.php(933): Illuminate/Container/Container->build('Illuminate//Cook...')
#13 F:/xampp/htdocs/adcoupon-platform/vendor/laravel/framework/src/Illuminate/Foundation/Application.php(1078): Illuminate/Container/Container->resolve('Illuminate//Cook...', Array, true)
#14 F:/xampp/htdocs/adcoupon-platform/vendor/laravel/framework/src/Illuminate/Container/Container.php(864): Illuminate/Foundation/Application->resolve('Illuminate//Cook...', Array)
#15 F:/xampp/htdocs/adcoupon-platform/vendor/laravel/framework/src/Illuminate/Foundation/Application.php(1058): Illuminate/Container/Container->make('Illuminate//Cook...', Array)
#16 F:/xampp/htdocs/adcoupon-platform/vendor/laravel/framework/src/Illuminate/Foundation/Http/Kernel.php(257): Illuminate/Foundation/Application->make('Illuminate//Cook...')
#17 F:/xampp/htdocs/adcoupon-platform/vendor/laravel/framework/src/Illuminate/Foundation/Http/Kernel.php(215): Illuminate/Foundation/Http/Kernel->terminateMiddleware(Object(Illuminate/Http/Request), Object(Illuminate/Http/Response))
#18 F:/xampp/htdocs/adcoupon-platform/vendor/laravel/framework/src/Illuminate/Foundation/Application.php(1222): Illuminate/Foundation/Http/Kernel->terminate(Object(Illuminate/Http/Request), Object(Illuminate/Http/Response))
#19 F:/xampp/htdocs/adcoupon-platform/public/index.php(15): Illuminate/Foundation/Application->handleRequest(Object(Illuminate/Http/Request))
#20 {main}
"} 
[2026-08-10 13:07:40] local.ERROR: SQLSTATE[42S02]: Base table or view not found: 1146 Table 'adcoupon_platform.sessions' doesn't exist (Connection: mysql, Host: 127.0.0.1, Port: 3306, Database: adcoupon_platform, SQL: select * from `sessions` where `id` = 2pZQ352OWJNoUNYLM5ug3W414xENNA7wnbkI56DK limit 1) {"exception":"[object] (Illuminate\\Database\\QueryException(code: 42S02): SQLSTATE[42S02]: Base table or view not found: 1146 Table 'adcoupon_platform.sessions' doesn't exist (Connection: mysql, Host: 127.0.0.1, Port: 3306, Database: adcoupon_platform, SQL: select * from `sessions` where `id` = 2pZQ352OWJNoUNYLM5ug3W414xENNA7wnbkI56DK limit 1) at F:/xampp/htdocs/adcoupon-platform/vendor/laravel/framework/src/Illuminate/Database/Connection.php:838)
[stacktrace]
#0 F:/xampp/htdocs/adcoupon-platform/vendor/laravel/framework/src/Illuminate/Database/Connection.php(794): Illuminate/Database/Connection->runQueryCallback('select * from `...', Array, Object(Closure))
#1 F:/xampp/htdocs/adcoupon-platform/vendor/laravel/framework/src/Illuminate/Database/Connection.php(411): Illuminate/Database/Connection->run('select * from `...', Array, Object(Closure))
#2 F:/xampp/htdocs/adcoupon-platform/vendor/laravel/framework/src/Illuminate/Database/Query/Builder.php(3505): Illuminate/Database/Connection->select('select * from `...', Array, false)
#3 F:/xampp/htdocs/adcoupon-platform/vendor/laravel/framework/src/Illuminate/Database/Query/Builder.php(3490): Illuminate/Database/Query/Builder->runSelect()
#4 F:/xampp/htdocs/adcoupon-platform/vendor/laravel/framework/src/Illuminate/Database/Query/Builder.php(4080): Illuminate/Database/Query/Builder->Illuminate/Database/Query/{closure}()
#5 F:/xampp/htdocs/adcoupon-platform/vendor/laravel/framework/src/Illuminate/Database/Query/Builder.php(3489): Illuminate/Database/Query/Builder->onceWithColumns(Array, Object(Closure))
#6 F:/xampp/htdocs/adcoupon-platform/vendor/laravel/framework/src/Illuminate/Database/Concerns/BuildsQueries.php(366): Illuminate/Database/Query/Builder->get(Array)
#7 F:/xampp/htdocs/adcoupon-platform/vendor/laravel/framework/src/Illuminate/Database/Query/Builder.php(3412): Illuminate/Database/Query/Builder->first(Array)
#8 F:/xampp/htdocs/adcoupon-platform/vendor/laravel/framework/src/Illuminate/Session/DatabaseSessionHandler.php(96): Illuminate/Database/Query/Builder->find('2pZQ352OWJNoUNY...')
#9 F:/xampp/htdocs/adcoupon-platform/vendor/laravel/framework/src/Illuminate/Session/Store.php(128): Illuminate/Session/DatabaseSessionHandler->read('2pZQ352OWJNoUNY...')
#10 F:/xampp/htdocs/adcoupon-platform/vendor/laravel/framework/src/Illuminate/Session/Store.php(116): Illuminate/Session/Store->readFromHandler()
#11 F:/xampp/htdocs/adcoupon-platform/vendor/laravel/framework/src/Illuminate/Session/Store.php(100): Illuminate/Session/Store->loadSession()
#12 F:/xampp/htdocs/adcoupon-platform/vendor/laravel/framework/src/Illuminate/Session/Middleware/StartSession.php(146): Illuminate/Session/Store->start()
#13 F:/xampp/htdocs/adcoupon-platform/vendor/laravel/framework/src/Illuminate/Support/helpers.php(393): Illuminate/Session/Middleware/StartSession->Illuminate/Session/Middleware/{closure}(Object(Illuminate/Session/Store))
#14 F:/xampp/htdocs/adcoupon-platform/vendor/laravel/framework/src/Illuminate/Session/Middleware/StartSession.php(143): tap(Object(Illuminate/Session/Store), Object(Closure))
#15 F:/xampp/htdocs/adcoupon-platform/vendor/laravel/framework/src/Illuminate/Session/Middleware/StartSession.php(115): Illuminate/Session/Middleware/StartSession->startSession(Object(Illuminate/Http/Request), Object(Illuminate/Session/Store))
#16 F:/xampp/htdocs/adcoupon-platform/vendor/laravel/framework/src/Illuminate/Session/Middleware/StartSession.php(63): Illuminate/Session/Middleware/StartSession->handleStatefulRequest(Object(Illuminate/Http/Request), Object(Illuminate/Session/Store), Object(Closure))
#17 F:/xampp/htdocs/adcoupon-platform/vendor/laravel/framework/src/Illuminate/Pipeline/Pipeline.php(219): Illuminate/Session/Middleware/StartSession->handle(Object(Illuminate/Http/Request), Object(Closure))
#18 F:/xampp/htdocs/adcoupon-platform/vendor/laravel/framework/src/Illuminate/Cookie/Middleware/AddQueuedCookiesToResponse.php(36): Illuminate/Pipeline/Pipeline->Illuminate/Pipeline/{closure}(Object(Illuminate/Http/Request))
#19 F:/xampp/htdocs/adcoupon-platform/vendor/laravel/framework/src/Illuminate/Pipeline/Pipeline.php(219): Illuminate/Cookie/Middleware/AddQueuedCookiesToResponse->handle(Object(Illuminate/Http/Request), Object(Closure))
#20 F:/xampp/htdocs/adcoupon-platform/vendor/laravel/framework/src/Illuminate/Cookie/Middleware/EncryptCookies.php(74): Illuminate/Pipeline/Pipeline->Illuminate/Pipeline/{closure}(Object(Illuminate/Http/Request))
#21 F:/xampp/htdocs/adcoupon-platform/vendor/laravel/framework/src/Illuminate/Pipeline/Pipeline.php(219): Illuminate/Cookie/Middleware/EncryptCookies->handle(Object(Illuminate/Http/Request), Object(Closure))
#22 F:/xampp/htdocs/adcoupon-platform/vendor/laravel/framework/src/Illuminate/Pipeline/Pipeline.php(137): Illuminate/Pipeline/Pipeline->Illuminate/Pipeline/{closure}(Object(Illuminate/Http/Request))
#23 F:/xampp/htdocs/adcoupon-platform/vendor/laravel/framework/src/Illuminate/Routing/Router.php(821): Illuminate/Pipeline/Pipeline->then(Object(Closure))
#24 F:/xampp/htdocs/adcoupon-platform/vendor/laravel/framework/src/Illuminate/Routing/Router.php(800): Illuminate/Routing/Router->runRouteWithinStack(Object(Illuminate/Routing/Route), Object(Illuminate/Http/Request))
#25 F:/xampp/htdocs/adcoupon-platform/vendor/laravel/framework/src/Illuminate/Routing/Router.php(764): Illuminate/Routing/Router->runRoute(Object(Illuminate/Http/Request), Object(Illuminate/Routing/Route))
#26 F:/xampp/htdocs/adcoupon-platform/vendor/laravel/framework/src/Illuminate/Routing/Router.php(753): Illuminate/Routing/Router->dispatchToRoute(Object(Illuminate/Http/Request))
#27 F:/xampp/htdocs/adcoupon-platform/vendor/laravel/framework/src/Illuminate/Foundation/Http/Kernel.php(200): Illuminate/Routing/Router->dispatch(Object(Illuminate/Http/Request))
#28 F:/xampp/htdocs/adcoupon-platform/vendor/laravel/framework/src/Illuminate/Pipeline/Pipeline.php(180): Illuminate/Foundation/Http/Kernel->Illuminate/Foundation/Http/{closure}(Object(Illuminate/Http/Request))
#29 F:/xampp/htdocs/adcoupon-platform/vendor/laravel/framework/src/Illuminate/Foundation/Http/Middleware/TransformsRequest.php(21): Illuminate/Pipeline/Pipeline->Illuminate/Pipeline/{closure}(Object(Illuminate/Http/Request))
#30 F:/xampp/htdocs/adcoupon-platform/vendor/laravel/framework/src/Illuminate/Foundation/Http/Middleware/ConvertEmptyStringsToNull.php(31): Illuminate/Foundation/Http/Middleware/TransformsRequest->handle(Object(Illuminate/Http/Request), Object(Closure))
#31 F:/xampp/htdocs/adcoupon-platform/vendor/laravel/framework/src/Illuminate/Pipeline/Pipeline.php(219): Illuminate/Foundation/Http/Middleware/ConvertEmptyStringsToNull->handle(Object(Illuminate/Http/Request), Object(Closure))
#32 F:/xampp/htdocs/adcoupon-platform/vendor/laravel/framework/src/Illuminate/Foundation/Http/Middleware/TransformsRequest.php(21): Illuminate/Pipeline/Pipeline->Illuminate/Pipeline/{closure}(Object(Illuminate/Http/Request))
#33 F:/xampp/htdocs/adcoupon-platform/vendor/laravel/framework/src/Illuminate/Foundation/Http/Middleware/TrimStrings.php(51): Illuminate/Foundation/Http/Middleware/TransformsRequest->handle(Object(Illuminate/Http/Request), Object(Closure))
#34 F:/xampp/htdocs/adcoupon-platform/vendor/laravel/framework/src/Illuminate/Pipeline/Pipeline.php(219): Illuminate/Foundation/Http/Middleware/TrimStrings->handle(Object(Illuminate/Http/Request), Object(Closure))
#35 F:/xampp/htdocs/adcoupon-platform/vendor/laravel/framework/src/Illuminate/Http/Middleware/ValidatePostSize.php(27): Illuminate/Pipeline/Pipeline->Illuminate/Pipeline/{closure}(Object(Illuminate/Http/Request))
#36 F:/xampp/htdocs/adcoupon-platform/vendor/laravel/framework/src/Illuminate/Pipeline/Pipeline.php(219): Illuminate/Http/Middleware/ValidatePostSize->handle(Object(Illuminate/Http/Request), Object(Closure))
#37 F:/xampp/htdocs/adcoupon-platform/vendor/laravel/framework/src/Illuminate/Foundation/Http/Middleware/PreventRequestsDuringMaintenance.php(109): Illuminate/Pipeline/Pipeline->Illuminate/Pipeline/{closure}(Object(Illuminate/Http/Request))
#38 F:/xampp/htdocs/adcoupon-platform/vendor/laravel/framework/src/Illuminate/Pipeline/Pipeline.php(219): Illuminate/Foundation/Http/Middleware/PreventRequestsDuringMaintenance->handle(Object(Illuminate/Http/Request), Object(Closure))
#39 F:/xampp/htdocs/adcoupon-platform/vendor/laravel/framework/src/Illuminate/Http/Middleware/HandleCors.php(61): Illuminate/Pipeline/Pipeline->Illuminate/Pipeline/{closure}(Object(Illuminate/Http/Request))
#40 F:/xampp/htdocs/adcoupon-platform/vendor/laravel/framework/src/Illuminate/Pipeline/Pipeline.php(219): Illuminate/Http/Middleware/HandleCors->handle(Object(Illuminate/Http/Request), Object(Closure))
#41 F:/xampp/htdocs/adcoupon-platform/vendor/laravel/framework/src/Illuminate/Http/Middleware/TrustProxies.php(58): Illuminate/Pipeline/Pipeline->Illuminate/Pipeline/{closure}(Object(Illuminate/Http/Request))
#42 F:/xampp/htdocs/adcoupon-platform/vendor/laravel/framework/src/Illuminate/Pipeline/Pipeline.php(219): Illuminate/Http/Middleware/TrustProxies->handle(Object(Illuminate/Http/Request), Object(Closure))
#43 F:/xampp/htdocs/adcoupon-platform/vendor/laravel/framework/src/Illuminate/Foundation/Http/Middleware/InvokeDeferredCallbacks.php(22): Illuminate/Pipeline/Pipeline->Illuminate/Pipeline/{closure}(Object(Illuminate/Http/Request))
#44 F:/xampp/htdocs/adcoupon-platform/vendor/laravel/framework/src/Illuminate/Pipeline/Pipeline.php(219): Illuminate/Foundation/Http/Middleware/InvokeDeferredCallbacks->handle(Object(Illuminate/Http/Request), Object(Closure))
#45 F:/xampp/htdocs/adcoupon-platform/vendor/laravel/framework/src/Illuminate/Http/Middleware/ValidatePathEncoding.php(26): Illuminate/Pipeline/Pipeline->Illuminate/Pipeline/{closure}(Object(Illuminate/Http/Request))
#46 F:/xampp/htdocs/adcoupon-platform/vendor/laravel/framework/src/Illuminate/Pipeline/Pipeline.php(219): Illuminate/Http/Middleware/ValidatePathEncoding->handle(Object(Illuminate/Http/Request), Object(Closure))
#47 F:/xampp/htdocs/adcoupon-platform/vendor/laravel/framework/src/Illuminate/Pipeline/Pipeline.php(137): Illuminate/Pipeline/Pipeline->Illuminate/Pipeline/{closure}(Object(Illuminate/Http/Request))
#48 F:/xampp/htdocs/adcoupon-platform/vendor/laravel/framework/src/Illuminate/Foundation/Http/Kernel.php(175): Illuminate/Pipeline/Pipeline->then(Object(Closure))
#49 F:/xampp/htdocs/adcoupon-platform/vendor/laravel/framework/src/Illuminate/Foundation/Http/Kernel.php(144): Illuminate/Foundation/Http/Kernel->sendRequestThroughRouter(Object(Illuminate/Http/Request))
#50 F:/xampp/htdocs/adcoupon-platform/vendor/laravel/framework/src/Illuminate/Foundation/Application.php(1220): Illuminate/Foundation/Http/Kernel->handle(Object(Illuminate/Http/Request))
#51 F:/xampp/htdocs/adcoupon-platform/public/index.php(15): Illuminate/Foundation/Application->handleRequest(Object(Illuminate/Http/Request))
#52 {main}

[previous exception] [object] (PDOException(code: 42S02): SQLSTATE[42S02]: Base table or view not found: 1146 Table 'adcoupon_platform.sessions' doesn't exist at F:/xampp/htdocs/adcoupon-platform/vendor/laravel/framework/src/Illuminate/Database/Connection.php:420)
[stacktrace]
#0 F:/xampp/htdocs/adcoupon-platform/vendor/laravel/framework/src/Illuminate/Database/Connection.php(420): PDO->prepare('select * from `...')
#1 F:/xampp/htdocs/adcoupon-platform/vendor/laravel/framework/src/Illuminate/Database/Connection.php(827): Illuminate/Database/Connection->Illuminate/Database/{closure}('select * from `...', Array)
#2 F:/xampp/htdocs/adcoupon-platform/vendor/laravel/framework/src/Illuminate/Database/Connection.php(794): Illuminate/Database/Connection->runQueryCallback('select * from `...', Array, Object(Closure))
#3 F:/xampp/htdocs/adcoupon-platform/vendor/laravel/framework/src/Illuminate/Database/Connection.php(411): Illuminate/Database/Connection->run('select * from `...', Array, Object(Closure))
#4 F:/xampp/htdocs/adcoupon-platform/vendor/laravel/framework/src/Illuminate/Database/Query/Builder.php(3505): Illuminate/Database/Connection->select('select * from `...', Array, false)
#5 F:/xampp/htdocs/adcoupon-platform/vendor/laravel/framework/src/Illuminate/Database/Query/Builder.php(3490): Illuminate/Database/Query/Builder->runSelect()
#6 F:/xampp/htdocs/adcoupon-platform/vendor/laravel/framework/src/Illuminate/Database/Query/Builder.php(4080): Illuminate/Database/Query/Builder->Illuminate/Database/Query/{closure}()
#7 F:/xampp/htdocs/adcoupon-platform/vendor/laravel/framework/src/Illuminate/Database/Query/Builder.php(3489): Illuminate/Database/Query/Builder->onceWithColumns(Array, Object(Closure))
#8 F:/xampp/htdocs/adcoupon-platform/vendor/laravel/framework/src/Illuminate/Database/Concerns/BuildsQueries.php(366): Illuminate/Database/Query/Builder->get(Array)
#9 F:/xampp/htdocs/adcoupon-platform/vendor/laravel/framework/src/Illuminate/Database/Query/Builder.php(3412): Illuminate/Database/Query/Builder->first(Array)
#10 F:/xampp/htdocs/adcoupon-platform/vendor/laravel/framework/src/Illuminate/Session/DatabaseSessionHandler.php(96): Illuminate/Database/Query/Builder->find('2pZQ352OWJNoUNY...')
#11 F:/xampp/htdocs/adcoupon-platform/vendor/laravel/framework/src/Illuminate/Session/Store.php(128): Illuminate/Session/DatabaseSessionHandler->read('2pZQ352OWJNoUNY...')
#12 F:/xampp/htdocs/adcoupon-platform/vendor/laravel/framework/src/Illuminate/Session/Store.php(116): Illuminate/Session/Store->readFromHandler()
#13 F:/xampp/htdocs/adcoupon-platform/vendor/laravel/framework/src/Illuminate/Session/Store.php(100): Illuminate/Session/Store->loadSession()
#14 F:/xampp/htdocs/adcoupon-platform/vendor/laravel/framework/src/Illuminate/Session/Middleware/StartSession.php(146): Illuminate/Session/Store->start()
#15 F:/xampp/htdocs/adcoupon-platform/vendor/laravel/framework/src/Illuminate/Support/helpers.php(393): Illuminate/Session/Middleware/StartSession->Illuminate/Session/Middleware/{closure}(Object(Illuminate/Session/Store))
#16 F:/xampp/htdocs/adcoupon-platform/vendor/laravel/framework/src/Illuminate/Session/Middleware/StartSession.php(143): tap(Object(Illuminate/Session/Store), Object(Closure))
#17 F:/xampp/htdocs/adcoupon-platform/vendor/laravel/framework/src/Illuminate/Session/Middleware/StartSession.php(115): Illuminate/Session/Middleware/StartSession->startSession(Object(Illuminate/Http/Request), Object(Illuminate/Session/Store))
#18 F:/xampp/htdocs/adcoupon-platform/vendor/laravel/framework/src/Illuminate/Session/Middleware/StartSession.php(63): Illuminate/Session/Middleware/StartSession->handleStatefulRequest(Object(Illuminate/Http/Request), Object(Illuminate/Session/Store), Object(Closure))
#19 F:/xampp/htdocs/adcoupon-platform/vendor/laravel/framework/src/Illuminate/Pipeline/Pipeline.php(219): Illuminate/Session/Middleware/StartSession->handle(Object(Illuminate/Http/Request), Object(Closure))
#20 F:/xampp/htdocs/adcoupon-platform/vendor/laravel/framework/src/Illuminate/Cookie/Middleware/AddQueuedCookiesToResponse.php(36): Illuminate/Pipeline/Pipeline->Illuminate/Pipeline/{closure}(Object(Illuminate/Http/Request))
#21 F:/xampp/htdocs/adcoupon-platform/vendor/laravel/framework/src/Illuminate/Pipeline/Pipeline.php(219): Illuminate/Cookie/Middleware/AddQueuedCookiesToResponse->handle(Object(Illuminate/Http/Request), Object(Closure))
#22 F:/xampp/htdocs/adcoupon-platform/vendor/laravel/framework/src/Illuminate/Cookie/Middleware/EncryptCookies.php(74): Illuminate/Pipeline/Pipeline->Illuminate/Pipeline/{closure}(Object(Illuminate/Http/Request))
#23 F:/xampp/htdocs/adcoupon-platform/vendor/laravel/framework/src/Illuminate/Pipeline/Pipeline.php(219): Illuminate/Cookie/Middleware/EncryptCookies->handle(Object(Illuminate/Http/Request), Object(Closure))
#24 F:/xampp/htdocs/adcoupon-platform/vendor/laravel/framework/src/Illuminate/Pipeline/Pipeline.php(137): Illuminate/Pipeline/Pipeline->Illuminate/Pipeline/{closure}(Object(Illuminate/Http/Request))
#25 F:/xampp/htdocs/adcoupon-platform/vendor/laravel/framework/src/Illuminate/Routing/Router.php(821): Illuminate/Pipeline/Pipeline->then(Object(Closure))
#26 F:/xampp/htdocs/adcoupon-platform/vendor/laravel/framework/src/Illuminate/Routing/Router.php(800): Illuminate/Routing/Router->runRouteWithinStack(Object(Illuminate/Routing/Route), Object(Illuminate/Http/Request))
#27 F:/xampp/htdocs/adcoupon-platform/vendor/laravel/framework/src/Illuminate/Routing/Router.php(764): Illuminate/Routing/Router->runRoute(Object(Illuminate/Http/Request), Object(Illuminate/Routing/Route))
#28 F:/xampp/htdocs/adcoupon-platform/vendor/laravel/framework/src/Illuminate/Routing/Router.php(753): Illuminate/Routing/Router->dispatchToRoute(Object(Illuminate/Http/Request))
#29 F:/xampp/htdocs/adcoupon-platform/vendor/laravel/framework/src/Illuminate/Foundation/Http/Kernel.php(200): Illuminate/Routing/Router->dispatch(Object(Illuminate/Http/Request))
#30 F:/xampp/htdocs/adcoupon-platform/vendor/laravel/framework/src/Illuminate/Pipeline/Pipeline.php(180): Illuminate/Foundation/Http/Kernel->Illuminate/Foundation/Http/{closure}(Object(Illuminate/Http/Request))
#31 F:/xampp/htdocs/adcoupon-platform/vendor/laravel/framework/src/Illuminate/Foundation/Http/Middleware/TransformsRequest.php(21): Illuminate/Pipeline/Pipeline->Illuminate/Pipeline/{closure}(Object(Illuminate/Http/Request))
#32 F:/xampp/htdocs/adcoupon-platform/vendor/laravel/framework/src/Illuminate/Foundation/Http/Middleware/ConvertEmptyStringsToNull.php(31): Illuminate/Foundation/Http/Middleware/TransformsRequest->handle(Object(Illuminate/Http/Request), Object(Closure))
#33 F:/xampp/htdocs/adcoupon-platform/vendor/laravel/framework/src/Illuminate/Pipeline/Pipeline.php(219): Illuminate/Foundation/Http/Middleware/ConvertEmptyStringsToNull->handle(Object(Illuminate/Http/Request), Object(Closure))
#34 F:/xampp/htdocs/adcoupon-platform/vendor/laravel/framework/src/Illuminate/Foundation/Http/Middleware/TransformsRequest.php(21): Illuminate/Pipeline/Pipeline->Illuminate/Pipeline/{closure}(Object(Illuminate/Http/Request))
#35 F:/xampp/htdocs/adcoupon-platform/vendor/laravel/framework/src/Illuminate/Foundation/Http/Middleware/TrimStrings.php(51): Illuminate/Foundation/Http/Middleware/TransformsRequest->handle(Object(Illuminate/Http/Request), Object(Closure))
#36 F:/xampp/htdocs/adcoupon-platform/vendor/laravel/framework/src/Illuminate/Pipeline/Pipeline.php(219): Illuminate/Foundation/Http/Middleware/TrimStrings->handle(Object(Illuminate/Http/Request), Object(Closure))
#37 F:/xampp/htdocs/adcoupon-platform/vendor/laravel/framework/src/Illuminate/Http/Middleware/ValidatePostSize.php(27): Illuminate/Pipeline/Pipeline->Illuminate/Pipeline/{closure}(Object(Illuminate/Http/Request))
#38 F:/xampp/htdocs/adcoupon-platform/vendor/laravel/framework/src/Illuminate/Pipeline/Pipeline.php(219): Illuminate/Http/Middleware/ValidatePostSize->handle(Object(Illuminate/Http/Request), Object(Closure))
#39 F:/xampp/htdocs/adcoupon-platform/vendor/laravel/framework/src/Illuminate/Foundation/Http/Middleware/PreventRequestsDuringMaintenance.php(109): Illuminate/Pipeline/Pipeline->Illuminate/Pipeline/{closure}(Object(Illuminate/Http/Request))
#40 F:/xampp/htdocs/adcoupon-platform/vendor/laravel/framework/src/Illuminate/Pipeline/Pipeline.php(219): Illuminate/Foundation/Http/Middleware/PreventRequestsDuringMaintenance->handle(Object(Illuminate/Http/Request), Object(Closure))
#41 F:/xampp/htdocs/adcoupon-platform/vendor/laravel/framework/src/Illuminate/Http/Middleware/HandleCors.php(61): Illuminate/Pipeline/Pipeline->Illuminate/Pipeline/{closure}(Object(Illuminate/Http/Request))
#42 F:/xampp/htdocs/adcoupon-platform/vendor/laravel/framework/src/Illuminate/Pipeline/Pipeline.php(219): Illuminate/Http/Middleware/HandleCors->handle(Object(Illuminate/Http/Request), Object(Closure))
#43 F:/xampp/htdocs/adcoupon-platform/vendor/laravel/framework/src/Illuminate/Http/Middleware/TrustProxies.php(58): Illuminate/Pipeline/Pipeline->Illuminate/Pipeline/{closure}(Object(Illuminate/Http/Request))
#44 F:/xampp/htdocs/adcoupon-platform/vendor/laravel/framework/src/Illuminate/Pipeline/Pipeline.php(219): Illuminate/Http/Middleware/TrustProxies->handle(Object(Illuminate/Http/Request), Object(Closure))
#45 F:/xampp/htdocs/adcoupon-platform/vendor/laravel/framework/src/Illuminate/Foundation/Http/Middleware/InvokeDeferredCallbacks.php(22): Illuminate/Pipeline/Pipeline->Illuminate/Pipeline/{closure}(Object(Illuminate/Http/Request))
#46 F:/xampp/htdocs/adcoupon-platform/vendor/laravel/framework/src/Illuminate/Pipeline/Pipeline.php(219): Illuminate/Foundation/Http/Middleware/InvokeDeferredCallbacks->handle(Object(Illuminate/Http/Request), Object(Closure))
#47 F:/xampp/htdocs/adcoupon-platform/vendor/laravel/framework/src/Illuminate/Http/Middleware/ValidatePathEncoding.php(26): Illuminate/Pipeline/Pipeline->Illuminate/Pipeline/{closure}(Object(Illuminate/Http/Request))
#48 F:/xampp/htdocs/adcoupon-platform/vendor/laravel/framework/src/Illuminate/Pipeline/Pipeline.php(219): Illuminate/Http/Middleware/ValidatePathEncoding->handle(Object(Illuminate/Http/Request), Object(Closure))
#49 F:/xampp/htdocs/adcoupon-platform/vendor/laravel/framework/src/Illuminate/Pipeline/Pipeline.php(137): Illuminate/Pipeline/Pipeline->Illuminate/Pipeline/{closure}(Object(Illuminate/Http/Request))
#50 F:/xampp/htdocs/adcoupon-platform/vendor/laravel/framework/src/Illuminate/Foundation/Http/Kernel.php(175): Illuminate/Pipeline/Pipeline->then(Object(Closure))
#51 F:/xampp/htdocs/adcoupon-platform/vendor/laravel/framework/src/Illuminate/Foundation/Http/Kernel.php(144): Illuminate/Foundation/Http/Kernel->sendRequestThroughRouter(Object(Illuminate/Http/Request))
#52 F:/xampp/htdocs/adcoupon-platform/vendor/laravel/framework/src/Illuminate/Foundation/Application.php(1220): Illuminate/Foundation/Http/Kernel->handle(Object(Illuminate/Http/Request))
#53 F:/xampp/htdocs/adcoupon-platform/public/index.php(15): Illuminate/Foundation/Application->handleRequest(Object(Illuminate/Http/Request))
#54 {main}
"} 
[2026-08-10 13:13:45] local.ERROR: App\Repositories\OfferRepository::performance(): Return value must be of type Illuminate\Database\Eloquent\Collection, Illuminate\Support\Collection returned {"userId":1,"exception":"[object] (TypeError(code: 0): App\\Repositories\\OfferRepository::performance(): Return value must be of type Illuminate\\Database\\Eloquent\\Collection, Illuminate\\Support\\Collection returned at F:/xampp/htdocs/adcoupon-platform/app/Repositories/OfferRepository.php:88)
[stacktrace]
#0 F:/xampp/htdocs/adcoupon-platform/app/Services/AnalyticsService.php(46): App/Repositories/OfferRepository->performance()
#1 F:/xampp/htdocs/adcoupon-platform/app/Http/Controllers/Admin/DashboardController.php(16): App/Services/AnalyticsService->dashboard()
#2 F:/xampp/htdocs/adcoupon-platform/vendor/laravel/framework/src/Illuminate/Routing/ControllerDispatcher.php(46): App/Http/Controllers/Admin/DashboardController->__invoke()
#3 F:/xampp/htdocs/adcoupon-platform/vendor/laravel/framework/src/Illuminate/Routing/Route.php(265): Illuminate/Routing/ControllerDispatcher->dispatch(Object(Illuminate/Routing/Route), Object(App/Http/Controllers/Admin/DashboardController), '__invoke')
#4 F:/xampp/htdocs/adcoupon-platform/vendor/laravel/framework/src/Illuminate/Routing/Route.php(211): Illuminate/Routing/Route->runController()
#5 F:/xampp/htdocs/adcoupon-platform/vendor/laravel/framework/src/Illuminate/Routing/Router.php(822): Illuminate/Routing/Route->run()
#6 F:/xampp/htdocs/adcoupon-platform/vendor/laravel/framework/src/Illuminate/Pipeline/Pipeline.php(180): Illuminate/Routing/Router->Illuminate/Routing/{closure}(Object(Illuminate/Http/Request))
#7 F:/xampp/htdocs/adcoupon-platform/vendor/laravel/framework/src/Illuminate/Routing/Middleware/SubstituteBindings.php(50): Illuminate/Pipeline/Pipeline->Illuminate/Pipeline/{closure}(Object(Illuminate/Http/Request))
#8 F:/xampp/htdocs/adcoupon-platform/vendor/laravel/framework/src/Illuminate/Pipeline/Pipeline.php(219): Illuminate/Routing/Middleware/SubstituteBindings->handle(Object(Illuminate/Http/Request), Object(Closure))
#9 F:/xampp/htdocs/adcoupon-platform/vendor/laravel/framework/src/Illuminate/Auth/Middleware/Authenticate.php(63): Illuminate/Pipeline/Pipeline->Illuminate/Pipeline/{closure}(Object(Illuminate/Http/Request))
#10 F:/xampp/htdocs/adcoupon-platform/vendor/laravel/framework/src/Illuminate/Pipeline/Pipeline.php(219): Illuminate/Auth/Middleware/Authenticate->handle(Object(Illuminate/Http/Request), Object(Closure))
#11 F:/xampp/htdocs/adcoupon-platform/vendor/laravel/framework/src/Illuminate/Foundation/Http/Middleware/VerifyCsrfToken.php(87): Illuminate/Pipeline/Pipeline->Illuminate/Pipeline/{closure}(Object(Illuminate/Http/Request))
#12 F:/xampp/htdocs/adcoupon-platform/vendor/laravel/framework/src/Illuminate/Pipeline/Pipeline.php(219): Illuminate/Foundation/Http/Middleware/VerifyCsrfToken->handle(Object(Illuminate/Http/Request), Object(Closure))
#13 F:/xampp/htdocs/adcoupon-platform/vendor/laravel/framework/src/Illuminate/View/Middleware/ShareErrorsFromSession.php(48): Illuminate/Pipeline/Pipeline->Illuminate/Pipeline/{closure}(Object(Illuminate/Http/Request))
#14 F:/xampp/htdocs/adcoupon-platform/vendor/laravel/framework/src/Illuminate/Pipeline/Pipeline.php(219): Illuminate/View/Middleware/ShareErrorsFromSession->handle(Object(Illuminate/Http/Request), Object(Closure))
#15 F:/xampp/htdocs/adcoupon-platform/vendor/laravel/framework/src/Illuminate/Session/Middleware/StartSession.php(120): Illuminate/Pipeline/Pipeline->Illuminate/Pipeline/{closure}(Object(Illuminate/Http/Request))
#16 F:/xampp/htdocs/adcoupon-platform/vendor/laravel/framework/src/Illuminate/Session/Middleware/StartSession.php(63): Illuminate/Session/Middleware/StartSession->handleStatefulRequest(Object(Illuminate/Http/Request), Object(Illuminate/Session/Store), Object(Closure))
#17 F:/xampp/htdocs/adcoupon-platform/vendor/laravel/framework/src/Illuminate/Pipeline/Pipeline.php(219): Illuminate/Session/Middleware/StartSession->handle(Object(Illuminate/Http/Request), Object(Closure))
#18 F:/xampp/htdocs/adcoupon-platform/vendor/laravel/framework/src/Illuminate/Cookie/Middleware/AddQueuedCookiesToResponse.php(36): Illuminate/Pipeline/Pipeline->Illuminate/Pipeline/{closure}(Object(Illuminate/Http/Request))
#19 F:/xampp/htdocs/adcoupon-platform/vendor/laravel/framework/src/Illuminate/Pipeline/Pipeline.php(219): Illuminate/Cookie/Middleware/AddQueuedCookiesToResponse->handle(Object(Illuminate/Http/Request), Object(Closure))
#20 F:/xampp/htdocs/adcoupon-platform/vendor/laravel/framework/src/Illuminate/Cookie/Middleware/EncryptCookies.php(74): Illuminate/Pipeline/Pipeline->Illuminate/Pipeline/{closure}(Object(Illuminate/Http/Request))
#21 F:/xampp/htdocs/adcoupon-platform/vendor/laravel/framework/src/Illuminate/Pipeline/Pipeline.php(219): Illuminate/Cookie/Middleware/EncryptCookies->handle(Object(Illuminate/Http/Request), Object(Closure))
#22 F:/xampp/htdocs/adcoupon-platform/vendor/laravel/framework/src/Illuminate/Pipeline/Pipeline.php(137): Illuminate/Pipeline/Pipeline->Illuminate/Pipeline/{closure}(Object(Illuminate/Http/Request))
#23 F:/xampp/htdocs/adcoupon-platform/vendor/laravel/framework/src/Illuminate/Routing/Router.php(821): Illuminate/Pipeline/Pipeline->then(Object(Closure))
#24 F:/xampp/htdocs/adcoupon-platform/vendor/laravel/framework/src/Illuminate/Routing/Router.php(800): Illuminate/Routing/Router->runRouteWithinStack(Object(Illuminate/Routing/Route), Object(Illuminate/Http/Request))
#25 F:/xampp/htdocs/adcoupon-platform/vendor/laravel/framework/src/Illuminate/Routing/Router.php(764): Illuminate/Routing/Router->runRoute(Object(Illuminate/Http/Request), Object(Illuminate/Routing/Route))
#26 F:/xampp/htdocs/adcoupon-platform/vendor/laravel/framework/src/Illuminate/Routing/Router.php(753): Illuminate/Routing/Router->dispatchToRoute(Object(Illuminate/Http/Request))
#27 F:/xampp/htdocs/adcoupon-platform/vendor/laravel/framework/src/Illuminate/Foundation/Http/Kernel.php(200): Illuminate/Routing/Router->dispatch(Object(Illuminate/Http/Request))
#28 F:/xampp/htdocs/adcoupon-platform/vendor/laravel/framework/src/Illuminate/Pipeline/Pipeline.php(180): Illuminate/Foundation/Http/Kernel->Illuminate/Foundation/Http/{closure}(Object(Illuminate/Http/Request))
#29 F:/xampp/htdocs/adcoupon-platform/vendor/laravel/framework/src/Illuminate/Foundation/Http/Middleware/TransformsRequest.php(21): Illuminate/Pipeline/Pipeline->Illuminate/Pipeline/{closure}(Object(Illuminate/Http/Request))
#30 F:/xampp/htdocs/adcoupon-platform/vendor/laravel/framework/src/Illuminate/Foundation/Http/Middleware/ConvertEmptyStringsToNull.php(31): Illuminate/Foundation/Http/Middleware/TransformsRequest->handle(Object(Illuminate/Http/Request), Object(Closure))
#31 F:/xampp/htdocs/adcoupon-platform/vendor/laravel/framework/src/Illuminate/Pipeline/Pipeline.php(219): Illuminate/Foundation/Http/Middleware/ConvertEmptyStringsToNull->handle(Object(Illuminate/Http/Request), Object(Closure))
#32 F:/xampp/htdocs/adcoupon-platform/vendor/laravel/framework/src/Illuminate/Foundation/Http/Middleware/TransformsRequest.php(21): Illuminate/Pipeline/Pipeline->Illuminate/Pipeline/{closure}(Object(Illuminate/Http/Request))
#33 F:/xampp/htdocs/adcoupon-platform/vendor/laravel/framework/src/Illuminate/Foundation/Http/Middleware/TrimStrings.php(51): Illuminate/Foundation/Http/Middleware/TransformsRequest->handle(Object(Illuminate/Http/Request), Object(Closure))
#34 F:/xampp/htdocs/adcoupon-platform/vendor/laravel/framework/src/Illuminate/Pipeline/Pipeline.php(219): Illuminate/Foundation/Http/Middleware/TrimStrings->handle(Object(Illuminate/Http/Request), Object(Closure))
#35 F:/xampp/htdocs/adcoupon-platform/vendor/laravel/framework/src/Illuminate/Http/Middleware/ValidatePostSize.php(27): Illuminate/Pipeline/Pipeline->Illuminate/Pipeline/{closure}(Object(Illuminate/Http/Request))
#36 F:/xampp/htdocs/adcoupon-platform/vendor/laravel/framework/src/Illuminate/Pipeline/Pipeline.php(219): Illuminate/Http/Middleware/ValidatePostSize->handle(Object(Illuminate/Http/Request), Object(Closure))
#37 F:/xampp/htdocs/adcoupon-platform/vendor/laravel/framework/src/Illuminate/Foundation/Http/Middleware/PreventRequestsDuringMaintenance.php(109): Illuminate/Pipeline/Pipeline->Illuminate/Pipeline/{closure}(Object(Illuminate/Http/Request))
#38 F:/xampp/htdocs/adcoupon-platform/vendor/laravel/framework/src/Illuminate/Pipeline/Pipeline.php(219): Illuminate/Foundation/Http/Middleware/PreventRequestsDuringMaintenance->handle(Object(Illuminate/Http/Request), Object(Closure))
#39 F:/xampp/htdocs/adcoupon-platform/vendor/laravel/framework/src/Illuminate/Http/Middleware/HandleCors.php(61): Illuminate/Pipeline/Pipeline->Illuminate/Pipeline/{closure}(Object(Illuminate/Http/Request))
#40 F:/xampp/htdocs/adcoupon-platform/vendor/laravel/framework/src/Illuminate/Pipeline/Pipeline.php(219): Illuminate/Http/Middleware/HandleCors->handle(Object(Illuminate/Http/Request), Object(Closure))
#41 F:/xampp/htdocs/adcoupon-platform/vendor/laravel/framework/src/Illuminate/Http/Middleware/TrustProxies.php(58): Illuminate/Pipeline/Pipeline->Illuminate/Pipeline/{closure}(Object(Illuminate/Http/Request))
#42 F:/xampp/htdocs/adcoupon-platform/vendor/laravel/framework/src/Illuminate/Pipeline/Pipeline.php(219): Illuminate/Http/Middleware/TrustProxies->handle(Object(Illuminate/Http/Request), Object(Closure))
#43 F:/xampp/htdocs/adcoupon-platform/vendor/laravel/framework/src/Illuminate/Foundation/Http/Middleware/InvokeDeferredCallbacks.php(22): Illuminate/Pipeline/Pipeline->Illuminate/Pipeline/{closure}(Object(Illuminate/Http/Request))
#44 F:/xampp/htdocs/adcoupon-platform/vendor/laravel/framework/src/Illuminate/Pipeline/Pipeline.php(219): Illuminate/Foundation/Http/Middleware/InvokeDeferredCallbacks->handle(Object(Illuminate/Http/Request), Object(Closure))
#45 F:/xampp/htdocs/adcoupon-platform/vendor/laravel/framework/src/Illuminate/Http/Middleware/ValidatePathEncoding.php(26): Illuminate/Pipeline/Pipeline->Illuminate/Pipeline/{closure}(Object(Illuminate/Http/Request))
#46 F:/xampp/htdocs/adcoupon-platform/vendor/laravel/framework/src/Illuminate/Pipeline/Pipeline.php(219): Illuminate/Http/Middleware/ValidatePathEncoding->handle(Object(Illuminate/Http/Request), Object(Closure))
#47 F:/xampp/htdocs/adcoupon-platform/vendor/laravel/framework/src/Illuminate/Pipeline/Pipeline.php(137): Illuminate/Pipeline/Pipeline->Illuminate/Pipeline/{closure}(Object(Illuminate/Http/Request))
#48 F:/xampp/htdocs/adcoupon-platform/vendor/laravel/framework/src/Illuminate/Foundation/Http/Kernel.php(175): Illuminate/Pipeline/Pipeline->then(Object(Closure))
#49 F:/xampp/htdocs/adcoupon-platform/vendor/laravel/framework/src/Illuminate/Foundation/Http/Kernel.php(144): Illuminate/Foundation/Http/Kernel->sendRequestThroughRouter(Object(Illuminate/Http/Request))
#50 F:/xampp/htdocs/adcoupon-platform/vendor/laravel/framework/src/Illuminate/Foundation/Application.php(1220): Illuminate/Foundation/Http/Kernel->handle(Object(Illuminate/Http/Request))
#51 F:/xampp/htdocs/adcoupon-platform/public/index.php(15): Illuminate/Foundation/Application->handleRequest(Object(Illuminate/Http/Request))
#52 {main}
"} 
[2026-08-10 13:16:23] local.ERROR: syntax error, unexpected token "$", expecting "," or ";" {"userId":1,"exception":"[object] (ParseError(code: 0): syntax error, unexpected token \"$\", expecting \",\" or \";\" at F:/xampp/htdocs/adcoupon-platform/app/Policies/AdvertiserPolicy.php:6)
[stacktrace]
#0 F:/xampp/htdocs/adcoupon-platform/vendor/composer/ClassLoader.php(427): Composer/Autoload/{closure}('F://xampp//htdocs...')
#1 [internal function]: Composer/Autoload/ClassLoader->loadClass('App//Policies//Ad...')
#2 F:/xampp/htdocs/adcoupon-platform/vendor/laravel/framework/src/Illuminate/Container/Container.php(1000): ReflectionClass->__construct('App//Policies//Ad...')
#3 F:/xampp/htdocs/adcoupon-platform/vendor/laravel/framework/src/Illuminate/Container/Container.php(986): Illuminate/Container/Container->getConcreteBindingFromAttributes('App//Policies//Ad...')
#4 F:/xampp/htdocs/adcoupon-platform/vendor/laravel/framework/src/Illuminate/Container/Container.php(926): Illuminate/Container/Container->getConcrete('App//Policies//Ad...')
#5 F:/xampp/htdocs/adcoupon-platform/vendor/laravel/framework/src/Illuminate/Foundation/Application.php(1078): Illuminate/Container/Container->resolve('App//Policies//Ad...', Array, true)
#6 F:/xampp/htdocs/adcoupon-platform/vendor/laravel/framework/src/Illuminate/Container/Container.php(864): Illuminate/Foundation/Application->resolve('App//Policies//Ad...', Array)
#7 F:/xampp/htdocs/adcoupon-platform/vendor/laravel/framework/src/Illuminate/Foundation/Application.php(1058): Illuminate/Container/Container->make('App//Policies//Ad...', Array)
#8 F:/xampp/htdocs/adcoupon-platform/vendor/laravel/framework/src/Illuminate/Auth/Access/Gate.php(762): Illuminate/Foundation/Application->make('App//Policies//Ad...')
#9 F:/xampp/htdocs/adcoupon-platform/vendor/laravel/framework/src/Illuminate/Auth/Access/Gate.php(670): Illuminate/Auth/Access/Gate->resolvePolicy('App//Policies//Ad...')
#10 F:/xampp/htdocs/adcoupon-platform/vendor/laravel/framework/src/Illuminate/Auth/Access/Gate.php(630): Illuminate/Auth/Access/Gate->getPolicyFor('App//Models//Adve...')
#11 F:/xampp/htdocs/adcoupon-platform/vendor/laravel/framework/src/Illuminate/Auth/Access/Gate.php(551): Illuminate/Auth/Access/Gate->resolveAuthCallback(Object(App/Models/User), 'viewAny', Array)
#12 F:/xampp/htdocs/adcoupon-platform/vendor/laravel/framework/src/Illuminate/Auth/Access/Gate.php(448): Illuminate/Auth/Access/Gate->callAuthCallback(Object(App/Models/User), 'viewAny', Array)
#13 F:/xampp/htdocs/adcoupon-platform/vendor/laravel/framework/src/Illuminate/Auth/Access/Gate.php(411): Illuminate/Auth/Access/Gate->raw('viewAny', Array)
#14 F:/xampp/htdocs/adcoupon-platform/vendor/laravel/framework/src/Illuminate/Auth/Access/Gate.php(398): Illuminate/Auth/Access/Gate->inspect('viewAny', 'App//Models//Adve...')
#15 F:/xampp/htdocs/adcoupon-platform/vendor/laravel/framework/src/Illuminate/Foundation/Auth/Access/AuthorizesRequests.php(25): Illuminate/Auth/Access/Gate->authorize('viewAny', 'App//Models//Adve...')
#16 F:/xampp/htdocs/adcoupon-platform/app/Http/Controllers/Admin/AdvertiserController.php(21): App/Http/Controllers/Controller->authorize('viewAny', 'App//Models//Adve...')
#17 F:/xampp/htdocs/adcoupon-platform/vendor/laravel/framework/src/Illuminate/Routing/ControllerDispatcher.php(46): App/Http/Controllers/Admin/AdvertiserController->index()
#18 F:/xampp/htdocs/adcoupon-platform/vendor/laravel/framework/src/Illuminate/Routing/Route.php(265): Illuminate/Routing/ControllerDispatcher->dispatch(Object(Illuminate/Routing/Route), Object(App/Http/Controllers/Admin/AdvertiserController), 'index')
#19 F:/xampp/htdocs/adcoupon-platform/vendor/laravel/framework/src/Illuminate/Routing/Route.php(211): Illuminate/Routing/Route->runController()
#20 F:/xampp/htdocs/adcoupon-platform/vendor/laravel/framework/src/Illuminate/Routing/Router.php(822): Illuminate/Routing/Route->run()
#21 F:/xampp/htdocs/adcoupon-platform/vendor/laravel/framework/src/Illuminate/Pipeline/Pipeline.php(180): Illuminate/Routing/Router->Illuminate/Routing/{closure}(Object(Illuminate/Http/Request))
#22 F:/xampp/htdocs/adcoupon-platform/vendor/laravel/framework/src/Illuminate/Routing/Middleware/SubstituteBindings.php(50): Illuminate/Pipeline/Pipeline->Illuminate/Pipeline/{closure}(Object(Illuminate/Http/Request))
#23 F:/xampp/htdocs/adcoupon-platform/vendor/laravel/framework/src/Illuminate/Pipeline/Pipeline.php(219): Illuminate/Routing/Middleware/SubstituteBindings->handle(Object(Illuminate/Http/Request), Object(Closure))
#24 F:/xampp/htdocs/adcoupon-platform/vendor/laravel/framework/src/Illuminate/Auth/Middleware/Authenticate.php(63): Illuminate/Pipeline/Pipeline->Illuminate/Pipeline/{closure}(Object(Illuminate/Http/Request))
#25 F:/xampp/htdocs/adcoupon-platform/vendor/laravel/framework/src/Illuminate/Pipeline/Pipeline.php(219): Illuminate/Auth/Middleware/Authenticate->handle(Object(Illuminate/Http/Request), Object(Closure))
#26 F:/xampp/htdocs/adcoupon-platform/vendor/laravel/framework/src/Illuminate/Foundation/Http/Middleware/VerifyCsrfToken.php(87): Illuminate/Pipeline/Pipeline->Illuminate/Pipeline/{closure}(Object(Illuminate/Http/Request))
#27 F:/xampp/htdocs/adcoupon-platform/vendor/laravel/framework/src/Illuminate/Pipeline/Pipeline.php(219): Illuminate/Foundation/Http/Middleware/VerifyCsrfToken->handle(Object(Illuminate/Http/Request), Object(Closure))
#28 F:/xampp/htdocs/adcoupon-platform/vendor/laravel/framework/src/Illuminate/View/Middleware/ShareErrorsFromSession.php(48): Illuminate/Pipeline/Pipeline->Illuminate/Pipeline/{closure}(Object(Illuminate/Http/Request))
#29 F:/xampp/htdocs/adcoupon-platform/vendor/laravel/framework/src/Illuminate/Pipeline/Pipeline.php(219): Illuminate/View/Middleware/ShareErrorsFromSession->handle(Object(Illuminate/Http/Request), Object(Closure))
#30 F:/xampp/htdocs/adcoupon-platform/vendor/laravel/framework/src/Illuminate/Session/Middleware/StartSession.php(120): Illuminate/Pipeline/Pipeline->Illuminate/Pipeline/{closure}(Object(Illuminate/Http/Request))
#31 F:/xampp/htdocs/adcoupon-platform/vendor/laravel/framework/src/Illuminate/Session/Middleware/StartSession.php(63): Illuminate/Session/Middleware/StartSession->handleStatefulRequest(Object(Illuminate/Http/Request), Object(Illuminate/Session/Store), Object(Closure))
#32 F:/xampp/htdocs/adcoupon-platform/vendor/laravel/framework/src/Illuminate/Pipeline/Pipeline.php(219): Illuminate/Session/Middleware/StartSession->handle(Object(Illuminate/Http/Request), Object(Closure))
#33 F:/xampp/htdocs/adcoupon-platform/vendor/laravel/framework/src/Illuminate/Cookie/Middleware/AddQueuedCookiesToResponse.php(36): Illuminate/Pipeline/Pipeline->Illuminate/Pipeline/{closure}(Object(Illuminate/Http/Request))
#34 F:/xampp/htdocs/adcoupon-platform/vendor/laravel/framework/src/Illuminate/Pipeline/Pipeline.php(219): Illuminate/Cookie/Middleware/AddQueuedCookiesToResponse->handle(Object(Illuminate/Http/Request), Object(Closure))
#35 F:/xampp/htdocs/adcoupon-platform/vendor/laravel/framework/src/Illuminate/Cookie/Middleware/EncryptCookies.php(74): Illuminate/Pipeline/Pipeline->Illuminate/Pipeline/{closure}(Object(Illuminate/Http/Request))
#36 F:/xampp/htdocs/adcoupon-platform/vendor/laravel/framework/src/Illuminate/Pipeline/Pipeline.php(219): Illuminate/Cookie/Middleware/EncryptCookies->handle(Object(Illuminate/Http/Request), Object(Closure))
#37 F:/xampp/htdocs/adcoupon-platform/vendor/laravel/framework/src/Illuminate/Pipeline/Pipeline.php(137): Illuminate/Pipeline/Pipeline->Illuminate/Pipeline/{closure}(Object(Illuminate/Http/Request))
#38 F:/xampp/htdocs/adcoupon-platform/vendor/laravel/framework/src/Illuminate/Routing/Router.php(821): Illuminate/Pipeline/Pipeline->then(Object(Closure))
#39 F:/xampp/htdocs/adcoupon-platform/vendor/laravel/framework/src/Illuminate/Routing/Router.php(800): Illuminate/Routing/Router->runRouteWithinStack(Object(Illuminate/Routing/Route), Object(Illuminate/Http/Request))
#40 F:/xampp/htdocs/adcoupon-platform/vendor/laravel/framework/src/Illuminate/Routing/Router.php(764): Illuminate/Routing/Router->runRoute(Object(Illuminate/Http/Request), Object(Illuminate/Routing/Route))
#41 F:/xampp/htdocs/adcoupon-platform/vendor/laravel/framework/src/Illuminate/Routing/Router.php(753): Illuminate/Routing/Router->dispatchToRoute(Object(Illuminate/Http/Request))
#42 F:/xampp/htdocs/adcoupon-platform/vendor/laravel/framework/src/Illuminate/Foundation/Http/Kernel.php(200): Illuminate/Routing/Router->dispatch(Object(Illuminate/Http/Request))
#43 F:/xampp/htdocs/adcoupon-platform/vendor/laravel/framework/src/Illuminate/Pipeline/Pipeline.php(180): Illuminate/Foundation/Http/Kernel->Illuminate/Foundation/Http/{closure}(Object(Illuminate/Http/Request))
#44 F:/xampp/htdocs/adcoupon-platform/vendor/laravel/framework/src/Illuminate/Foundation/Http/Middleware/TransformsRequest.php(21): Illuminate/Pipeline/Pipeline->Illuminate/Pipeline/{closure}(Object(Illuminate/Http/Request))
#45 F:/xampp/htdocs/adcoupon-platform/vendor/laravel/framework/src/Illuminate/Foundation/Http/Middleware/ConvertEmptyStringsToNull.php(31): Illuminate/Foundation/Http/Middleware/TransformsRequest->handle(Object(Illuminate/Http/Request), Object(Closure))
#46 F:/xampp/htdocs/adcoupon-platform/vendor/laravel/framework/src/Illuminate/Pipeline/Pipeline.php(219): Illuminate/Foundation/Http/Middleware/ConvertEmptyStringsToNull->handle(Object(Illuminate/Http/Request), Object(Closure))
#47 F:/xampp/htdocs/adcoupon-platform/vendor/laravel/framework/src/Illuminate/Foundation/Http/Middleware/TransformsRequest.php(21): Illuminate/Pipeline/Pipeline->Illuminate/Pipeline/{closure}(Object(Illuminate/Http/Request))
#48 F:/xampp/htdocs/adcoupon-platform/vendor/laravel/framework/src/Illuminate/Foundation/Http/Middleware/TrimStrings.php(51): Illuminate/Foundation/Http/Middleware/TransformsRequest->handle(Object(Illuminate/Http/Request), Object(Closure))
#49 F:/xampp/htdocs/adcoupon-platform/vendor/laravel/framework/src/Illuminate/Pipeline/Pipeline.php(219): Illuminate/Foundation/Http/Middleware/TrimStrings->handle(Object(Illuminate/Http/Request), Object(Closure))
#50 F:/xampp/htdocs/adcoupon-platform/vendor/laravel/framework/src/Illuminate/Http/Middleware/ValidatePostSize.php(27): Illuminate/Pipeline/Pipeline->Illuminate/Pipeline/{closure}(Object(Illuminate/Http/Request))
#51 F:/xampp/htdocs/adcoupon-platform/vendor/laravel/framework/src/Illuminate/Pipeline/Pipeline.php(219): Illuminate/Http/Middleware/ValidatePostSize->handle(Object(Illuminate/Http/Request), Object(Closure))
#52 F:/xampp/htdocs/adcoupon-platform/vendor/laravel/framework/src/Illuminate/Foundation/Http/Middleware/PreventRequestsDuringMaintenance.php(109): Illuminate/Pipeline/Pipeline->Illuminate/Pipeline/{closure}(Object(Illuminate/Http/Request))
#53 F:/xampp/htdocs/adcoupon-platform/vendor/laravel/framework/src/Illuminate/Pipeline/Pipeline.php(219): Illuminate/Foundation/Http/Middleware/PreventRequestsDuringMaintenance->handle(Object(Illuminate/Http/Request), Object(Closure))
#54 F:/xampp/htdocs/adcoupon-platform/vendor/laravel/framework/src/Illuminate/Http/Middleware/HandleCors.php(61): Illuminate/Pipeline/Pipeline->Illuminate/Pipeline/{closure}(Object(Illuminate/Http/Request))
#55 F:/xampp/htdocs/adcoupon-platform/vendor/laravel/framework/src/Illuminate/Pipeline/Pipeline.php(219): Illuminate/Http/Middleware/HandleCors->handle(Object(Illuminate/Http/Request), Object(Closure))
#56 F:/xampp/htdocs/adcoupon-platform/vendor/laravel/framework/src/Illuminate/Http/Middleware/TrustProxies.php(58): Illuminate/Pipeline/Pipeline->Illuminate/Pipeline/{closure}(Object(Illuminate/Http/Request))
#57 F:/xampp/htdocs/adcoupon-platform/vendor/laravel/framework/src/Illuminate/Pipeline/Pipeline.php(219): Illuminate/Http/Middleware/TrustProxies->handle(Object(Illuminate/Http/Request), Object(Closure))
#58 F:/xampp/htdocs/adcoupon-platform/vendor/laravel/framework/src/Illuminate/Foundation/Http/Middleware/InvokeDeferredCallbacks.php(22): Illuminate/Pipeline/Pipeline->Illuminate/Pipeline/{closure}(Object(Illuminate/Http/Request))
#59 F:/xampp/htdocs/adcoupon-platform/vendor/laravel/framework/src/Illuminate/Pipeline/Pipeline.php(219): Illuminate/Foundation/Http/Middleware/InvokeDeferredCallbacks->handle(Object(Illuminate/Http/Request), Object(Closure))
#60 F:/xampp/htdocs/adcoupon-platform/vendor/laravel/framework/src/Illuminate/Http/Middleware/ValidatePathEncoding.php(26): Illuminate/Pipeline/Pipeline->Illuminate/Pipeline/{closure}(Object(Illuminate/Http/Request))
#61 F:/xampp/htdocs/adcoupon-platform/vendor/laravel/framework/src/Illuminate/Pipeline/Pipeline.php(219): Illuminate/Http/Middleware/ValidatePathEncoding->handle(Object(Illuminate/Http/Request), Object(Closure))
#62 F:/xampp/htdocs/adcoupon-platform/vendor/laravel/framework/src/Illuminate/Pipeline/Pipeline.php(137): Illuminate/Pipeline/Pipeline->Illuminate/Pipeline/{closure}(Object(Illuminate/Http/Request))
#63 F:/xampp/htdocs/adcoupon-platform/vendor/laravel/framework/src/Illuminate/Foundation/Http/Kernel.php(175): Illuminate/Pipeline/Pipeline->then(Object(Closure))
#64 F:/xampp/htdocs/adcoupon-platform/vendor/laravel/framework/src/Illuminate/Foundation/Http/Kernel.php(144): Illuminate/Foundation/Http/Kernel->sendRequestThroughRouter(Object(Illuminate/Http/Request))
#65 F:/xampp/htdocs/adcoupon-platform/vendor/laravel/framework/src/Illuminate/Foundation/Application.php(1220): Illuminate/Foundation/Http/Kernel->handle(Object(Illuminate/Http/Request))
#66 F:/xampp/htdocs/adcoupon-platform/public/index.php(15): Illuminate/Foundation/Application->handleRequest(Object(Illuminate/Http/Request))
#67 {main}
"} 
[2026-08-10 13:17:05] local.ERROR: syntax error, unexpected token "$", expecting "," or ";" {"userId":1,"exception":"[object] (ParseError(code: 0): syntax error, unexpected token \"$\", expecting \",\" or \";\" at F:/xampp/htdocs/adcoupon-platform/app/Policies/AdvertiserPolicy.php:6)
[stacktrace]
#0 F:/xampp/htdocs/adcoupon-platform/vendor/composer/ClassLoader.php(427): Composer/Autoload/{closure}('F://xampp//htdocs...')
#1 [internal function]: Composer/Autoload/ClassLoader->loadClass('App//Policies//Ad...')
#2 F:/xampp/htdocs/adcoupon-platform/vendor/laravel/framework/src/Illuminate/Container/Container.php(1000): ReflectionClass->__construct('App//Policies//Ad...')
#3 F:/xampp/htdocs/adcoupon-platform/vendor/laravel/framework/src/Illuminate/Container/Container.php(986): Illuminate/Container/Container->getConcreteBindingFromAttributes('App//Policies//Ad...')
#4 F:/xampp/htdocs/adcoupon-platform/vendor/laravel/framework/src/Illuminate/Container/Container.php(926): Illuminate/Container/Container->getConcrete('App//Policies//Ad...')
#5 F:/xampp/htdocs/adcoupon-platform/vendor/laravel/framework/src/Illuminate/Foundation/Application.php(1078): Illuminate/Container/Container->resolve('App//Policies//Ad...', Array, true)
#6 F:/xampp/htdocs/adcoupon-platform/vendor/laravel/framework/src/Illuminate/Container/Container.php(864): Illuminate/Foundation/Application->resolve('App//Policies//Ad...', Array)
#7 F:/xampp/htdocs/adcoupon-platform/vendor/laravel/framework/src/Illuminate/Foundation/Application.php(1058): Illuminate/Container/Container->make('App//Policies//Ad...', Array)
#8 F:/xampp/htdocs/adcoupon-platform/vendor/laravel/framework/src/Illuminate/Auth/Access/Gate.php(762): Illuminate/Foundation/Application->make('App//Policies//Ad...')
#9 F:/xampp/htdocs/adcoupon-platform/vendor/laravel/framework/src/Illuminate/Auth/Access/Gate.php(670): Illuminate/Auth/Access/Gate->resolvePolicy('App//Policies//Ad...')
#10 F:/xampp/htdocs/adcoupon-platform/vendor/laravel/framework/src/Illuminate/Auth/Access/Gate.php(630): Illuminate/Auth/Access/Gate->getPolicyFor('App//Models//Adve...')
#11 F:/xampp/htdocs/adcoupon-platform/vendor/laravel/framework/src/Illuminate/Auth/Access/Gate.php(551): Illuminate/Auth/Access/Gate->resolveAuthCallback(Object(App/Models/User), 'viewAny', Array)
#12 F:/xampp/htdocs/adcoupon-platform/vendor/laravel/framework/src/Illuminate/Auth/Access/Gate.php(448): Illuminate/Auth/Access/Gate->callAuthCallback(Object(App/Models/User), 'viewAny', Array)
#13 F:/xampp/htdocs/adcoupon-platform/vendor/laravel/framework/src/Illuminate/Auth/Access/Gate.php(411): Illuminate/Auth/Access/Gate->raw('viewAny', Array)
#14 F:/xampp/htdocs/adcoupon-platform/vendor/laravel/framework/src/Illuminate/Auth/Access/Gate.php(398): Illuminate/Auth/Access/Gate->inspect('viewAny', 'App//Models//Adve...')
#15 F:/xampp/htdocs/adcoupon-platform/vendor/laravel/framework/src/Illuminate/Foundation/Auth/Access/AuthorizesRequests.php(25): Illuminate/Auth/Access/Gate->authorize('viewAny', 'App//Models//Adve...')
#16 F:/xampp/htdocs/adcoupon-platform/app/Http/Controllers/Admin/AdvertiserController.php(21): App/Http/Controllers/Controller->authorize('viewAny', 'App//Models//Adve...')
#17 F:/xampp/htdocs/adcoupon-platform/vendor/laravel/framework/src/Illuminate/Routing/ControllerDispatcher.php(46): App/Http/Controllers/Admin/AdvertiserController->index()
#18 F:/xampp/htdocs/adcoupon-platform/vendor/laravel/framework/src/Illuminate/Routing/Route.php(265): Illuminate/Routing/ControllerDispatcher->dispatch(Object(Illuminate/Routing/Route), Object(App/Http/Controllers/Admin/AdvertiserController), 'index')
#19 F:/xampp/htdocs/adcoupon-platform/vendor/laravel/framework/src/Illuminate/Routing/Route.php(211): Illuminate/Routing/Route->runController()
#20 F:/xampp/htdocs/adcoupon-platform/vendor/laravel/framework/src/Illuminate/Routing/Router.php(822): Illuminate/Routing/Route->run()
#21 F:/xampp/htdocs/adcoupon-platform/vendor/laravel/framework/src/Illuminate/Pipeline/Pipeline.php(180): Illuminate/Routing/Router->Illuminate/Routing/{closure}(Object(Illuminate/Http/Request))
#22 F:/xampp/htdocs/adcoupon-platform/vendor/laravel/framework/src/Illuminate/Routing/Middleware/SubstituteBindings.php(50): Illuminate/Pipeline/Pipeline->Illuminate/Pipeline/{closure}(Object(Illuminate/Http/Request))
#23 F:/xampp/htdocs/adcoupon-platform/vendor/laravel/framework/src/Illuminate/Pipeline/Pipeline.php(219): Illuminate/Routing/Middleware/SubstituteBindings->handle(Object(Illuminate/Http/Request), Object(Closure))
#24 F:/xampp/htdocs/adcoupon-platform/vendor/laravel/framework/src/Illuminate/Auth/Middleware/Authenticate.php(63): Illuminate/Pipeline/Pipeline->Illuminate/Pipeline/{closure}(Object(Illuminate/Http/Request))
#25 F:/xampp/htdocs/adcoupon-platform/vendor/laravel/framework/src/Illuminate/Pipeline/Pipeline.php(219): Illuminate/Auth/Middleware/Authenticate->handle(Object(Illuminate/Http/Request), Object(Closure))
#26 F:/xampp/htdocs/adcoupon-platform/vendor/laravel/framework/src/Illuminate/Foundation/Http/Middleware/VerifyCsrfToken.php(87): Illuminate/Pipeline/Pipeline->Illuminate/Pipeline/{closure}(Object(Illuminate/Http/Request))
#27 F:/xampp/htdocs/adcoupon-platform/vendor/laravel/framework/src/Illuminate/Pipeline/Pipeline.php(219): Illuminate/Foundation/Http/Middleware/VerifyCsrfToken->handle(Object(Illuminate/Http/Request), Object(Closure))
#28 F:/xampp/htdocs/adcoupon-platform/vendor/laravel/framework/src/Illuminate/View/Middleware/ShareErrorsFromSession.php(48): Illuminate/Pipeline/Pipeline->Illuminate/Pipeline/{closure}(Object(Illuminate/Http/Request))
#29 F:/xampp/htdocs/adcoupon-platform/vendor/laravel/framework/src/Illuminate/Pipeline/Pipeline.php(219): Illuminate/View/Middleware/ShareErrorsFromSession->handle(Object(Illuminate/Http/Request), Object(Closure))
#30 F:/xampp/htdocs/adcoupon-platform/vendor/laravel/framework/src/Illuminate/Session/Middleware/StartSession.php(120): Illuminate/Pipeline/Pipeline->Illuminate/Pipeline/{closure}(Object(Illuminate/Http/Request))
#31 F:/xampp/htdocs/adcoupon-platform/vendor/laravel/framework/src/Illuminate/Session/Middleware/StartSession.php(63): Illuminate/Session/Middleware/StartSession->handleStatefulRequest(Object(Illuminate/Http/Request), Object(Illuminate/Session/Store), Object(Closure))
#32 F:/xampp/htdocs/adcoupon-platform/vendor/laravel/framework/src/Illuminate/Pipeline/Pipeline.php(219): Illuminate/Session/Middleware/StartSession->handle(Object(Illuminate/Http/Request), Object(Closure))
#33 F:/xampp/htdocs/adcoupon-platform/vendor/laravel/framework/src/Illuminate/Cookie/Middleware/AddQueuedCookiesToResponse.php(36): Illuminate/Pipeline/Pipeline->Illuminate/Pipeline/{closure}(Object(Illuminate/Http/Request))
#34 F:/xampp/htdocs/adcoupon-platform/vendor/laravel/framework/src/Illuminate/Pipeline/Pipeline.php(219): Illuminate/Cookie/Middleware/AddQueuedCookiesToResponse->handle(Object(Illuminate/Http/Request), Object(Closure))
#35 F:/xampp/htdocs/adcoupon-platform/vendor/laravel/framework/src/Illuminate/Cookie/Middleware/EncryptCookies.php(74): Illuminate/Pipeline/Pipeline->Illuminate/Pipeline/{closure}(Object(Illuminate/Http/Request))
#36 F:/xampp/htdocs/adcoupon-platform/vendor/laravel/framework/src/Illuminate/Pipeline/Pipeline.php(219): Illuminate/Cookie/Middleware/EncryptCookies->handle(Object(Illuminate/Http/Request), Object(Closure))
#37 F:/xampp/htdocs/adcoupon-platform/vendor/laravel/framework/src/Illuminate/Pipeline/Pipeline.php(137): Illuminate/Pipeline/Pipeline->Illuminate/Pipeline/{closure}(Object(Illuminate/Http/Request))
#38 F:/xampp/htdocs/adcoupon-platform/vendor/laravel/framework/src/Illuminate/Routing/Router.php(821): Illuminate/Pipeline/Pipeline->then(Object(Closure))
#39 F:/xampp/htdocs/adcoupon-platform/vendor/laravel/framework/src/Illuminate/Routing/Router.php(800): Illuminate/Routing/Router->runRouteWithinStack(Object(Illuminate/Routing/Route), Object(Illuminate/Http/Request))
#40 F:/xampp/htdocs/adcoupon-platform/vendor/laravel/framework/src/Illuminate/Routing/Router.php(764): Illuminate/Routing/Router->runRoute(Object(Illuminate/Http/Request), Object(Illuminate/Routing/Route))
#41 F:/xampp/htdocs/adcoupon-platform/vendor/laravel/framework/src/Illuminate/Routing/Router.php(753): Illuminate/Routing/Router->dispatchToRoute(Object(Illuminate/Http/Request))
#42 F:/xampp/htdocs/adcoupon-platform/vendor/laravel/framework/src/Illuminate/Foundation/Http/Kernel.php(200): Illuminate/Routing/Router->dispatch(Object(Illuminate/Http/Request))
#43 F:/xampp/htdocs/adcoupon-platform/vendor/laravel/framework/src/Illuminate/Pipeline/Pipeline.php(180): Illuminate/Foundation/Http/Kernel->Illuminate/Foundation/Http/{closure}(Object(Illuminate/Http/Request))
#44 F:/xampp/htdocs/adcoupon-platform/vendor/laravel/framework/src/Illuminate/Foundation/Http/Middleware/TransformsRequest.php(21): Illuminate/Pipeline/Pipeline->Illuminate/Pipeline/{closure}(Object(Illuminate/Http/Request))
#45 F:/xampp/htdocs/adcoupon-platform/vendor/laravel/framework/src/Illuminate/Foundation/Http/Middleware/ConvertEmptyStringsToNull.php(31): Illuminate/Foundation/Http/Middleware/TransformsRequest->handle(Object(Illuminate/Http/Request), Object(Closure))
#46 F:/xampp/htdocs/adcoupon-platform/vendor/laravel/framework/src/Illuminate/Pipeline/Pipeline.php(219): Illuminate/Foundation/Http/Middleware/ConvertEmptyStringsToNull->handle(Object(Illuminate/Http/Request), Object(Closure))
#47 F:/xampp/htdocs/adcoupon-platform/vendor/laravel/framework/src/Illuminate/Foundation/Http/Middleware/TransformsRequest.php(21): Illuminate/Pipeline/Pipeline->Illuminate/Pipeline/{closure}(Object(Illuminate/Http/Request))
#48 F:/xampp/htdocs/adcoupon-platform/vendor/laravel/framework/src/Illuminate/Foundation/Http/Middleware/TrimStrings.php(51): Illuminate/Foundation/Http/Middleware/TransformsRequest->handle(Object(Illuminate/Http/Request), Object(Closure))
#49 F:/xampp/htdocs/adcoupon-platform/vendor/laravel/framework/src/Illuminate/Pipeline/Pipeline.php(219): Illuminate/Foundation/Http/Middleware/TrimStrings->handle(Object(Illuminate/Http/Request), Object(Closure))
#50 F:/xampp/htdocs/adcoupon-platform/vendor/laravel/framework/src/Illuminate/Http/Middleware/ValidatePostSize.php(27): Illuminate/Pipeline/Pipeline->Illuminate/Pipeline/{closure}(Object(Illuminate/Http/Request))
#51 F:/xampp/htdocs/adcoupon-platform/vendor/laravel/framework/src/Illuminate/Pipeline/Pipeline.php(219): Illuminate/Http/Middleware/ValidatePostSize->handle(Object(Illuminate/Http/Request), Object(Closure))
#52 F:/xampp/htdocs/adcoupon-platform/vendor/laravel/framework/src/Illuminate/Foundation/Http/Middleware/PreventRequestsDuringMaintenance.php(109): Illuminate/Pipeline/Pipeline->Illuminate/Pipeline/{closure}(Object(Illuminate/Http/Request))
#53 F:/xampp/htdocs/adcoupon-platform/vendor/laravel/framework/src/Illuminate/Pipeline/Pipeline.php(219): Illuminate/Foundation/Http/Middleware/PreventRequestsDuringMaintenance->handle(Object(Illuminate/Http/Request), Object(Closure))
#54 F:/xampp/htdocs/adcoupon-platform/vendor/laravel/framework/src/Illuminate/Http/Middleware/HandleCors.php(61): Illuminate/Pipeline/Pipeline->Illuminate/Pipeline/{closure}(Object(Illuminate/Http/Request))
#55 F:/xampp/htdocs/adcoupon-platform/vendor/laravel/framework/src/Illuminate/Pipeline/Pipeline.php(219): Illuminate/Http/Middleware/HandleCors->handle(Object(Illuminate/Http/Request), Object(Closure))
#56 F:/xampp/htdocs/adcoupon-platform/vendor/laravel/framework/src/Illuminate/Http/Middleware/TrustProxies.php(58): Illuminate/Pipeline/Pipeline->Illuminate/Pipeline/{closure}(Object(Illuminate/Http/Request))
#57 F:/xampp/htdocs/adcoupon-platform/vendor/laravel/framework/src/Illuminate/Pipeline/Pipeline.php(219): Illuminate/Http/Middleware/TrustProxies->handle(Object(Illuminate/Http/Request), Object(Closure))
#58 F:/xampp/htdocs/adcoupon-platform/vendor/laravel/framework/src/Illuminate/Foundation/Http/Middleware/InvokeDeferredCallbacks.php(22): Illuminate/Pipeline/Pipeline->Illuminate/Pipeline/{closure}(Object(Illuminate/Http/Request))
#59 F:/xampp/htdocs/adcoupon-platform/vendor/laravel/framework/src/Illuminate/Pipeline/Pipeline.php(219): Illuminate/Foundation/Http/Middleware/InvokeDeferredCallbacks->handle(Object(Illuminate/Http/Request), Object(Closure))
#60 F:/xampp/htdocs/adcoupon-platform/vendor/laravel/framework/src/Illuminate/Http/Middleware/ValidatePathEncoding.php(26): Illuminate/Pipeline/Pipeline->Illuminate/Pipeline/{closure}(Object(Illuminate/Http/Request))
#61 F:/xampp/htdocs/adcoupon-platform/vendor/laravel/framework/src/Illuminate/Pipeline/Pipeline.php(219): Illuminate/Http/Middleware/ValidatePathEncoding->handle(Object(Illuminate/Http/Request), Object(Closure))
#62 F:/xampp/htdocs/adcoupon-platform/vendor/laravel/framework/src/Illuminate/Pipeline/Pipeline.php(137): Illuminate/Pipeline/Pipeline->Illuminate/Pipeline/{closure}(Object(Illuminate/Http/Request))
#63 F:/xampp/htdocs/adcoupon-platform/vendor/laravel/framework/src/Illuminate/Foundation/Http/Kernel.php(175): Illuminate/Pipeline/Pipeline->then(Object(Closure))
#64 F:/xampp/htdocs/adcoupon-platform/vendor/laravel/framework/src/Illuminate/Foundation/Http/Kernel.php(144): Illuminate/Foundation/Http/Kernel->sendRequestThroughRouter(Object(Illuminate/Http/Request))
#65 F:/xampp/htdocs/adcoupon-platform/vendor/laravel/framework/src/Illuminate/Foundation/Application.php(1220): Illuminate/Foundation/Http/Kernel->handle(Object(Illuminate/Http/Request))
#66 F:/xampp/htdocs/adcoupon-platform/public/index.php(15): Illuminate/Foundation/Application->handleRequest(Object(Illuminate/Http/Request))
#67 {main}
"} 
[2026-08-10 13:51:11] local.ERROR: The attribute [category] either does not exist or was not retrieved for model [App\Models\Offer]. (View: F:\xampp\htdocs\adcoupon-platform\resources\views\public\home.blade.php) {"exception":"[object] (Illuminate\\View\\ViewException(code: 0): The attribute [category] either does not exist or was not retrieved for model [App\\Models\\Offer]. (View: F:\\xampp\\htdocs\\adcoupon-platform\\resources\\views\\public\\home.blade.php) at F:/xampp/htdocs/adcoupon-platform/vendor/laravel/framework/src/Illuminate/Database/Eloquent/Concerns/HasAttributes.php:515)
[stacktrace]
#0 F:/xampp/htdocs/adcoupon-platform/vendor/laravel/framework/src/Illuminate/View/Engines/PhpEngine.php(59): Illuminate/View/Engines/CompilerEngine->handleViewException(Object(Illuminate/Database/Eloquent/MissingAttributeException), 1)
#1 F:/xampp/htdocs/adcoupon-platform/vendor/laravel/framework/src/Illuminate/View/Engines/CompilerEngine.php(76): Illuminate/View/Engines/PhpEngine->evaluatePath('F://xampp//htdocs...', Array)
#2 F:/xampp/htdocs/adcoupon-platform/vendor/laravel/framework/src/Illuminate/View/View.php(208): Illuminate/View/Engines/CompilerEngine->get('F://xampp//htdocs...', Array)
#3 F:/xampp/htdocs/adcoupon-platform/vendor/laravel/framework/src/Illuminate/View/View.php(191): Illuminate/View/View->getContents()
#4 F:/xampp/htdocs/adcoupon-platform/vendor/laravel/framework/src/Illuminate/View/View.php(160): Illuminate/View/View->renderContents()
#5 F:/xampp/htdocs/adcoupon-platform/vendor/laravel/framework/src/Illuminate/Http/Response.php(78): Illuminate/View/View->render()
#6 F:/xampp/htdocs/adcoupon-platform/vendor/laravel/framework/src/Illuminate/Http/Response.php(34): Illuminate/Http/Response->setContent(Object(Illuminate/View/View))
#7 F:/xampp/htdocs/adcoupon-platform/vendor/laravel/framework/src/Illuminate/Routing/Router.php(939): Illuminate/Http/Response->__construct(Object(Illuminate/View/View), 200, Array)
#8 F:/xampp/htdocs/adcoupon-platform/vendor/laravel/framework/src/Illuminate/Routing/Router.php(906): Illuminate/Routing/Router::toResponse(Object(Illuminate/Http/Request), Object(Illuminate/View/View))
#9 F:/xampp/htdocs/adcoupon-platform/vendor/laravel/framework/src/Illuminate/Routing/Router.php(821): Illuminate/Routing/Router->prepareResponse(Object(Illuminate/Http/Request), Object(Illuminate/View/View))
#10 F:/xampp/htdocs/adcoupon-platform/vendor/laravel/framework/src/Illuminate/Pipeline/Pipeline.php(180): Illuminate/Routing/Router->Illuminate/Routing/{closure}(Object(Illuminate/Http/Request))
#11 F:/xampp/htdocs/adcoupon-platform/vendor/laravel/framework/src/Illuminate/Routing/Middleware/SubstituteBindings.php(50): Illuminate/Pipeline/Pipeline->Illuminate/Pipeline/{closure}(Object(Illuminate/Http/Request))
#12 F:/xampp/htdocs/adcoupon-platform/vendor/laravel/framework/src/Illuminate/Pipeline/Pipeline.php(219): Illuminate/Routing/Middleware/SubstituteBindings->handle(Object(Illuminate/Http/Request), Object(Closure))
#13 F:/xampp/htdocs/adcoupon-platform/vendor/laravel/framework/src/Illuminate/Foundation/Http/Middleware/VerifyCsrfToken.php(87): Illuminate/Pipeline/Pipeline->Illuminate/Pipeline/{closure}(Object(Illuminate/Http/Request))
#14 F:/xampp/htdocs/adcoupon-platform/vendor/laravel/framework/src/Illuminate/Pipeline/Pipeline.php(219): Illuminate/Foundation/Http/Middleware/VerifyCsrfToken->handle(Object(Illuminate/Http/Request), Object(Closure))
#15 F:/xampp/htdocs/adcoupon-platform/vendor/laravel/framework/src/Illuminate/View/Middleware/ShareErrorsFromSession.php(48): Illuminate/Pipeline/Pipeline->Illuminate/Pipeline/{closure}(Object(Illuminate/Http/Request))
#16 F:/xampp/htdocs/adcoupon-platform/vendor/laravel/framework/src/Illuminate/Pipeline/Pipeline.php(219): Illuminate/View/Middleware/ShareErrorsFromSession->handle(Object(Illuminate/Http/Request), Object(Closure))
#17 F:/xampp/htdocs/adcoupon-platform/vendor/laravel/framework/src/Illuminate/Session/Middleware/StartSession.php(120): Illuminate/Pipeline/Pipeline->Illuminate/Pipeline/{closure}(Object(Illuminate/Http/Request))
#18 F:/xampp/htdocs/adcoupon-platform/vendor/laravel/framework/src/Illuminate/Session/Middleware/StartSession.php(63): Illuminate/Session/Middleware/StartSession->handleStatefulRequest(Object(Illuminate/Http/Request), Object(Illuminate/Session/Store), Object(Closure))
#19 F:/xampp/htdocs/adcoupon-platform/vendor/laravel/framework/src/Illuminate/Pipeline/Pipeline.php(219): Illuminate/Session/Middleware/StartSession->handle(Object(Illuminate/Http/Request), Object(Closure))
#20 F:/xampp/htdocs/adcoupon-platform/vendor/laravel/framework/src/Illuminate/Cookie/Middleware/AddQueuedCookiesToResponse.php(36): Illuminate/Pipeline/Pipeline->Illuminate/Pipeline/{closure}(Object(Illuminate/Http/Request))
#21 F:/xampp/htdocs/adcoupon-platform/vendor/laravel/framework/src/Illuminate/Pipeline/Pipeline.php(219): Illuminate/Cookie/Middleware/AddQueuedCookiesToResponse->handle(Object(Illuminate/Http/Request), Object(Closure))
#22 F:/xampp/htdocs/adcoupon-platform/vendor/laravel/framework/src/Illuminate/Cookie/Middleware/EncryptCookies.php(74): Illuminate/Pipeline/Pipeline->Illuminate/Pipeline/{closure}(Object(Illuminate/Http/Request))
#23 F:/xampp/htdocs/adcoupon-platform/vendor/laravel/framework/src/Illuminate/Pipeline/Pipeline.php(219): Illuminate/Cookie/Middleware/EncryptCookies->handle(Object(Illuminate/Http/Request), Object(Closure))
#24 F:/xampp/htdocs/adcoupon-platform/vendor/laravel/framework/src/Illuminate/Pipeline/Pipeline.php(137): Illuminate/Pipeline/Pipeline->Illuminate/Pipeline/{closure}(Object(Illuminate/Http/Request))
#25 F:/xampp/htdocs/adcoupon-platform/vendor/laravel/framework/src/Illuminate/Routing/Router.php(821): Illuminate/Pipeline/Pipeline->then(Object(Closure))
#26 F:/xampp/htdocs/adcoupon-platform/vendor/laravel/framework/src/Illuminate/Routing/Router.php(800): Illuminate/Routing/Router->runRouteWithinStack(Object(Illuminate/Routing/Route), Object(Illuminate/Http/Request))
#27 F:/xampp/htdocs/adcoupon-platform/vendor/laravel/framework/src/Illuminate/Routing/Router.php(764): Illuminate/Routing/Router->runRoute(Object(Illuminate/Http/Request), Object(Illuminate/Routing/Route))
#28 F:/xampp/htdocs/adcoupon-platform/vendor/laravel/framework/src/Illuminate/Routing/Router.php(753): Illuminate/Routing/Router->dispatchToRoute(Object(Illuminate/Http/Request))
#29 F:/xampp/htdocs/adcoupon-platform/vendor/laravel/framework/src/Illuminate/Foundation/Http/Kernel.php(200): Illuminate/Routing/Router->dispatch(Object(Illuminate/Http/Request))
#30 F:/xampp/htdocs/adcoupon-platform/vendor/laravel/framework/src/Illuminate/Pipeline/Pipeline.php(180): Illuminate/Foundation/Http/Kernel->Illuminate/Foundation/Http/{closure}(Object(Illuminate/Http/Request))
#31 F:/xampp/htdocs/adcoupon-platform/vendor/laravel/framework/src/Illuminate/Foundation/Http/Middleware/TransformsRequest.php(21): Illuminate/Pipeline/Pipeline->Illuminate/Pipeline/{closure}(Object(Illuminate/Http/Request))
#32 F:/xampp/htdocs/adcoupon-platform/vendor/laravel/framework/src/Illuminate/Foundation/Http/Middleware/ConvertEmptyStringsToNull.php(31): Illuminate/Foundation/Http/Middleware/TransformsRequest->handle(Object(Illuminate/Http/Request), Object(Closure))
#33 F:/xampp/htdocs/adcoupon-platform/vendor/laravel/framework/src/Illuminate/Pipeline/Pipeline.php(219): Illuminate/Foundation/Http/Middleware/ConvertEmptyStringsToNull->handle(Object(Illuminate/Http/Request), Object(Closure))
#34 F:/xampp/htdocs/adcoupon-platform/vendor/laravel/framework/src/Illuminate/Foundation/Http/Middleware/TransformsRequest.php(21): Illuminate/Pipeline/Pipeline->Illuminate/Pipeline/{closure}(Object(Illuminate/Http/Request))
#35 F:/xampp/htdocs/adcoupon-platform/vendor/laravel/framework/src/Illuminate/Foundation/Http/Middleware/TrimStrings.php(51): Illuminate/Foundation/Http/Middleware/TransformsRequest->handle(Object(Illuminate/Http/Request), Object(Closure))
#36 F:/xampp/htdocs/adcoupon-platform/vendor/laravel/framework/src/Illuminate/Pipeline/Pipeline.php(219): Illuminate/Foundation/Http/Middleware/TrimStrings->handle(Object(Illuminate/Http/Request), Object(Closure))
#37 F:/xampp/htdocs/adcoupon-platform/vendor/laravel/framework/src/Illuminate/Http/Middleware/ValidatePostSize.php(27): Illuminate/Pipeline/Pipeline->Illuminate/Pipeline/{closure}(Object(Illuminate/Http/Request))
#38 F:/xampp/htdocs/adcoupon-platform/vendor/laravel/framework/src/Illuminate/Pipeline/Pipeline.php(219): Illuminate/Http/Middleware/ValidatePostSize->handle(Object(Illuminate/Http/Request), Object(Closure))
#39 F:/xampp/htdocs/adcoupon-platform/vendor/laravel/framework/src/Illuminate/Foundation/Http/Middleware/PreventRequestsDuringMaintenance.php(109): Illuminate/Pipeline/Pipeline->Illuminate/Pipeline/{closure}(Object(Illuminate/Http/Request))
#40 F:/xampp/htdocs/adcoupon-platform/vendor/laravel/framework/src/Illuminate/Pipeline/Pipeline.php(219): Illuminate/Foundation/Http/Middleware/PreventRequestsDuringMaintenance->handle(Object(Illuminate/Http/Request), Object(Closure))
#41 F:/xampp/htdocs/adcoupon-platform/vendor/laravel/framework/src/Illuminate/Http/Middleware/HandleCors.php(61): Illuminate/Pipeline/Pipeline->Illuminate/Pipeline/{closure}(Object(Illuminate/Http/Request))
#42 F:/xampp/htdocs/adcoupon-platform/vendor/laravel/framework/src/Illuminate/Pipeline/Pipeline.php(219): Illuminate/Http/Middleware/HandleCors->handle(Object(Illuminate/Http/Request), Object(Closure))
#43 F:/xampp/htdocs/adcoupon-platform/vendor/laravel/framework/src/Illuminate/Http/Middleware/TrustProxies.php(58): Illuminate/Pipeline/Pipeline->Illuminate/Pipeline/{closure}(Object(Illuminate/Http/Request))
#44 F:/xampp/htdocs/adcoupon-platform/vendor/laravel/framework/src/Illuminate/Pipeline/Pipeline.php(219): Illuminate/Http/Middleware/TrustProxies->handle(Object(Illuminate/Http/Request), Object(Closure))
#45 F:/xampp/htdocs/adcoupon-platform/vendor/laravel/framework/src/Illuminate/Foundation/Http/Middleware/InvokeDeferredCallbacks.php(22): Illuminate/Pipeline/Pipeline->Illuminate/Pipeline/{closure}(Object(Illuminate/Http/Request))
#46 F:/xampp/htdocs/adcoupon-platform/vendor/laravel/framework/src/Illuminate/Pipeline/Pipeline.php(219): Illuminate/Foundation/Http/Middleware/InvokeDeferredCallbacks->handle(Object(Illuminate/Http/Request), Object(Closure))
#47 F:/xampp/htdocs/adcoupon-platform/vendor/laravel/framework/src/Illuminate/Http/Middleware/ValidatePathEncoding.php(26): Illuminate/Pipeline/Pipeline->Illuminate/Pipeline/{closure}(Object(Illuminate/Http/Request))
#48 F:/xampp/htdocs/adcoupon-platform/vendor/laravel/framework/src/Illuminate/Pipeline/Pipeline.php(219): Illuminate/Http/Middleware/ValidatePathEncoding->handle(Object(Illuminate/Http/Request), Object(Closure))
#49 F:/xampp/htdocs/adcoupon-platform/vendor/laravel/framework/src/Illuminate/Pipeline/Pipeline.php(137): Illuminate/Pipeline/Pipeline->Illuminate/Pipeline/{closure}(Object(Illuminate/Http/Request))
#50 F:/xampp/htdocs/adcoupon-platform/vendor/laravel/framework/src/Illuminate/Foundation/Http/Kernel.php(175): Illuminate/Pipeline/Pipeline->then(Object(Closure))
#51 F:/xampp/htdocs/adcoupon-platform/vendor/laravel/framework/src/Illuminate/Foundation/Http/Kernel.php(144): Illuminate/Foundation/Http/Kernel->sendRequestThroughRouter(Object(Illuminate/Http/Request))
#52 F:/xampp/htdocs/adcoupon-platform/vendor/laravel/framework/src/Illuminate/Foundation/Application.php(1220): Illuminate/Foundation/Http/Kernel->handle(Object(Illuminate/Http/Request))
#53 F:/xampp/htdocs/adcoupon-platform/public/index.php(15): Illuminate/Foundation/Application->handleRequest(Object(Illuminate/Http/Request))
#54 {main}

[previous exception] [object] (Illuminate\\Database\\Eloquent\\MissingAttributeException(code: 0): The attribute [category] either does not exist or was not retrieved for model [App\\Models\\Offer]. at F:/xampp/htdocs/adcoupon-platform/vendor/laravel/framework/src/Illuminate/Database/Eloquent/Concerns/HasAttributes.php:515)
[stacktrace]
#0 F:/xampp/htdocs/adcoupon-platform/vendor/laravel/framework/src/Illuminate/Database/Eloquent/Concerns/HasAttributes.php(2400): Illuminate/Database/Eloquent/Model->throwMissingAttributeExceptionIfApplicable('category')
#1 F:/xampp/htdocs/adcoupon-platform/vendor/laravel/framework/src/Illuminate/Database/Eloquent/Concerns/HasAttributes.php(529): Illuminate/Database/Eloquent/Model->transformModelValue('category', NULL)
#2 F:/xampp/htdocs/adcoupon-platform/vendor/laravel/framework/src/Illuminate/Database/Eloquent/Concerns/HasAttributes.php(483): Illuminate/Database/Eloquent/Model->getAttributeValue('category')
#3 F:/xampp/htdocs/adcoupon-platform/vendor/laravel/framework/src/Illuminate/Database/Eloquent/Model.php(2427): Illuminate/Database/Eloquent/Model->getAttribute('category')
#4 F:/xampp/htdocs/adcoupon-platform/storage/framework/views/ff8e077175f418307c597e4affd6f10f.php(91): Illuminate/Database/Eloquent/Model->__get('category')
#5 F:/xampp/htdocs/adcoupon-platform/vendor/laravel/framework/src/Illuminate/Filesystem/Filesystem.php(123): require('F://xampp//htdocs...')
#6 F:/xampp/htdocs/adcoupon-platform/vendor/laravel/framework/src/Illuminate/Filesystem/Filesystem.php(124): Illuminate/Filesystem/Filesystem::Illuminate/Filesystem/{closure}()
#7 F:/xampp/htdocs/adcoupon-platform/vendor/laravel/framework/src/Illuminate/View/Engines/PhpEngine.php(57): Illuminate/Filesystem/Filesystem->getRequire('F://xampp//htdocs...', Array)
#8 F:/xampp/htdocs/adcoupon-platform/vendor/laravel/framework/src/Illuminate/View/Engines/CompilerEngine.php(76): Illuminate/View/Engines/PhpEngine->evaluatePath('F://xampp//htdocs...', Array)
#9 F:/xampp/htdocs/adcoupon-platform/vendor/laravel/framework/src/Illuminate/View/View.php(208): Illuminate/View/Engines/CompilerEngine->get('F://xampp//htdocs...', Array)
#10 F:/xampp/htdocs/adcoupon-platform/vendor/laravel/framework/src/Illuminate/View/View.php(191): Illuminate/View/View->getContents()
#11 F:/xampp/htdocs/adcoupon-platform/vendor/laravel/framework/src/Illuminate/View/View.php(160): Illuminate/View/View->renderContents()
#12 F:/xampp/htdocs/adcoupon-platform/vendor/laravel/framework/src/Illuminate/Http/Response.php(78): Illuminate/View/View->render()
#13 F:/xampp/htdocs/adcoupon-platform/vendor/laravel/framework/src/Illuminate/Http/Response.php(34): Illuminate/Http/Response->setContent(Object(Illuminate/View/View))
#14 F:/xampp/htdocs/adcoupon-platform/vendor/laravel/framework/src/Illuminate/Routing/Router.php(939): Illuminate/Http/Response->__construct(Object(Illuminate/View/View), 200, Array)
#15 F:/xampp/htdocs/adcoupon-platform/vendor/laravel/framework/src/Illuminate/Routing/Router.php(906): Illuminate/Routing/Router::toResponse(Object(Illuminate/Http/Request), Object(Illuminate/View/View))
#16 F:/xampp/htdocs/adcoupon-platform/vendor/laravel/framework/src/Illuminate/Routing/Router.php(821): Illuminate/Routing/Router->prepareResponse(Object(Illuminate/Http/Request), Object(Illuminate/View/View))
#17 F:/xampp/htdocs/adcoupon-platform/vendor/laravel/framework/src/Illuminate/Pipeline/Pipeline.php(180): Illuminate/Routing/Router->Illuminate/Routing/{closure}(Object(Illuminate/Http/Request))
#18 F:/xampp/htdocs/adcoupon-platform/vendor/laravel/framework/src/Illuminate/Routing/Middleware/SubstituteBindings.php(50): Illuminate/Pipeline/Pipeline->Illuminate/Pipeline/{closure}(Object(Illuminate/Http/Request))
#19 F:/xampp/htdocs/adcoupon-platform/vendor/laravel/framework/src/Illuminate/Pipeline/Pipeline.php(219): Illuminate/Routing/Middleware/SubstituteBindings->handle(Object(Illuminate/Http/Request), Object(Closure))
#20 F:/xampp/htdocs/adcoupon-platform/vendor/laravel/framework/src/Illuminate/Foundation/Http/Middleware/VerifyCsrfToken.php(87): Illuminate/Pipeline/Pipeline->Illuminate/Pipeline/{closure}(Object(Illuminate/Http/Request))
#21 F:/xampp/htdocs/adcoupon-platform/vendor/laravel/framework/src/Illuminate/Pipeline/Pipeline.php(219): Illuminate/Foundation/Http/Middleware/VerifyCsrfToken->handle(Object(Illuminate/Http/Request), Object(Closure))
#22 F:/xampp/htdocs/adcoupon-platform/vendor/laravel/framework/src/Illuminate/View/Middleware/ShareErrorsFromSession.php(48): Illuminate/Pipeline/Pipeline->Illuminate/Pipeline/{closure}(Object(Illuminate/Http/Request))
#23 F:/xampp/htdocs/adcoupon-platform/vendor/laravel/framework/src/Illuminate/Pipeline/Pipeline.php(219): Illuminate/View/Middleware/ShareErrorsFromSession->handle(Object(Illuminate/Http/Request), Object(Closure))
#24 F:/xampp/htdocs/adcoupon-platform/vendor/laravel/framework/src/Illuminate/Session/Middleware/StartSession.php(120): Illuminate/Pipeline/Pipeline->Illuminate/Pipeline/{closure}(Object(Illuminate/Http/Request))
#25 F:/xampp/htdocs/adcoupon-platform/vendor/laravel/framework/src/Illuminate/Session/Middleware/StartSession.php(63): Illuminate/Session/Middleware/StartSession->handleStatefulRequest(Object(Illuminate/Http/Request), Object(Illuminate/Session/Store), Object(Closure))
#26 F:/xampp/htdocs/adcoupon-platform/vendor/laravel/framework/src/Illuminate/Pipeline/Pipeline.php(219): Illuminate/Session/Middleware/StartSession->handle(Object(Illuminate/Http/Request), Object(Closure))
#27 F:/xampp/htdocs/adcoupon-platform/vendor/laravel/framework/src/Illuminate/Cookie/Middleware/AddQueuedCookiesToResponse.php(36): Illuminate/Pipeline/Pipeline->Illuminate/Pipeline/{closure}(Object(Illuminate/Http/Request))
#28 F:/xampp/htdocs/adcoupon-platform/vendor/laravel/framework/src/Illuminate/Pipeline/Pipeline.php(219): Illuminate/Cookie/Middleware/AddQueuedCookiesToResponse->handle(Object(Illuminate/Http/Request), Object(Closure))
#29 F:/xampp/htdocs/adcoupon-platform/vendor/laravel/framework/src/Illuminate/Cookie/Middleware/EncryptCookies.php(74): Illuminate/Pipeline/Pipeline->Illuminate/Pipeline/{closure}(Object(Illuminate/Http/Request))
#30 F:/xampp/htdocs/adcoupon-platform/vendor/laravel/framework/src/Illuminate/Pipeline/Pipeline.php(219): Illuminate/Cookie/Middleware/EncryptCookies->handle(Object(Illuminate/Http/Request), Object(Closure))
#31 F:/xampp/htdocs/adcoupon-platform/vendor/laravel/framework/src/Illuminate/Pipeline/Pipeline.php(137): Illuminate/Pipeline/Pipeline->Illuminate/Pipeline/{closure}(Object(Illuminate/Http/Request))
#32 F:/xampp/htdocs/adcoupon-platform/vendor/laravel/framework/src/Illuminate/Routing/Router.php(821): Illuminate/Pipeline/Pipeline->then(Object(Closure))
#33 F:/xampp/htdocs/adcoupon-platform/vendor/laravel/framework/src/Illuminate/Routing/Router.php(800): Illuminate/Routing/Router->runRouteWithinStack(Object(Illuminate/Routing/Route), Object(Illuminate/Http/Request))
#34 F:/xampp/htdocs/adcoupon-platform/vendor/laravel/framework/src/Illuminate/Routing/Router.php(764): Illuminate/Routing/Router->runRoute(Object(Illuminate/Http/Request), Object(Illuminate/Routing/Route))
#35 F:/xampp/htdocs/adcoupon-platform/vendor/laravel/framework/src/Illuminate/Routing/Router.php(753): Illuminate/Routing/Router->dispatchToRoute(Object(Illuminate/Http/Request))
#36 F:/xampp/htdocs/adcoupon-platform/vendor/laravel/framework/src/Illuminate/Foundation/Http/Kernel.php(200): Illuminate/Routing/Router->dispatch(Object(Illuminate/Http/Request))
#37 F:/xampp/htdocs/adcoupon-platform/vendor/laravel/framework/src/Illuminate/Pipeline/Pipeline.php(180): Illuminate/Foundation/Http/Kernel->Illuminate/Foundation/Http/{closure}(Object(Illuminate/Http/Request))
#38 F:/xampp/htdocs/adcoupon-platform/vendor/laravel/framework/src/Illuminate/Foundation/Http/Middleware/TransformsRequest.php(21): Illuminate/Pipeline/Pipeline->Illuminate/Pipeline/{closure}(Object(Illuminate/Http/Request))
#39 F:/xampp/htdocs/adcoupon-platform/vendor/laravel/framework/src/Illuminate/Foundation/Http/Middleware/ConvertEmptyStringsToNull.php(31): Illuminate/Foundation/Http/Middleware/TransformsRequest->handle(Object(Illuminate/Http/Request), Object(Closure))
#40 F:/xampp/htdocs/adcoupon-platform/vendor/laravel/framework/src/Illuminate/Pipeline/Pipeline.php(219): Illuminate/Foundation/Http/Middleware/ConvertEmptyStringsToNull->handle(Object(Illuminate/Http/Request), Object(Closure))
#41 F:/xampp/htdocs/adcoupon-platform/vendor/laravel/framework/src/Illuminate/Foundation/Http/Middleware/TransformsRequest.php(21): Illuminate/Pipeline/Pipeline->Illuminate/Pipeline/{closure}(Object(Illuminate/Http/Request))
#42 F:/xampp/htdocs/adcoupon-platform/vendor/laravel/framework/src/Illuminate/Foundation/Http/Middleware/TrimStrings.php(51): Illuminate/Foundation/Http/Middleware/TransformsRequest->handle(Object(Illuminate/Http/Request), Object(Closure))
#43 F:/xampp/htdocs/adcoupon-platform/vendor/laravel/framework/src/Illuminate/Pipeline/Pipeline.php(219): Illuminate/Foundation/Http/Middleware/TrimStrings->handle(Object(Illuminate/Http/Request), Object(Closure))
#44 F:/xampp/htdocs/adcoupon-platform/vendor/laravel/framework/src/Illuminate/Http/Middleware/ValidatePostSize.php(27): Illuminate/Pipeline/Pipeline->Illuminate/Pipeline/{closure}(Object(Illuminate/Http/Request))
#45 F:/xampp/htdocs/adcoupon-platform/vendor/laravel/framework/src/Illuminate/Pipeline/Pipeline.php(219): Illuminate/Http/Middleware/ValidatePostSize->handle(Object(Illuminate/Http/Request), Object(Closure))
#46 F:/xampp/htdocs/adcoupon-platform/vendor/laravel/framework/src/Illuminate/Foundation/Http/Middleware/PreventRequestsDuringMaintenance.php(109): Illuminate/Pipeline/Pipeline->Illuminate/Pipeline/{closure}(Object(Illuminate/Http/Request))
#47 F:/xampp/htdocs/adcoupon-platform/vendor/laravel/framework/src/Illuminate/Pipeline/Pipeline.php(219): Illuminate/Foundation/Http/Middleware/PreventRequestsDuringMaintenance->handle(Object(Illuminate/Http/Request), Object(Closure))
#48 F:/xampp/htdocs/adcoupon-platform/vendor/laravel/framework/src/Illuminate/Http/Middleware/HandleCors.php(61): Illuminate/Pipeline/Pipeline->Illuminate/Pipeline/{closure}(Object(Illuminate/Http/Request))
#49 F:/xampp/htdocs/adcoupon-platform/vendor/laravel/framework/src/Illuminate/Pipeline/Pipeline.php(219): Illuminate/Http/Middleware/HandleCors->handle(Object(Illuminate/Http/Request), Object(Closure))
#50 F:/xampp/htdocs/adcoupon-platform/vendor/laravel/framework/src/Illuminate/Http/Middleware/TrustProxies.php(58): Illuminate/Pipeline/Pipeline->Illuminate/Pipeline/{closure}(Object(Illuminate/Http/Request))
#51 F:/xampp/htdocs/adcoupon-platform/vendor/laravel/framework/src/Illuminate/Pipeline/Pipeline.php(219): Illuminate/Http/Middleware/TrustProxies->handle(Object(Illuminate/Http/Request), Object(Closure))
#52 F:/xampp/htdocs/adcoupon-platform/vendor/laravel/framework/src/Illuminate/Foundation/Http/Middleware/InvokeDeferredCallbacks.php(22): Illuminate/Pipeline/Pipeline->Illuminate/Pipeline/{closure}(Object(Illuminate/Http/Request))
#53 F:/xampp/htdocs/adcoupon-platform/vendor/laravel/framework/src/Illuminate/Pipeline/Pipeline.php(219): Illuminate/Foundation/Http/Middleware/InvokeDeferredCallbacks->handle(Object(Illuminate/Http/Request), Object(Closure))
#54 F:/xampp/htdocs/adcoupon-platform/vendor/laravel/framework/src/Illuminate/Http/Middleware/ValidatePathEncoding.php(26): Illuminate/Pipeline/Pipeline->Illuminate/Pipeline/{closure}(Object(Illuminate/Http/Request))
#55 F:/xampp/htdocs/adcoupon-platform/vendor/laravel/framework/src/Illuminate/Pipeline/Pipeline.php(219): Illuminate/Http/Middleware/ValidatePathEncoding->handle(Object(Illuminate/Http/Request), Object(Closure))
#56 F:/xampp/htdocs/adcoupon-platform/vendor/laravel/framework/src/Illuminate/Pipeline/Pipeline.php(137): Illuminate/Pipeline/Pipeline->Illuminate/Pipeline/{closure}(Object(Illuminate/Http/Request))
#57 F:/xampp/htdocs/adcoupon-platform/vendor/laravel/framework/src/Illuminate/Foundation/Http/Kernel.php(175): Illuminate/Pipeline/Pipeline->then(Object(Closure))
#58 F:/xampp/htdocs/adcoupon-platform/vendor/laravel/framework/src/Illuminate/Foundation/Http/Kernel.php(144): Illuminate/Foundation/Http/Kernel->sendRequestThroughRouter(Object(Illuminate/Http/Request))
#59 F:/xampp/htdocs/adcoupon-platform/vendor/laravel/framework/src/Illuminate/Foundation/Application.php(1220): Illuminate/Foundation/Http/Kernel->handle(Object(Illuminate/Http/Request))
#60 F:/xampp/htdocs/adcoupon-platform/public/index.php(15): Illuminate/Foundation/Application->handleRequest(Object(Illuminate/Http/Request))
#61 {main}
"} 
[2026-08-10 13:52:30] local.ERROR: Command "migrate:refesh" is not defined.

Did you mean one of these?
    migrate
    migrate:fresh
    migrate:install
    migrate:refresh
    migrate:reset
    migrate:rollback
    migrate:status {"exception":"[object] (Symfony\\Component\\Console\\Exception\\CommandNotFoundException(code: 0): Command \"migrate:refesh\" is not defined.

Did you mean one of these?
    migrate
    migrate:fresh
    migrate:install
    migrate:refresh
    migrate:reset
    migrate:rollback
    migrate:status at F:/xampp/htdocs/adcoupon-platform/vendor/symfony/console/Application.php:759)
[stacktrace]
#0 F:/xampp/htdocs/adcoupon-platform/vendor/symfony/console/Application.php(298): Symfony/Component/Console/Application->find('migrate:refesh')
#1 F:/xampp/htdocs/adcoupon-platform/vendor/symfony/console/Application.php(195): Symfony/Component/Console/Application->doRun(Object(Symfony/Component/Console/Input/ArgvInput), Object(Symfony/Component/Console/Output/ConsoleOutput))
#2 F:/xampp/htdocs/adcoupon-platform/vendor/laravel/framework/src/Illuminate/Foundation/Console/Kernel.php(198): Symfony/Component/Console/Application->run(Object(Symfony/Component/Console/Input/ArgvInput), Object(Symfony/Component/Console/Output/ConsoleOutput))
#3 F:/xampp/htdocs/adcoupon-platform/vendor/laravel/framework/src/Illuminate/Foundation/Application.php(1235): Illuminate/Foundation/Console/Kernel->handle(Object(Symfony/Component/Console/Input/ArgvInput), Object(Symfony/Component/Console/Output/ConsoleOutput))
#4 F:/xampp/htdocs/adcoupon-platform/artisan(13): Illuminate/Foundation/Application->handleCommand(Object(Symfony/Component/Console/Input/ArgvInput))
#5 {main}
"} 
[2026-08-10 13:52:52] local.ERROR: Command "migrate:roleback" is not defined.

Did you mean one of these?
    migrate
    migrate:fresh
    migrate:install
    migrate:refresh
    migrate:reset
    migrate:rollback
    migrate:status {"exception":"[object] (Symfony\\Component\\Console\\Exception\\CommandNotFoundException(code: 0): Command \"migrate:roleback\" is not defined.

Did you mean one of these?
    migrate
    migrate:fresh
    migrate:install
    migrate:refresh
    migrate:reset
    migrate:rollback
    migrate:status at F:/xampp/htdocs/adcoupon-platform/vendor/symfony/console/Application.php:759)
[stacktrace]
#0 F:/xampp/htdocs/adcoupon-platform/vendor/symfony/console/Application.php(298): Symfony/Component/Console/Application->find('migrate:rolebac...')
#1 F:/xampp/htdocs/adcoupon-platform/vendor/symfony/console/Application.php(195): Symfony/Component/Console/Application->doRun(Object(Symfony/Component/Console/Input/ArgvInput), Object(Symfony/Component/Console/Output/ConsoleOutput))
#2 F:/xampp/htdocs/adcoupon-platform/vendor/laravel/framework/src/Illuminate/Foundation/Console/Kernel.php(198): Symfony/Component/Console/Application->run(Object(Symfony/Component/Console/Input/ArgvInput), Object(Symfony/Component/Console/Output/ConsoleOutput))
#3 F:/xampp/htdocs/adcoupon-platform/vendor/laravel/framework/src/Illuminate/Foundation/Application.php(1235): Illuminate/Foundation/Console/Kernel->handle(Object(Symfony/Component/Console/Input/ArgvInput), Object(Symfony/Component/Console/Output/ConsoleOutput))
#4 F:/xampp/htdocs/adcoupon-platform/artisan(13): Illuminate/Foundation/Application->handleCommand(Object(Symfony/Component/Console/Input/ArgvInput))
#5 {main}
"} 
[2026-08-11 08:02:13] local.ERROR: rename(F:\xampp\htdocs\adcoupon-platform\storage\framework\views\3f887FA.tmp,F:\xampp\htdocs\adcoupon-platform\storage\framework\views/3f8c2ffcf82051c7e31278e325cae07c.php): Access is denied (code: 5) {"exception":"[object] (ErrorException(code: 0): rename(F:\\xampp\\htdocs\\adcoupon-platform\\storage\\framework\\views\\3f887FA.tmp,F:\\xampp\\htdocs\\adcoupon-platform\\storage\\framework\\views/3f8c2ffcf82051c7e31278e325cae07c.php): Access is denied (code: 5) at F:/xampp/htdocs/adcoupon-platform/vendor/laravel/framework/src/Illuminate/Filesystem/Filesystem.php:233)
[stacktrace]
#0 F:/xampp/htdocs/adcoupon-platform/vendor/laravel/framework/src/Illuminate/Foundation/Bootstrap/HandleExceptions.php(262): Illuminate/Foundation/Bootstrap/HandleExceptions->handleError(2, 'rename(F://xampp...', 'F://xampp//htdocs...', 233)
#1 [internal function]: Illuminate/Foundation/Bootstrap/HandleExceptions->Illuminate/Foundation/Bootstrap/{closure}(2, 'rename(F://xampp...', 'F://xampp//htdocs...', 233)
#2 F:/xampp/htdocs/adcoupon-platform/vendor/laravel/framework/src/Illuminate/Filesystem/Filesystem.php(233): rename('F://xampp//htdocs...', 'F://xampp//htdocs...')
#3 F:/xampp/htdocs/adcoupon-platform/vendor/laravel/framework/src/Illuminate/View/Compilers/BladeCompiler.php(199): Illuminate/Filesystem/Filesystem->replace('F://xampp//htdocs...', '<?php $__env->s...')
#4 F:/xampp/htdocs/adcoupon-platform/vendor/laravel/framework/src/Illuminate/View/Engines/CompilerEngine.php(68): Illuminate/View/Compilers/BladeCompiler->compile('F://xampp//htdocs...')
#5 F:/xampp/htdocs/adcoupon-platform/vendor/laravel/framework/src/Illuminate/View/View.php(208): Illuminate/View/Engines/CompilerEngine->get('F://xampp//htdocs...', Array)
#6 F:/xampp/htdocs/adcoupon-platform/vendor/laravel/framework/src/Illuminate/View/View.php(191): Illuminate/View/View->getContents()
#7 F:/xampp/htdocs/adcoupon-platform/vendor/laravel/framework/src/Illuminate/View/View.php(160): Illuminate/View/View->renderContents()
#8 F:/xampp/htdocs/adcoupon-platform/vendor/laravel/framework/src/Illuminate/Http/Response.php(78): Illuminate/View/View->render()
#9 F:/xampp/htdocs/adcoupon-platform/vendor/laravel/framework/src/Illuminate/Http/Response.php(34): Illuminate/Http/Response->setContent(Object(Illuminate/View/View))
#10 F:/xampp/htdocs/adcoupon-platform/vendor/laravel/framework/src/Illuminate/Routing/ResponseFactory.php(61): Illuminate/Http/Response->__construct(Object(Illuminate/View/View), 404, Array)
#11 F:/xampp/htdocs/adcoupon-platform/vendor/laravel/framework/src/Illuminate/Routing/ResponseFactory.php(91): Illuminate/Routing/ResponseFactory->make(Object(Illuminate/View/View), 404, Array)
#12 F:/xampp/htdocs/adcoupon-platform/vendor/laravel/framework/src/Illuminate/Foundation/Exceptions/Handler.php(926): Illuminate/Routing/ResponseFactory->view('errors::404', Array, 404, Array)
#13 F:/xampp/htdocs/adcoupon-platform/vendor/laravel/framework/src/Illuminate/Foundation/Exceptions/Handler.php(847): Illuminate/Foundation/Exceptions/Handler->renderHttpException(Object(Symfony/Component/HttpKernel/Exception/NotFoundHttpException))
#14 F:/xampp/htdocs/adcoupon-platform/vendor/laravel/framework/src/Illuminate/Foundation/Exceptions/Handler.php(738): Illuminate/Foundation/Exceptions/Handler->prepareResponse(Object(Illuminate/Http/Request), Object(Symfony/Component/HttpKernel/Exception/NotFoundHttpException))
#15 F:/xampp/htdocs/adcoupon-platform/vendor/laravel/framework/src/Illuminate/Foundation/Exceptions/Handler.php(626): Illuminate/Foundation/Exceptions/Handler->renderExceptionResponse(Object(Illuminate/Http/Request), Object(Symfony/Component/HttpKernel/Exception/NotFoundHttpException))
#16 F:/xampp/htdocs/adcoupon-platform/vendor/laravel/framework/src/Illuminate/Routing/Pipeline.php(51): Illuminate/Foundation/Exceptions/Handler->render(Object(Illuminate/Http/Request), Object(Symfony/Component/HttpKernel/Exception/NotFoundHttpException))
#17 F:/xampp/htdocs/adcoupon-platform/vendor/laravel/framework/src/Illuminate/Pipeline/Pipeline.php(182): Illuminate/Routing/Pipeline->handleException(Object(Illuminate/Http/Request), Object(Symfony/Component/HttpKernel/Exception/NotFoundHttpException))
#18 F:/xampp/htdocs/adcoupon-platform/vendor/laravel/framework/src/Illuminate/Foundation/Http/Middleware/TransformsRequest.php(21): Illuminate/Pipeline/Pipeline->Illuminate/Pipeline/{closure}(Object(Illuminate/Http/Request))
#19 F:/xampp/htdocs/adcoupon-platform/vendor/laravel/framework/src/Illuminate/Foundation/Http/Middleware/ConvertEmptyStringsToNull.php(31): Illuminate/Foundation/Http/Middleware/TransformsRequest->handle(Object(Illuminate/Http/Request), Object(Closure))
#20 F:/xampp/htdocs/adcoupon-platform/vendor/laravel/framework/src/Illuminate/Pipeline/Pipeline.php(219): Illuminate/Foundation/Http/Middleware/ConvertEmptyStringsToNull->handle(Object(Illuminate/Http/Request), Object(Closure))
#21 F:/xampp/htdocs/adcoupon-platform/vendor/laravel/framework/src/Illuminate/Foundation/Http/Middleware/TransformsRequest.php(21): Illuminate/Pipeline/Pipeline->Illuminate/Pipeline/{closure}(Object(Illuminate/Http/Request))
#22 F:/xampp/htdocs/adcoupon-platform/vendor/laravel/framework/src/Illuminate/Foundation/Http/Middleware/TrimStrings.php(51): Illuminate/Foundation/Http/Middleware/TransformsRequest->handle(Object(Illuminate/Http/Request), Object(Closure))
#23 F:/xampp/htdocs/adcoupon-platform/vendor/laravel/framework/src/Illuminate/Pipeline/Pipeline.php(219): Illuminate/Foundation/Http/Middleware/TrimStrings->handle(Object(Illuminate/Http/Request), Object(Closure))
#24 F:/xampp/htdocs/adcoupon-platform/vendor/laravel/framework/src/Illuminate/Http/Middleware/ValidatePostSize.php(27): Illuminate/Pipeline/Pipeline->Illuminate/Pipeline/{closure}(Object(Illuminate/Http/Request))
#25 F:/xampp/htdocs/adcoupon-platform/vendor/laravel/framework/src/Illuminate/Pipeline/Pipeline.php(219): Illuminate/Http/Middleware/ValidatePostSize->handle(Object(Illuminate/Http/Request), Object(Closure))
#26 F:/xampp/htdocs/adcoupon-platform/vendor/laravel/framework/src/Illuminate/Foundation/Http/Middleware/PreventRequestsDuringMaintenance.php(109): Illuminate/Pipeline/Pipeline->Illuminate/Pipeline/{closure}(Object(Illuminate/Http/Request))
#27 F:/xampp/htdocs/adcoupon-platform/vendor/laravel/framework/src/Illuminate/Pipeline/Pipeline.php(219): Illuminate/Foundation/Http/Middleware/PreventRequestsDuringMaintenance->handle(Object(Illuminate/Http/Request), Object(Closure))
#28 F:/xampp/htdocs/adcoupon-platform/vendor/laravel/framework/src/Illuminate/Http/Middleware/HandleCors.php(61): Illuminate/Pipeline/Pipeline->Illuminate/Pipeline/{closure}(Object(Illuminate/Http/Request))
#29 F:/xampp/htdocs/adcoupon-platform/vendor/laravel/framework/src/Illuminate/Pipeline/Pipeline.php(219): Illuminate/Http/Middleware/HandleCors->handle(Object(Illuminate/Http/Request), Object(Closure))
#30 F:/xampp/htdocs/adcoupon-platform/vendor/laravel/framework/src/Illuminate/Http/Middleware/TrustProxies.php(58): Illuminate/Pipeline/Pipeline->Illuminate/Pipeline/{closure}(Object(Illuminate/Http/Request))
#31 F:/xampp/htdocs/adcoupon-platform/vendor/laravel/framework/src/Illuminate/Pipeline/Pipeline.php(219): Illuminate/Http/Middleware/TrustProxies->handle(Object(Illuminate/Http/Request), Object(Closure))
#32 F:/xampp/htdocs/adcoupon-platform/vendor/laravel/framework/src/Illuminate/Foundation/Http/Middleware/InvokeDeferredCallbacks.php(22): Illuminate/Pipeline/Pipeline->Illuminate/Pipeline/{closure}(Object(Illuminate/Http/Request))
#33 F:/xampp/htdocs/adcoupon-platform/vendor/laravel/framework/src/Illuminate/Pipeline/Pipeline.php(219): Illuminate/Foundation/Http/Middleware/InvokeDeferredCallbacks->handle(Object(Illuminate/Http/Request), Object(Closure))
#34 F:/xampp/htdocs/adcoupon-platform/vendor/laravel/framework/src/Illuminate/Http/Middleware/ValidatePathEncoding.php(26): Illuminate/Pipeline/Pipeline->Illuminate/Pipeline/{closure}(Object(Illuminate/Http/Request))
#35 F:/xampp/htdocs/adcoupon-platform/vendor/laravel/framework/src/Illuminate/Pipeline/Pipeline.php(219): Illuminate/Http/Middleware/ValidatePathEncoding->handle(Object(Illuminate/Http/Request), Object(Closure))
#36 F:/xampp/htdocs/adcoupon-platform/vendor/laravel/framework/src/Illuminate/Pipeline/Pipeline.php(137): Illuminate/Pipeline/Pipeline->Illuminate/Pipeline/{closure}(Object(Illuminate/Http/Request))
#37 F:/xampp/htdocs/adcoupon-platform/vendor/laravel/framework/src/Illuminate/Foundation/Http/Kernel.php(175): Illuminate/Pipeline/Pipeline->then(Object(Closure))
#38 F:/xampp/htdocs/adcoupon-platform/vendor/laravel/framework/src/Illuminate/Foundation/Http/Kernel.php(144): Illuminate/Foundation/Http/Kernel->sendRequestThroughRouter(Object(Illuminate/Http/Request))
#39 F:/xampp/htdocs/adcoupon-platform/vendor/laravel/framework/src/Illuminate/Foundation/Application.php(1220): Illuminate/Foundation/Http/Kernel->handle(Object(Illuminate/Http/Request))
#40 F:/xampp/htdocs/adcoupon-platform/public/index.php(15): Illuminate/Foundation/Application->handleRequest(Object(Illuminate/Http/Request))
#41 {main}
"} 
[2026-08-11 08:05:46] local.ERROR: SQLSTATE[42S02]: Base table or view not found: 1146 Table 'adcoupon_platform.category_icons' doesn't exist (Connection: mysql, Host: 127.0.0.1, Port: 3306, Database: adcoupon_platform, SQL: select `icon_path`, `category` from `category_icons` where `icon_path` is not null) {"exception":"[object] (Illuminate\\Database\\QueryException(code: 42S02): SQLSTATE[42S02]: Base table or view not found: 1146 Table 'adcoupon_platform.category_icons' doesn't exist (Connection: mysql, Host: 127.0.0.1, Port: 3306, Database: adcoupon_platform, SQL: select `icon_path`, `category` from `category_icons` where `icon_path` is not null) at F:/xampp/htdocs/adcoupon-platform/vendor/laravel/framework/src/Illuminate/Database/Connection.php:838)
[stacktrace]
#0 F:/xampp/htdocs/adcoupon-platform/vendor/laravel/framework/src/Illuminate/Database/Connection.php(794): Illuminate/Database/Connection->runQueryCallback('select `icon_pa...', Array, Object(Closure))
#1 F:/xampp/htdocs/adcoupon-platform/vendor/laravel/framework/src/Illuminate/Database/Connection.php(411): Illuminate/Database/Connection->run('select `icon_pa...', Array, Object(Closure))
#2 F:/xampp/htdocs/adcoupon-platform/vendor/laravel/framework/src/Illuminate/Database/Query/Builder.php(3505): Illuminate/Database/Connection->select('select `icon_pa...', Array, true)
#3 F:/xampp/htdocs/adcoupon-platform/vendor/laravel/framework/src/Illuminate/Database/Query/Builder.php(3763): Illuminate/Database/Query/Builder->runSelect()
#4 F:/xampp/htdocs/adcoupon-platform/vendor/laravel/framework/src/Illuminate/Database/Query/Builder.php(4080): Illuminate/Database/Query/Builder->Illuminate/Database/Query/{closure}()
#5 F:/xampp/htdocs/adcoupon-platform/vendor/laravel/framework/src/Illuminate/Database/Query/Builder.php(3759): Illuminate/Database/Query/Builder->onceWithColumns(Array, Object(Closure))
#6 F:/xampp/htdocs/adcoupon-platform/vendor/laravel/framework/src/Illuminate/Database/Eloquent/Builder.php(1082): Illuminate/Database/Query/Builder->pluck('icon_path', 'category')
#7 F:/xampp/htdocs/adcoupon-platform/app/Services/HomepageContentService.php(60): Illuminate/Database/Eloquent/Builder->pluck('icon_path', 'category')
#8 F:/xampp/htdocs/adcoupon-platform/app/Http/Controllers/Public/HomeController.php(35): App/Services/HomepageContentService->categoriesWithIcons()
#9 F:/xampp/htdocs/adcoupon-platform/vendor/laravel/framework/src/Illuminate/Routing/ControllerDispatcher.php(46): App/Http/Controllers/Public/HomeController->__invoke(Object(Illuminate/Http/Request))
#10 F:/xampp/htdocs/adcoupon-platform/vendor/laravel/framework/src/Illuminate/Routing/Route.php(265): Illuminate/Routing/ControllerDispatcher->dispatch(Object(Illuminate/Routing/Route), Object(App/Http/Controllers/Public/HomeController), '__invoke')
#11 F:/xampp/htdocs/adcoupon-platform/vendor/laravel/framework/src/Illuminate/Routing/Route.php(211): Illuminate/Routing/Route->runController()
#12 F:/xampp/htdocs/adcoupon-platform/vendor/laravel/framework/src/Illuminate/Routing/Router.php(822): Illuminate/Routing/Route->run()
#13 F:/xampp/htdocs/adcoupon-platform/vendor/laravel/framework/src/Illuminate/Pipeline/Pipeline.php(180): Illuminate/Routing/Router->Illuminate/Routing/{closure}(Object(Illuminate/Http/Request))
#14 F:/xampp/htdocs/adcoupon-platform/vendor/laravel/framework/src/Illuminate/Routing/Middleware/SubstituteBindings.php(50): Illuminate/Pipeline/Pipeline->Illuminate/Pipeline/{closure}(Object(Illuminate/Http/Request))
#15 F:/xampp/htdocs/adcoupon-platform/vendor/laravel/framework/src/Illuminate/Pipeline/Pipeline.php(219): Illuminate/Routing/Middleware/SubstituteBindings->handle(Object(Illuminate/Http/Request), Object(Closure))
#16 F:/xampp/htdocs/adcoupon-platform/vendor/laravel/framework/src/Illuminate/Foundation/Http/Middleware/VerifyCsrfToken.php(87): Illuminate/Pipeline/Pipeline->Illuminate/Pipeline/{closure}(Object(Illuminate/Http/Request))
#17 F:/xampp/htdocs/adcoupon-platform/vendor/laravel/framework/src/Illuminate/Pipeline/Pipeline.php(219): Illuminate/Foundation/Http/Middleware/VerifyCsrfToken->handle(Object(Illuminate/Http/Request), Object(Closure))
#18 F:/xampp/htdocs/adcoupon-platform/vendor/laravel/framework/src/Illuminate/View/Middleware/ShareErrorsFromSession.php(48): Illuminate/Pipeline/Pipeline->Illuminate/Pipeline/{closure}(Object(Illuminate/Http/Request))
#19 F:/xampp/htdocs/adcoupon-platform/vendor/laravel/framework/src/Illuminate/Pipeline/Pipeline.php(219): Illuminate/View/Middleware/ShareErrorsFromSession->handle(Object(Illuminate/Http/Request), Object(Closure))
#20 F:/xampp/htdocs/adcoupon-platform/vendor/laravel/framework/src/Illuminate/Session/Middleware/StartSession.php(120): Illuminate/Pipeline/Pipeline->Illuminate/Pipeline/{closure}(Object(Illuminate/Http/Request))
#21 F:/xampp/htdocs/adcoupon-platform/vendor/laravel/framework/src/Illuminate/Session/Middleware/StartSession.php(63): Illuminate/Session/Middleware/StartSession->handleStatefulRequest(Object(Illuminate/Http/Request), Object(Illuminate/Session/Store), Object(Closure))
#22 F:/xampp/htdocs/adcoupon-platform/vendor/laravel/framework/src/Illuminate/Pipeline/Pipeline.php(219): Illuminate/Session/Middleware/StartSession->handle(Object(Illuminate/Http/Request), Object(Closure))
#23 F:/xampp/htdocs/adcoupon-platform/vendor/laravel/framework/src/Illuminate/Cookie/Middleware/AddQueuedCookiesToResponse.php(36): Illuminate/Pipeline/Pipeline->Illuminate/Pipeline/{closure}(Object(Illuminate/Http/Request))
#24 F:/xampp/htdocs/adcoupon-platform/vendor/laravel/framework/src/Illuminate/Pipeline/Pipeline.php(219): Illuminate/Cookie/Middleware/AddQueuedCookiesToResponse->handle(Object(Illuminate/Http/Request), Object(Closure))
#25 F:/xampp/htdocs/adcoupon-platform/vendor/laravel/framework/src/Illuminate/Cookie/Middleware/EncryptCookies.php(74): Illuminate/Pipeline/Pipeline->Illuminate/Pipeline/{closure}(Object(Illuminate/Http/Request))
#26 F:/xampp/htdocs/adcoupon-platform/vendor/laravel/framework/src/Illuminate/Pipeline/Pipeline.php(219): Illuminate/Cookie/Middleware/EncryptCookies->handle(Object(Illuminate/Http/Request), Object(Closure))
#27 F:/xampp/htdocs/adcoupon-platform/vendor/laravel/framework/src/Illuminate/Pipeline/Pipeline.php(137): Illuminate/Pipeline/Pipeline->Illuminate/Pipeline/{closure}(Object(Illuminate/Http/Request))
#28 F:/xampp/htdocs/adcoupon-platform/vendor/laravel/framework/src/Illuminate/Routing/Router.php(821): Illuminate/Pipeline/Pipeline->then(Object(Closure))
#29 F:/xampp/htdocs/adcoupon-platform/vendor/laravel/framework/src/Illuminate/Routing/Router.php(800): Illuminate/Routing/Router->runRouteWithinStack(Object(Illuminate/Routing/Route), Object(Illuminate/Http/Request))
#30 F:/xampp/htdocs/adcoupon-platform/vendor/laravel/framework/src/Illuminate/Routing/Router.php(764): Illuminate/Routing/Router->runRoute(Object(Illuminate/Http/Request), Object(Illuminate/Routing/Route))
#31 F:/xampp/htdocs/adcoupon-platform/vendor/laravel/framework/src/Illuminate/Routing/Router.php(753): Illuminate/Routing/Router->dispatchToRoute(Object(Illuminate/Http/Request))
#32 F:/xampp/htdocs/adcoupon-platform/vendor/laravel/framework/src/Illuminate/Foundation/Http/Kernel.php(200): Illuminate/Routing/Router->dispatch(Object(Illuminate/Http/Request))
#33 F:/xampp/htdocs/adcoupon-platform/vendor/laravel/framework/src/Illuminate/Pipeline/Pipeline.php(180): Illuminate/Foundation/Http/Kernel->Illuminate/Foundation/Http/{closure}(Object(Illuminate/Http/Request))
#34 F:/xampp/htdocs/adcoupon-platform/vendor/laravel/framework/src/Illuminate/Foundation/Http/Middleware/TransformsRequest.php(21): Illuminate/Pipeline/Pipeline->Illuminate/Pipeline/{closure}(Object(Illuminate/Http/Request))
#35 F:/xampp/htdocs/adcoupon-platform/vendor/laravel/framework/src/Illuminate/Foundation/Http/Middleware/ConvertEmptyStringsToNull.php(31): Illuminate/Foundation/Http/Middleware/TransformsRequest->handle(Object(Illuminate/Http/Request), Object(Closure))
#36 F:/xampp/htdocs/adcoupon-platform/vendor/laravel/framework/src/Illuminate/Pipeline/Pipeline.php(219): Illuminate/Foundation/Http/Middleware/ConvertEmptyStringsToNull->handle(Object(Illuminate/Http/Request), Object(Closure))
#37 F:/xampp/htdocs/adcoupon-platform/vendor/laravel/framework/src/Illuminate/Foundation/Http/Middleware/TransformsRequest.php(21): Illuminate/Pipeline/Pipeline->Illuminate/Pipeline/{closure}(Object(Illuminate/Http/Request))
#38 F:/xampp/htdocs/adcoupon-platform/vendor/laravel/framework/src/Illuminate/Foundation/Http/Middleware/TrimStrings.php(51): Illuminate/Foundation/Http/Middleware/TransformsRequest->handle(Object(Illuminate/Http/Request), Object(Closure))
#39 F:/xampp/htdocs/adcoupon-platform/vendor/laravel/framework/src/Illuminate/Pipeline/Pipeline.php(219): Illuminate/Foundation/Http/Middleware/TrimStrings->handle(Object(Illuminate/Http/Request), Object(Closure))
#40 F:/xampp/htdocs/adcoupon-platform/vendor/laravel/framework/src/Illuminate/Http/Middleware/ValidatePostSize.php(27): Illuminate/Pipeline/Pipeline->Illuminate/Pipeline/{closure}(Object(Illuminate/Http/Request))
#41 F:/xampp/htdocs/adcoupon-platform/vendor/laravel/framework/src/Illuminate/Pipeline/Pipeline.php(219): Illuminate/Http/Middleware/ValidatePostSize->handle(Object(Illuminate/Http/Request), Object(Closure))
#42 F:/xampp/htdocs/adcoupon-platform/vendor/laravel/framework/src/Illuminate/Foundation/Http/Middleware/PreventRequestsDuringMaintenance.php(109): Illuminate/Pipeline/Pipeline->Illuminate/Pipeline/{closure}(Object(Illuminate/Http/Request))
#43 F:/xampp/htdocs/adcoupon-platform/vendor/laravel/framework/src/Illuminate/Pipeline/Pipeline.php(219): Illuminate/Foundation/Http/Middleware/PreventRequestsDuringMaintenance->handle(Object(Illuminate/Http/Request), Object(Closure))
#44 F:/xampp/htdocs/adcoupon-platform/vendor/laravel/framework/src/Illuminate/Http/Middleware/HandleCors.php(61): Illuminate/Pipeline/Pipeline->Illuminate/Pipeline/{closure}(Object(Illuminate/Http/Request))
#45 F:/xampp/htdocs/adcoupon-platform/vendor/laravel/framework/src/Illuminate/Pipeline/Pipeline.php(219): Illuminate/Http/Middleware/HandleCors->handle(Object(Illuminate/Http/Request), Object(Closure))
#46 F:/xampp/htdocs/adcoupon-platform/vendor/laravel/framework/src/Illuminate/Http/Middleware/TrustProxies.php(58): Illuminate/Pipeline/Pipeline->Illuminate/Pipeline/{closure}(Object(Illuminate/Http/Request))
#47 F:/xampp/htdocs/adcoupon-platform/vendor/laravel/framework/src/Illuminate/Pipeline/Pipeline.php(219): Illuminate/Http/Middleware/TrustProxies->handle(Object(Illuminate/Http/Request), Object(Closure))
#48 F:/xampp/htdocs/adcoupon-platform/vendor/laravel/framework/src/Illuminate/Foundation/Http/Middleware/InvokeDeferredCallbacks.php(22): Illuminate/Pipeline/Pipeline->Illuminate/Pipeline/{closure}(Object(Illuminate/Http/Request))
#49 F:/xampp/htdocs/adcoupon-platform/vendor/laravel/framework/src/Illuminate/Pipeline/Pipeline.php(219): Illuminate/Foundation/Http/Middleware/InvokeDeferredCallbacks->handle(Object(Illuminate/Http/Request), Object(Closure))
#50 F:/xampp/htdocs/adcoupon-platform/vendor/laravel/framework/src/Illuminate/Http/Middleware/ValidatePathEncoding.php(26): Illuminate/Pipeline/Pipeline->Illuminate/Pipeline/{closure}(Object(Illuminate/Http/Request))
#51 F:/xampp/htdocs/adcoupon-platform/vendor/laravel/framework/src/Illuminate/Pipeline/Pipeline.php(219): Illuminate/Http/Middleware/ValidatePathEncoding->handle(Object(Illuminate/Http/Request), Object(Closure))
#52 F:/xampp/htdocs/adcoupon-platform/vendor/laravel/framework/src/Illuminate/Pipeline/Pipeline.php(137): Illuminate/Pipeline/Pipeline->Illuminate/Pipeline/{closure}(Object(Illuminate/Http/Request))
#53 F:/xampp/htdocs/adcoupon-platform/vendor/laravel/framework/src/Illuminate/Foundation/Http/Kernel.php(175): Illuminate/Pipeline/Pipeline->then(Object(Closure))
#54 F:/xampp/htdocs/adcoupon-platform/vendor/laravel/framework/src/Illuminate/Foundation/Http/Kernel.php(144): Illuminate/Foundation/Http/Kernel->sendRequestThroughRouter(Object(Illuminate/Http/Request))
#55 F:/xampp/htdocs/adcoupon-platform/vendor/laravel/framework/src/Illuminate/Foundation/Application.php(1220): Illuminate/Foundation/Http/Kernel->handle(Object(Illuminate/Http/Request))
#56 F:/xampp/htdocs/adcoupon-platform/public/index.php(15): Illuminate/Foundation/Application->handleRequest(Object(Illuminate/Http/Request))
#57 {main}

[previous exception] [object] (PDOException(code: 42S02): SQLSTATE[42S02]: Base table or view not found: 1146 Table 'adcoupon_platform.category_icons' doesn't exist at F:/xampp/htdocs/adcoupon-platform/vendor/laravel/framework/src/Illuminate/Database/Connection.php:420)
[stacktrace]
#0 F:/xampp/htdocs/adcoupon-platform/vendor/laravel/framework/src/Illuminate/Database/Connection.php(420): PDO->prepare('select `icon_pa...')
#1 F:/xampp/htdocs/adcoupon-platform/vendor/laravel/framework/src/Illuminate/Database/Connection.php(827): Illuminate/Database/Connection->Illuminate/Database/{closure}('select `icon_pa...', Array)
#2 F:/xampp/htdocs/adcoupon-platform/vendor/laravel/framework/src/Illuminate/Database/Connection.php(794): Illuminate/Database/Connection->runQueryCallback('select `icon_pa...', Array, Object(Closure))
#3 F:/xampp/htdocs/adcoupon-platform/vendor/laravel/framework/src/Illuminate/Database/Connection.php(411): Illuminate/Database/Connection->run('select `icon_pa...', Array, Object(Closure))
#4 F:/xampp/htdocs/adcoupon-platform/vendor/laravel/framework/src/Illuminate/Database/Query/Builder.php(3505): Illuminate/Database/Connection->select('select `icon_pa...', Array, true)
#5 F:/xampp/htdocs/adcoupon-platform/vendor/laravel/framework/src/Illuminate/Database/Query/Builder.php(3763): Illuminate/Database/Query/Builder->runSelect()
#6 F:/xampp/htdocs/adcoupon-platform/vendor/laravel/framework/src/Illuminate/Database/Query/Builder.php(4080): Illuminate/Database/Query/Builder->Illuminate/Database/Query/{closure}()
#7 F:/xampp/htdocs/adcoupon-platform/vendor/laravel/framework/src/Illuminate/Database/Query/Builder.php(3759): Illuminate/Database/Query/Builder->onceWithColumns(Array, Object(Closure))
#8 F:/xampp/htdocs/adcoupon-platform/vendor/laravel/framework/src/Illuminate/Database/Eloquent/Builder.php(1082): Illuminate/Database/Query/Builder->pluck('icon_path', 'category')
#9 F:/xampp/htdocs/adcoupon-platform/app/Services/HomepageContentService.php(60): Illuminate/Database/Eloquent/Builder->pluck('icon_path', 'category')
#10 F:/xampp/htdocs/adcoupon-platform/app/Http/Controllers/Public/HomeController.php(35): App/Services/HomepageContentService->categoriesWithIcons()
#11 F:/xampp/htdocs/adcoupon-platform/vendor/laravel/framework/src/Illuminate/Routing/ControllerDispatcher.php(46): App/Http/Controllers/Public/HomeController->__invoke(Object(Illuminate/Http/Request))
#12 F:/xampp/htdocs/adcoupon-platform/vendor/laravel/framework/src/Illuminate/Routing/Route.php(265): Illuminate/Routing/ControllerDispatcher->dispatch(Object(Illuminate/Routing/Route), Object(App/Http/Controllers/Public/HomeController), '__invoke')
#13 F:/xampp/htdocs/adcoupon-platform/vendor/laravel/framework/src/Illuminate/Routing/Route.php(211): Illuminate/Routing/Route->runController()
#14 F:/xampp/htdocs/adcoupon-platform/vendor/laravel/framework/src/Illuminate/Routing/Router.php(822): Illuminate/Routing/Route->run()
#15 F:/xampp/htdocs/adcoupon-platform/vendor/laravel/framework/src/Illuminate/Pipeline/Pipeline.php(180): Illuminate/Routing/Router->Illuminate/Routing/{closure}(Object(Illuminate/Http/Request))
#16 F:/xampp/htdocs/adcoupon-platform/vendor/laravel/framework/src/Illuminate/Routing/Middleware/SubstituteBindings.php(50): Illuminate/Pipeline/Pipeline->Illuminate/Pipeline/{closure}(Object(Illuminate/Http/Request))
#17 F:/xampp/htdocs/adcoupon-platform/vendor/laravel/framework/src/Illuminate/Pipeline/Pipeline.php(219): Illuminate/Routing/Middleware/SubstituteBindings->handle(Object(Illuminate/Http/Request), Object(Closure))
#18 F:/xampp/htdocs/adcoupon-platform/vendor/laravel/framework/src/Illuminate/Foundation/Http/Middleware/VerifyCsrfToken.php(87): Illuminate/Pipeline/Pipeline->Illuminate/Pipeline/{closure}(Object(Illuminate/Http/Request))
#19 F:/xampp/htdocs/adcoupon-platform/vendor/laravel/framework/src/Illuminate/Pipeline/Pipeline.php(219): Illuminate/Foundation/Http/Middleware/VerifyCsrfToken->handle(Object(Illuminate/Http/Request), Object(Closure))
#20 F:/xampp/htdocs/adcoupon-platform/vendor/laravel/framework/src/Illuminate/View/Middleware/ShareErrorsFromSession.php(48): Illuminate/Pipeline/Pipeline->Illuminate/Pipeline/{closure}(Object(Illuminate/Http/Request))
#21 F:/xampp/htdocs/adcoupon-platform/vendor/laravel/framework/src/Illuminate/Pipeline/Pipeline.php(219): Illuminate/View/Middleware/ShareErrorsFromSession->handle(Object(Illuminate/Http/Request), Object(Closure))
#22 F:/xampp/htdocs/adcoupon-platform/vendor/laravel/framework/src/Illuminate/Session/Middleware/StartSession.php(120): Illuminate/Pipeline/Pipeline->Illuminate/Pipeline/{closure}(Object(Illuminate/Http/Request))
#23 F:/xampp/htdocs/adcoupon-platform/vendor/laravel/framework/src/Illuminate/Session/Middleware/StartSession.php(63): Illuminate/Session/Middleware/StartSession->handleStatefulRequest(Object(Illuminate/Http/Request), Object(Illuminate/Session/Store), Object(Closure))
#24 F:/xampp/htdocs/adcoupon-platform/vendor/laravel/framework/src/Illuminate/Pipeline/Pipeline.php(219): Illuminate/Session/Middleware/StartSession->handle(Object(Illuminate/Http/Request), Object(Closure))
#25 F:/xampp/htdocs/adcoupon-platform/vendor/laravel/framework/src/Illuminate/Cookie/Middleware/AddQueuedCookiesToResponse.php(36): Illuminate/Pipeline/Pipeline->Illuminate/Pipeline/{closure}(Object(Illuminate/Http/Request))
#26 F:/xampp/htdocs/adcoupon-platform/vendor/laravel/framework/src/Illuminate/Pipeline/Pipeline.php(219): Illuminate/Cookie/Middleware/AddQueuedCookiesToResponse->handle(Object(Illuminate/Http/Request), Object(Closure))
#27 F:/xampp/htdocs/adcoupon-platform/vendor/laravel/framework/src/Illuminate/Cookie/Middleware/EncryptCookies.php(74): Illuminate/Pipeline/Pipeline->Illuminate/Pipeline/{closure}(Object(Illuminate/Http/Request))
#28 F:/xampp/htdocs/adcoupon-platform/vendor/laravel/framework/src/Illuminate/Pipeline/Pipeline.php(219): Illuminate/Cookie/Middleware/EncryptCookies->handle(Object(Illuminate/Http/Request), Object(Closure))
#29 F:/xampp/htdocs/adcoupon-platform/vendor/laravel/framework/src/Illuminate/Pipeline/Pipeline.php(137): Illuminate/Pipeline/Pipeline->Illuminate/Pipeline/{closure}(Object(Illuminate/Http/Request))
#30 F:/xampp/htdocs/adcoupon-platform/vendor/laravel/framework/src/Illuminate/Routing/Router.php(821): Illuminate/Pipeline/Pipeline->then(Object(Closure))
#31 F:/xampp/htdocs/adcoupon-platform/vendor/laravel/framework/src/Illuminate/Routing/Router.php(800): Illuminate/Routing/Router->runRouteWithinStack(Object(Illuminate/Routing/Route), Object(Illuminate/Http/Request))
#32 F:/xampp/htdocs/adcoupon-platform/vendor/laravel/framework/src/Illuminate/Routing/Router.php(764): Illuminate/Routing/Router->runRoute(Object(Illuminate/Http/Request), Object(Illuminate/Routing/Route))
#33 F:/xampp/htdocs/adcoupon-platform/vendor/laravel/framework/src/Illuminate/Routing/Router.php(753): Illuminate/Routing/Router->dispatchToRoute(Object(Illuminate/Http/Request))
#34 F:/xampp/htdocs/adcoupon-platform/vendor/laravel/framework/src/Illuminate/Foundation/Http/Kernel.php(200): Illuminate/Routing/Router->dispatch(Object(Illuminate/Http/Request))
#35 F:/xampp/htdocs/adcoupon-platform/vendor/laravel/framework/src/Illuminate/Pipeline/Pipeline.php(180): Illuminate/Foundation/Http/Kernel->Illuminate/Foundation/Http/{closure}(Object(Illuminate/Http/Request))
#36 F:/xampp/htdocs/adcoupon-platform/vendor/laravel/framework/src/Illuminate/Foundation/Http/Middleware/TransformsRequest.php(21): Illuminate/Pipeline/Pipeline->Illuminate/Pipeline/{closure}(Object(Illuminate/Http/Request))
#37 F:/xampp/htdocs/adcoupon-platform/vendor/laravel/framework/src/Illuminate/Foundation/Http/Middleware/ConvertEmptyStringsToNull.php(31): Illuminate/Foundation/Http/Middleware/TransformsRequest->handle(Object(Illuminate/Http/Request), Object(Closure))
#38 F:/xampp/htdocs/adcoupon-platform/vendor/laravel/framework/src/Illuminate/Pipeline/Pipeline.php(219): Illuminate/Foundation/Http/Middleware/ConvertEmptyStringsToNull->handle(Object(Illuminate/Http/Request), Object(Closure))
#39 F:/xampp/htdocs/adcoupon-platform/vendor/laravel/framework/src/Illuminate/Foundation/Http/Middleware/TransformsRequest.php(21): Illuminate/Pipeline/Pipeline->Illuminate/Pipeline/{closure}(Object(Illuminate/Http/Request))
#40 F:/xampp/htdocs/adcoupon-platform/vendor/laravel/framework/src/Illuminate/Foundation/Http/Middleware/TrimStrings.php(51): Illuminate/Foundation/Http/Middleware/TransformsRequest->handle(Object(Illuminate/Http/Request), Object(Closure))
#41 F:/xampp/htdocs/adcoupon-platform/vendor/laravel/framework/src/Illuminate/Pipeline/Pipeline.php(219): Illuminate/Foundation/Http/Middleware/TrimStrings->handle(Object(Illuminate/Http/Request), Object(Closure))
#42 F:/xampp/htdocs/adcoupon-platform/vendor/laravel/framework/src/Illuminate/Http/Middleware/ValidatePostSize.php(27): Illuminate/Pipeline/Pipeline->Illuminate/Pipeline/{closure}(Object(Illuminate/Http/Request))
#43 F:/xampp/htdocs/adcoupon-platform/vendor/laravel/framework/src/Illuminate/Pipeline/Pipeline.php(219): Illuminate/Http/Middleware/ValidatePostSize->handle(Object(Illuminate/Http/Request), Object(Closure))
#44 F:/xampp/htdocs/adcoupon-platform/vendor/laravel/framework/src/Illuminate/Foundation/Http/Middleware/PreventRequestsDuringMaintenance.php(109): Illuminate/Pipeline/Pipeline->Illuminate/Pipeline/{closure}(Object(Illuminate/Http/Request))
#45 F:/xampp/htdocs/adcoupon-platform/vendor/laravel/framework/src/Illuminate/Pipeline/Pipeline.php(219): Illuminate/Foundation/Http/Middleware/PreventRequestsDuringMaintenance->handle(Object(Illuminate/Http/Request), Object(Closure))
#46 F:/xampp/htdocs/adcoupon-platform/vendor/laravel/framework/src/Illuminate/Http/Middleware/HandleCors.php(61): Illuminate/Pipeline/Pipeline->Illuminate/Pipeline/{closure}(Object(Illuminate/Http/Request))
#47 F:/xampp/htdocs/adcoupon-platform/vendor/laravel/framework/src/Illuminate/Pipeline/Pipeline.php(219): Illuminate/Http/Middleware/HandleCors->handle(Object(Illuminate/Http/Request), Object(Closure))
#48 F:/xampp/htdocs/adcoupon-platform/vendor/laravel/framework/src/Illuminate/Http/Middleware/TrustProxies.php(58): Illuminate/Pipeline/Pipeline->Illuminate/Pipeline/{closure}(Object(Illuminate/Http/Request))
#49 F:/xampp/htdocs/adcoupon-platform/vendor/laravel/framework/src/Illuminate/Pipeline/Pipeline.php(219): Illuminate/Http/Middleware/TrustProxies->handle(Object(Illuminate/Http/Request), Object(Closure))
#50 F:/xampp/htdocs/adcoupon-platform/vendor/laravel/framework/src/Illuminate/Foundation/Http/Middleware/InvokeDeferredCallbacks.php(22): Illuminate/Pipeline/Pipeline->Illuminate/Pipeline/{closure}(Object(Illuminate/Http/Request))
#51 F:/xampp/htdocs/adcoupon-platform/vendor/laravel/framework/src/Illuminate/Pipeline/Pipeline.php(219): Illuminate/Foundation/Http/Middleware/InvokeDeferredCallbacks->handle(Object(Illuminate/Http/Request), Object(Closure))
#52 F:/xampp/htdocs/adcoupon-platform/vendor/laravel/framework/src/Illuminate/Http/Middleware/ValidatePathEncoding.php(26): Illuminate/Pipeline/Pipeline->Illuminate/Pipeline/{closure}(Object(Illuminate/Http/Request))
#53 F:/xampp/htdocs/adcoupon-platform/vendor/laravel/framework/src/Illuminate/Pipeline/Pipeline.php(219): Illuminate/Http/Middleware/ValidatePathEncoding->handle(Object(Illuminate/Http/Request), Object(Closure))
#54 F:/xampp/htdocs/adcoupon-platform/vendor/laravel/framework/src/Illuminate/Pipeline/Pipeline.php(137): Illuminate/Pipeline/Pipeline->Illuminate/Pipeline/{closure}(Object(Illuminate/Http/Request))
#55 F:/xampp/htdocs/adcoupon-platform/vendor/laravel/framework/src/Illuminate/Foundation/Http/Kernel.php(175): Illuminate/Pipeline/Pipeline->then(Object(Closure))
#56 F:/xampp/htdocs/adcoupon-platform/vendor/laravel/framework/src/Illuminate/Foundation/Http/Kernel.php(144): Illuminate/Foundation/Http/Kernel->sendRequestThroughRouter(Object(Illuminate/Http/Request))
#57 F:/xampp/htdocs/adcoupon-platform/vendor/laravel/framework/src/Illuminate/Foundation/Application.php(1220): Illuminate/Foundation/Http/Kernel->handle(Object(Illuminate/Http/Request))
#58 F:/xampp/htdocs/adcoupon-platform/public/index.php(15): Illuminate/Foundation/Application->handleRequest(Object(Illuminate/Http/Request))
#59 {main}
"} 
[2026-08-11 10:10:36] production.ERROR: No application encryption key has been specified. {"exception":"[object] (Illuminate\\Encryption\\MissingAppKeyException(code: 0): No application encryption key has been specified. at /home/u533806958/domains/a1merchantsolutions.triviio.com/public_html/vendor/laravel/framework/src/Illuminate/Encryption/EncryptionServiceProvider.php:83)
[stacktrace]
#0 /home/u533806958/domains/a1merchantsolutions.triviio.com/public_html/vendor/laravel/framework/src/Illuminate/Support/helpers.php(393): Illuminate\\Encryption\\EncryptionServiceProvider->Illuminate\\Encryption\\{closure}()
#1 /home/u533806958/domains/a1merchantsolutions.triviio.com/public_html/vendor/laravel/framework/src/Illuminate/Encryption/EncryptionServiceProvider.php(81): tap()
#2 /home/u533806958/domains/a1merchantsolutions.triviio.com/public_html/vendor/laravel/framework/src/Illuminate/Encryption/EncryptionServiceProvider.php(64): Illuminate\\Encryption\\EncryptionServiceProvider->key()
#3 /home/u533806958/domains/a1merchantsolutions.triviio.com/public_html/vendor/laravel/framework/src/Illuminate/Encryption/EncryptionServiceProvider.php(32): Illuminate\\Encryption\\EncryptionServiceProvider->parseKey()
#4 /home/u533806958/domains/a1merchantsolutions.triviio.com/public_html/vendor/laravel/framework/src/Illuminate/Container/Container.php(1115): Illuminate\\Encryption\\EncryptionServiceProvider->Illuminate\\Encryption\\{closure}()
#5 /home/u533806958/domains/a1merchantsolutions.triviio.com/public_html/vendor/laravel/framework/src/Illuminate/Container/Container.php(933): Illuminate\\Container\\Container->build()
#6 /home/u533806958/domains/a1merchantsolutions.triviio.com/public_html/vendor/laravel/framework/src/Illuminate/Foundation/Application.php(1078): Illuminate\\Container\\Container->resolve()
#7 /home/u533806958/domains/a1merchantsolutions.triviio.com/public_html/vendor/laravel/framework/src/Illuminate/Container/Container.php(864): Illuminate\\Foundation\\Application->resolve()
#8 /home/u533806958/domains/a1merchantsolutions.triviio.com/public_html/vendor/laravel/framework/src/Illuminate/Foundation/Application.php(1058): Illuminate\\Container\\Container->make()
#9 /home/u533806958/domains/a1merchantsolutions.triviio.com/public_html/vendor/laravel/framework/src/Illuminate/Container/Container.php(1336): Illuminate\\Foundation\\Application->make()
#10 /home/u533806958/domains/a1merchantsolutions.triviio.com/public_html/vendor/laravel/framework/src/Illuminate/Container/Container.php(1237): Illuminate\\Container\\Container->resolveClass()
#11 /home/u533806958/domains/a1merchantsolutions.triviio.com/public_html/vendor/laravel/framework/src/Illuminate/Container/Container.php(1162): Illuminate\\Container\\Container->resolveDependencies()
#12 /home/u533806958/domains/a1merchantsolutions.triviio.com/public_html/vendor/laravel/framework/src/Illuminate/Container/Container.php(933): Illuminate\\Container\\Container->build()
#13 /home/u533806958/domains/a1merchantsolutions.triviio.com/public_html/vendor/laravel/framework/src/Illuminate/Foundation/Application.php(1078): Illuminate\\Container\\Container->resolve()
#14 /home/u533806958/domains/a1merchantsolutions.triviio.com/public_html/vendor/laravel/framework/src/Illuminate/Container/Container.php(864): Illuminate\\Foundation\\Application->resolve()
#15 /home/u533806958/domains/a1merchantsolutions.triviio.com/public_html/vendor/laravel/framework/src/Illuminate/Foundation/Application.php(1058): Illuminate\\Container\\Container->make()
#16 /home/u533806958/domains/a1merchantsolutions.triviio.com/public_html/vendor/laravel/framework/src/Illuminate/Pipeline/Pipeline.php(208): Illuminate\\Foundation\\Application->make()
#17 /home/u533806958/domains/a1merchantsolutions.triviio.com/public_html/vendor/laravel/framework/src/Illuminate/Pipeline/Pipeline.php(137): Illuminate\\Pipeline\\Pipeline->Illuminate\\Pipeline\\{closure}()
#18 /home/u533806958/domains/a1merchantsolutions.triviio.com/public_html/vendor/laravel/framework/src/Illuminate/Routing/Router.php(821): Illuminate\\Pipeline\\Pipeline->then()
#19 /home/u533806958/domains/a1merchantsolutions.triviio.com/public_html/vendor/laravel/framework/src/Illuminate/Routing/Router.php(800): Illuminate\\Routing\\Router->runRouteWithinStack()
#20 /home/u533806958/domains/a1merchantsolutions.triviio.com/public_html/vendor/laravel/framework/src/Illuminate/Routing/Router.php(764): Illuminate\\Routing\\Router->runRoute()
#21 /home/u533806958/domains/a1merchantsolutions.triviio.com/public_html/vendor/laravel/framework/src/Illuminate/Routing/Router.php(753): Illuminate\\Routing\\Router->dispatchToRoute()
#22 /home/u533806958/domains/a1merchantsolutions.triviio.com/public_html/vendor/laravel/framework/src/Illuminate/Foundation/Http/Kernel.php(200): Illuminate\\Routing\\Router->dispatch()
#23 /home/u533806958/domains/a1merchantsolutions.triviio.com/public_html/vendor/laravel/framework/src/Illuminate/Pipeline/Pipeline.php(180): Illuminate\\Foundation\\Http\\Kernel->Illuminate\\Foundation\\Http\\{closure}()
#24 /home/u533806958/domains/a1merchantsolutions.triviio.com/public_html/vendor/laravel/framework/src/Illuminate/Foundation/Http/Middleware/TransformsRequest.php(21): Illuminate\\Pipeline\\Pipeline->Illuminate\\Pipeline\\{closure}()
#25 /home/u533806958/domains/a1merchantsolutions.triviio.com/public_html/vendor/laravel/framework/src/Illuminate/Foundation/Http/Middleware/ConvertEmptyStringsToNull.php(31): Illuminate\\Foundation\\Http\\Middleware\\TransformsRequest->handle()
#26 /home/u533806958/domains/a1merchantsolutions.triviio.com/public_html/vendor/laravel/framework/src/Illuminate/Pipeline/Pipeline.php(219): Illuminate\\Foundation\\Http\\Middleware\\ConvertEmptyStringsToNull->handle()
#27 /home/u533806958/domains/a1merchantsolutions.triviio.com/public_html/vendor/laravel/framework/src/Illuminate/Foundation/Http/Middleware/TransformsRequest.php(21): Illuminate\\Pipeline\\Pipeline->Illuminate\\Pipeline\\{closure}()
#28 /home/u533806958/domains/a1merchantsolutions.triviio.com/public_html/vendor/laravel/framework/src/Illuminate/Foundation/Http/Middleware/TrimStrings.php(51): Illuminate\\Foundation\\Http\\Middleware\\TransformsRequest->handle()
#29 /home/u533806958/domains/a1merchantsolutions.triviio.com/public_html/vendor/laravel/framework/src/Illuminate/Pipeline/Pipeline.php(219): Illuminate\\Foundation\\Http\\Middleware\\TrimStrings->handle()
#30 /home/u533806958/domains/a1merchantsolutions.triviio.com/public_html/vendor/laravel/framework/src/Illuminate/Http/Middleware/ValidatePostSize.php(27): Illuminate\\Pipeline\\Pipeline->Illuminate\\Pipeline\\{closure}()
#31 /home/u533806958/domains/a1merchantsolutions.triviio.com/public_html/vendor/laravel/framework/src/Illuminate/Pipeline/Pipeline.php(219): Illuminate\\Http\\Middleware\\ValidatePostSize->handle()
#32 /home/u533806958/domains/a1merchantsolutions.triviio.com/public_html/vendor/laravel/framework/src/Illuminate/Foundation/Http/Middleware/PreventRequestsDuringMaintenance.php(109): Illuminate\\Pipeline\\Pipeline->Illuminate\\Pipeline\\{closure}()
#33 /home/u533806958/domains/a1merchantsolutions.triviio.com/public_html/vendor/laravel/framework/src/Illuminate/Pipeline/Pipeline.php(219): Illuminate\\Foundation\\Http\\Middleware\\PreventRequestsDuringMaintenance->handle()
#34 /home/u533806958/domains/a1merchantsolutions.triviio.com/public_html/vendor/laravel/framework/src/Illuminate/Http/Middleware/HandleCors.php(61): Illuminate\\Pipeline\\Pipeline->Illuminate\\Pipeline\\{closure}()
#35 /home/u533806958/domains/a1merchantsolutions.triviio.com/public_html/vendor/laravel/framework/src/Illuminate/Pipeline/Pipeline.php(219): Illuminate\\Http\\Middleware\\HandleCors->handle()
#36 /home/u533806958/domains/a1merchantsolutions.triviio.com/public_html/vendor/laravel/framework/src/Illuminate/Http/Middleware/TrustProxies.php(58): Illuminate\\Pipeline\\Pipeline->Illuminate\\Pipeline\\{closure}()
#37 /home/u533806958/domains/a1merchantsolutions.triviio.com/public_html/vendor/laravel/framework/src/Illuminate/Pipeline/Pipeline.php(219): Illuminate\\Http\\Middleware\\TrustProxies->handle()
#38 /home/u533806958/domains/a1merchantsolutions.triviio.com/public_html/vendor/laravel/framework/src/Illuminate/Foundation/Http/Middleware/InvokeDeferredCallbacks.php(22): Illuminate\\Pipeline\\Pipeline->Illuminate\\Pipeline\\{closure}()
#39 /home/u533806958/domains/a1merchantsolutions.triviio.com/public_html/vendor/laravel/framework/src/Illuminate/Pipeline/Pipeline.php(219): Illuminate\\Foundation\\Http\\Middleware\\InvokeDeferredCallbacks->handle()
#40 /home/u533806958/domains/a1merchantsolutions.triviio.com/public_html/vendor/laravel/framework/src/Illuminate/Http/Middleware/ValidatePathEncoding.php(26): Illuminate\\Pipeline\\Pipeline->Illuminate\\Pipeline\\{closure}()
#41 /home/u533806958/domains/a1merchantsolutions.triviio.com/public_html/vendor/laravel/framework/src/Illuminate/Pipeline/Pipeline.php(219): Illuminate\\Http\\Middleware\\ValidatePathEncoding->handle()
#42 /home/u533806958/domains/a1merchantsolutions.triviio.com/public_html/vendor/laravel/framework/src/Illuminate/Pipeline/Pipeline.php(137): Illuminate\\Pipeline\\Pipeline->Illuminate\\Pipeline\\{closure}()
#43 /home/u533806958/domains/a1merchantsolutions.triviio.com/public_html/vendor/laravel/framework/src/Illuminate/Foundation/Http/Kernel.php(175): Illuminate\\Pipeline\\Pipeline->then()
#44 /home/u533806958/domains/a1merchantsolutions.triviio.com/public_html/vendor/laravel/framework/src/Illuminate/Foundation/Http/Kernel.php(144): Illuminate\\Foundation\\Http\\Kernel->sendRequestThroughRouter()
#45 /home/u533806958/domains/a1merchantsolutions.triviio.com/public_html/vendor/laravel/framework/src/Illuminate/Foundation/Application.php(1220): Illuminate\\Foundation\\Http\\Kernel->handle()
#46 /home/u533806958/domains/a1merchantsolutions.triviio.com/public_html/public/index.php(15): Illuminate\\Foundation\\Application->handleRequest()
#47 /home/u533806958/domains/a1merchantsolutions.triviio.com/public_html/index.php(3): require('/home/u53380695...')
#48 {main}
"} 
[2026-08-11 10:10:36] production.ERROR: No application encryption key has been specified. {"exception":"[object] (Illuminate\\Encryption\\MissingAppKeyException(code: 0): No application encryption key has been specified. at /home/u533806958/domains/a1merchantsolutions.triviio.com/public_html/vendor/laravel/framework/src/Illuminate/Encryption/EncryptionServiceProvider.php:83)
[stacktrace]
#0 /home/u533806958/domains/a1merchantsolutions.triviio.com/public_html/vendor/laravel/framework/src/Illuminate/Support/helpers.php(393): Illuminate\\Encryption\\EncryptionServiceProvider->Illuminate\\Encryption\\{closure}()
#1 /home/u533806958/domains/a1merchantsolutions.triviio.com/public_html/vendor/laravel/framework/src/Illuminate/Encryption/EncryptionServiceProvider.php(81): tap()
#2 /home/u533806958/domains/a1merchantsolutions.triviio.com/public_html/vendor/laravel/framework/src/Illuminate/Encryption/EncryptionServiceProvider.php(64): Illuminate\\Encryption\\EncryptionServiceProvider->key()
#3 /home/u533806958/domains/a1merchantsolutions.triviio.com/public_html/vendor/laravel/framework/src/Illuminate/Encryption/EncryptionServiceProvider.php(32): Illuminate\\Encryption\\EncryptionServiceProvider->parseKey()
#4 /home/u533806958/domains/a1merchantsolutions.triviio.com/public_html/vendor/laravel/framework/src/Illuminate/Container/Container.php(1115): Illuminate\\Encryption\\EncryptionServiceProvider->Illuminate\\Encryption\\{closure}()
#5 /home/u533806958/domains/a1merchantsolutions.triviio.com/public_html/vendor/laravel/framework/src/Illuminate/Container/Container.php(933): Illuminate\\Container\\Container->build()
#6 /home/u533806958/domains/a1merchantsolutions.triviio.com/public_html/vendor/laravel/framework/src/Illuminate/Foundation/Application.php(1078): Illuminate\\Container\\Container->resolve()
#7 /home/u533806958/domains/a1merchantsolutions.triviio.com/public_html/vendor/laravel/framework/src/Illuminate/Container/Container.php(864): Illuminate\\Foundation\\Application->resolve()
#8 /home/u533806958/domains/a1merchantsolutions.triviio.com/public_html/vendor/laravel/framework/src/Illuminate/Foundation/Application.php(1058): Illuminate\\Container\\Container->make()
#9 /home/u533806958/domains/a1merchantsolutions.triviio.com/public_html/vendor/laravel/framework/src/Illuminate/Container/Container.php(1336): Illuminate\\Foundation\\Application->make()
#10 /home/u533806958/domains/a1merchantsolutions.triviio.com/public_html/vendor/laravel/framework/src/Illuminate/Container/Container.php(1237): Illuminate\\Container\\Container->resolveClass()
#11 /home/u533806958/domains/a1merchantsolutions.triviio.com/public_html/vendor/laravel/framework/src/Illuminate/Container/Container.php(1162): Illuminate\\Container\\Container->resolveDependencies()
#12 /home/u533806958/domains/a1merchantsolutions.triviio.com/public_html/vendor/laravel/framework/src/Illuminate/Container/Container.php(933): Illuminate\\Container\\Container->build()
#13 /home/u533806958/domains/a1merchantsolutions.triviio.com/public_html/vendor/laravel/framework/src/Illuminate/Foundation/Application.php(1078): Illuminate\\Container\\Container->resolve()
#14 /home/u533806958/domains/a1merchantsolutions.triviio.com/public_html/vendor/laravel/framework/src/Illuminate/Container/Container.php(864): Illuminate\\Foundation\\Application->resolve()
#15 /home/u533806958/domains/a1merchantsolutions.triviio.com/public_html/vendor/laravel/framework/src/Illuminate/Foundation/Application.php(1058): Illuminate\\Container\\Container->make()
#16 /home/u533806958/domains/a1merchantsolutions.triviio.com/public_html/vendor/laravel/framework/src/Illuminate/Foundation/Http/Kernel.php(257): Illuminate\\Foundation\\Application->make()
#17 /home/u533806958/domains/a1merchantsolutions.triviio.com/public_html/vendor/laravel/framework/src/Illuminate/Foundation/Http/Kernel.php(215): Illuminate\\Foundation\\Http\\Kernel->terminateMiddleware()
#18 /home/u533806958/domains/a1merchantsolutions.triviio.com/public_html/vendor/laravel/framework/src/Illuminate/Foundation/Application.php(1222): Illuminate\\Foundation\\Http\\Kernel->terminate()
#19 /home/u533806958/domains/a1merchantsolutions.triviio.com/public_html/public/index.php(15): Illuminate\\Foundation\\Application->handleRequest()
#20 /home/u533806958/domains/a1merchantsolutions.triviio.com/public_html/index.php(3): require('/home/u53380695...')
#21 {main}
"} 
[2026-08-11 10:10:38] production.ERROR: No application encryption key has been specified. {"exception":"[object] (Illuminate\\Encryption\\MissingAppKeyException(code: 0): No application encryption key has been specified. at /home/u533806958/domains/a1merchantsolutions.triviio.com/public_html/vendor/laravel/framework/src/Illuminate/Encryption/EncryptionServiceProvider.php:83)
[stacktrace]
#0 /home/u533806958/domains/a1merchantsolutions.triviio.com/public_html/vendor/laravel/framework/src/Illuminate/Support/helpers.php(393): Illuminate\\Encryption\\EncryptionServiceProvider->Illuminate\\Encryption\\{closure}()
#1 /home/u533806958/domains/a1merchantsolutions.triviio.com/public_html/vendor/laravel/framework/src/Illuminate/Encryption/EncryptionServiceProvider.php(81): tap()
#2 /home/u533806958/domains/a1merchantsolutions.triviio.com/public_html/vendor/laravel/framework/src/Illuminate/Encryption/EncryptionServiceProvider.php(64): Illuminate\\Encryption\\EncryptionServiceProvider->key()
#3 /home/u533806958/domains/a1merchantsolutions.triviio.com/public_html/vendor/laravel/framework/src/Illuminate/Encryption/EncryptionServiceProvider.php(32): Illuminate\\Encryption\\EncryptionServiceProvider->parseKey()
#4 /home/u533806958/domains/a1merchantsolutions.triviio.com/public_html/vendor/laravel/framework/src/Illuminate/Container/Container.php(1115): Illuminate\\Encryption\\EncryptionServiceProvider->Illuminate\\Encryption\\{closure}()
#5 /home/u533806958/domains/a1merchantsolutions.triviio.com/public_html/vendor/laravel/framework/src/Illuminate/Container/Container.php(933): Illuminate\\Container\\Container->build()
#6 /home/u533806958/domains/a1merchantsolutions.triviio.com/public_html/vendor/laravel/framework/src/Illuminate/Foundation/Application.php(1078): Illuminate\\Container\\Container->resolve()
#7 /home/u533806958/domains/a1merchantsolutions.triviio.com/public_html/vendor/laravel/framework/src/Illuminate/Container/Container.php(864): Illuminate\\Foundation\\Application->resolve()
#8 /home/u533806958/domains/a1merchantsolutions.triviio.com/public_html/vendor/laravel/framework/src/Illuminate/Foundation/Application.php(1058): Illuminate\\Container\\Container->make()
#9 /home/u533806958/domains/a1merchantsolutions.triviio.com/public_html/vendor/laravel/framework/src/Illuminate/Container/Container.php(1336): Illuminate\\Foundation\\Application->make()
#10 /home/u533806958/domains/a1merchantsolutions.triviio.com/public_html/vendor/laravel/framework/src/Illuminate/Container/Container.php(1237): Illuminate\\Container\\Container->resolveClass()
#11 /home/u533806958/domains/a1merchantsolutions.triviio.com/public_html/vendor/laravel/framework/src/Illuminate/Container/Container.php(1162): Illuminate\\Container\\Container->resolveDependencies()
#12 /home/u533806958/domains/a1merchantsolutions.triviio.com/public_html/vendor/laravel/framework/src/Illuminate/Container/Container.php(933): Illuminate\\Container\\Container->build()
#13 /home/u533806958/domains/a1merchantsolutions.triviio.com/public_html/vendor/laravel/framework/src/Illuminate/Foundation/Application.php(1078): Illuminate\\Container\\Container->resolve()
#14 /home/u533806958/domains/a1merchantsolutions.triviio.com/public_html/vendor/laravel/framework/src/Illuminate/Container/Container.php(864): Illuminate\\Foundation\\Application->resolve()
#15 /home/u533806958/domains/a1merchantsolutions.triviio.com/public_html/vendor/laravel/framework/src/Illuminate/Foundation/Application.php(1058): Illuminate\\Container\\Container->make()
#16 /home/u533806958/domains/a1merchantsolutions.triviio.com/public_html/vendor/laravel/framework/src/Illuminate/Pipeline/Pipeline.php(208): Illuminate\\Foundation\\Application->make()
#17 /home/u533806958/domains/a1merchantsolutions.triviio.com/public_html/vendor/laravel/framework/src/Illuminate/Pipeline/Pipeline.php(137): Illuminate\\Pipeline\\Pipeline->Illuminate\\Pipeline\\{closure}()
#18 /home/u533806958/domains/a1merchantsolutions.triviio.com/public_html/vendor/laravel/framework/src/Illuminate/Routing/Router.php(821): Illuminate\\Pipeline\\Pipeline->then()
#19 /home/u533806958/domains/a1merchantsolutions.triviio.com/public_html/vendor/laravel/framework/src/Illuminate/Routing/Router.php(800): Illuminate\\Routing\\Router->runRouteWithinStack()
#20 /home/u533806958/domains/a1merchantsolutions.triviio.com/public_html/vendor/laravel/framework/src/Illuminate/Routing/Router.php(764): Illuminate\\Routing\\Router->runRoute()
#21 /home/u533806958/domains/a1merchantsolutions.triviio.com/public_html/vendor/laravel/framework/src/Illuminate/Routing/Router.php(753): Illuminate\\Routing\\Router->dispatchToRoute()
#22 /home/u533806958/domains/a1merchantsolutions.triviio.com/public_html/vendor/laravel/framework/src/Illuminate/Foundation/Http/Kernel.php(200): Illuminate\\Routing\\Router->dispatch()
#23 /home/u533806958/domains/a1merchantsolutions.triviio.com/public_html/vendor/laravel/framework/src/Illuminate/Pipeline/Pipeline.php(180): Illuminate\\Foundation\\Http\\Kernel->Illuminate\\Foundation\\Http\\{closure}()
#24 /home/u533806958/domains/a1merchantsolutions.triviio.com/public_html/vendor/laravel/framework/src/Illuminate/Foundation/Http/Middleware/TransformsRequest.php(21): Illuminate\\Pipeline\\Pipeline->Illuminate\\Pipeline\\{closure}()
#25 /home/u533806958/domains/a1merchantsolutions.triviio.com/public_html/vendor/laravel/framework/src/Illuminate/Foundation/Http/Middleware/ConvertEmptyStringsToNull.php(31): Illuminate\\Foundation\\Http\\Middleware\\TransformsRequest->handle()
#26 /home/u533806958/domains/a1merchantsolutions.triviio.com/public_html/vendor/laravel/framework/src/Illuminate/Pipeline/Pipeline.php(219): Illuminate\\Foundation\\Http\\Middleware\\ConvertEmptyStringsToNull->handle()
#27 /home/u533806958/domains/a1merchantsolutions.triviio.com/public_html/vendor/laravel/framework/src/Illuminate/Foundation/Http/Middleware/TransformsRequest.php(21): Illuminate\\Pipeline\\Pipeline->Illuminate\\Pipeline\\{closure}()
#28 /home/u533806958/domains/a1merchantsolutions.triviio.com/public_html/vendor/laravel/framework/src/Illuminate/Foundation/Http/Middleware/TrimStrings.php(51): Illuminate\\Foundation\\Http\\Middleware\\TransformsRequest->handle()
#29 /home/u533806958/domains/a1merchantsolutions.triviio.com/public_html/vendor/laravel/framework/src/Illuminate/Pipeline/Pipeline.php(219): Illuminate\\Foundation\\Http\\Middleware\\TrimStrings->handle()
#30 /home/u533806958/domains/a1merchantsolutions.triviio.com/public_html/vendor/laravel/framework/src/Illuminate/Http/Middleware/ValidatePostSize.php(27): Illuminate\\Pipeline\\Pipeline->Illuminate\\Pipeline\\{closure}()
#31 /home/u533806958/domains/a1merchantsolutions.triviio.com/public_html/vendor/laravel/framework/src/Illuminate/Pipeline/Pipeline.php(219): Illuminate\\Http\\Middleware\\ValidatePostSize->handle()
#32 /home/u533806958/domains/a1merchantsolutions.triviio.com/public_html/vendor/laravel/framework/src/Illuminate/Foundation/Http/Middleware/PreventRequestsDuringMaintenance.php(109): Illuminate\\Pipeline\\Pipeline->Illuminate\\Pipeline\\{closure}()
#33 /home/u533806958/domains/a1merchantsolutions.triviio.com/public_html/vendor/laravel/framework/src/Illuminate/Pipeline/Pipeline.php(219): Illuminate\\Foundation\\Http\\Middleware\\PreventRequestsDuringMaintenance->handle()
#34 /home/u533806958/domains/a1merchantsolutions.triviio.com/public_html/vendor/laravel/framework/src/Illuminate/Http/Middleware/HandleCors.php(61): Illuminate\\Pipeline\\Pipeline->Illuminate\\Pipeline\\{closure}()
#35 /home/u533806958/domains/a1merchantsolutions.triviio.com/public_html/vendor/laravel/framework/src/Illuminate/Pipeline/Pipeline.php(219): Illuminate\\Http\\Middleware\\HandleCors->handle()
#36 /home/u533806958/domains/a1merchantsolutions.triviio.com/public_html/vendor/laravel/framework/src/Illuminate/Http/Middleware/TrustProxies.php(58): Illuminate\\Pipeline\\Pipeline->Illuminate\\Pipeline\\{closure}()
#37 /home/u533806958/domains/a1merchantsolutions.triviio.com/public_html/vendor/laravel/framework/src/Illuminate/Pipeline/Pipeline.php(219): Illuminate\\Http\\Middleware\\TrustProxies->handle()
#38 /home/u533806958/domains/a1merchantsolutions.triviio.com/public_html/vendor/laravel/framework/src/Illuminate/Foundation/Http/Middleware/InvokeDeferredCallbacks.php(22): Illuminate\\Pipeline\\Pipeline->Illuminate\\Pipeline\\{closure}()
#39 /home/u533806958/domains/a1merchantsolutions.triviio.com/public_html/vendor/laravel/framework/src/Illuminate/Pipeline/Pipeline.php(219): Illuminate\\Foundation\\Http\\Middleware\\InvokeDeferredCallbacks->handle()
#40 /home/u533806958/domains/a1merchantsolutions.triviio.com/public_html/vendor/laravel/framework/src/Illuminate/Http/Middleware/ValidatePathEncoding.php(26): Illuminate\\Pipeline\\Pipeline->Illuminate\\Pipeline\\{closure}()
#41 /home/u533806958/domains/a1merchantsolutions.triviio.com/public_html/vendor/laravel/framework/src/Illuminate/Pipeline/Pipeline.php(219): Illuminate\\Http\\Middleware\\ValidatePathEncoding->handle()
#42 /home/u533806958/domains/a1merchantsolutions.triviio.com/public_html/vendor/laravel/framework/src/Illuminate/Pipeline/Pipeline.php(137): Illuminate\\Pipeline\\Pipeline->Illuminate\\Pipeline\\{closure}()
#43 /home/u533806958/domains/a1merchantsolutions.triviio.com/public_html/vendor/laravel/framework/src/Illuminate/Foundation/Http/Kernel.php(175): Illuminate\\Pipeline\\Pipeline->then()
#44 /home/u533806958/domains/a1merchantsolutions.triviio.com/public_html/vendor/laravel/framework/src/Illuminate/Foundation/Http/Kernel.php(144): Illuminate\\Foundation\\Http\\Kernel->sendRequestThroughRouter()
#45 /home/u533806958/domains/a1merchantsolutions.triviio.com/public_html/vendor/laravel/framework/src/Illuminate/Foundation/Application.php(1220): Illuminate\\Foundation\\Http\\Kernel->handle()
#46 /home/u533806958/domains/a1merchantsolutions.triviio.com/public_html/public/index.php(15): Illuminate\\Foundation\\Application->handleRequest()
#47 /home/u533806958/domains/a1merchantsolutions.triviio.com/public_html/index.php(3): require('/home/u53380695...')
#48 {main}
"} 
[2026-08-11 10:10:38] production.ERROR: No application encryption key has been specified. {"exception":"[object] (Illuminate\\Encryption\\MissingAppKeyException(code: 0): No application encryption key has been specified. at /home/u533806958/domains/a1merchantsolutions.triviio.com/public_html/vendor/laravel/framework/src/Illuminate/Encryption/EncryptionServiceProvider.php:83)
[stacktrace]
#0 /home/u533806958/domains/a1merchantsolutions.triviio.com/public_html/vendor/laravel/framework/src/Illuminate/Support/helpers.php(393): Illuminate\\Encryption\\EncryptionServiceProvider->Illuminate\\Encryption\\{closure}()
#1 /home/u533806958/domains/a1merchantsolutions.triviio.com/public_html/vendor/laravel/framework/src/Illuminate/Encryption/EncryptionServiceProvider.php(81): tap()
#2 /home/u533806958/domains/a1merchantsolutions.triviio.com/public_html/vendor/laravel/framework/src/Illuminate/Encryption/EncryptionServiceProvider.php(64): Illuminate\\Encryption\\EncryptionServiceProvider->key()
#3 /home/u533806958/domains/a1merchantsolutions.triviio.com/public_html/vendor/laravel/framework/src/Illuminate/Encryption/EncryptionServiceProvider.php(32): Illuminate\\Encryption\\EncryptionServiceProvider->parseKey()
#4 /home/u533806958/domains/a1merchantsolutions.triviio.com/public_html/vendor/laravel/framework/src/Illuminate/Container/Container.php(1115): Illuminate\\Encryption\\EncryptionServiceProvider->Illuminate\\Encryption\\{closure}()
#5 /home/u533806958/domains/a1merchantsolutions.triviio.com/public_html/vendor/laravel/framework/src/Illuminate/Container/Container.php(933): Illuminate\\Container\\Container->build()
#6 /home/u533806958/domains/a1merchantsolutions.triviio.com/public_html/vendor/laravel/framework/src/Illuminate/Foundation/Application.php(1078): Illuminate\\Container\\Container->resolve()
#7 /home/u533806958/domains/a1merchantsolutions.triviio.com/public_html/vendor/laravel/framework/src/Illuminate/Container/Container.php(864): Illuminate\\Foundation\\Application->resolve()
#8 /home/u533806958/domains/a1merchantsolutions.triviio.com/public_html/vendor/laravel/framework/src/Illuminate/Foundation/Application.php(1058): Illuminate\\Container\\Container->make()
#9 /home/u533806958/domains/a1merchantsolutions.triviio.com/public_html/vendor/laravel/framework/src/Illuminate/Container/Container.php(1336): Illuminate\\Foundation\\Application->make()
#10 /home/u533806958/domains/a1merchantsolutions.triviio.com/public_html/vendor/laravel/framework/src/Illuminate/Container/Container.php(1237): Illuminate\\Container\\Container->resolveClass()
#11 /home/u533806958/domains/a1merchantsolutions.triviio.com/public_html/vendor/laravel/framework/src/Illuminate/Container/Container.php(1162): Illuminate\\Container\\Container->resolveDependencies()
#12 /home/u533806958/domains/a1merchantsolutions.triviio.com/public_html/vendor/laravel/framework/src/Illuminate/Container/Container.php(933): Illuminate\\Container\\Container->build()
#13 /home/u533806958/domains/a1merchantsolutions.triviio.com/public_html/vendor/laravel/framework/src/Illuminate/Foundation/Application.php(1078): Illuminate\\Container\\Container->resolve()
#14 /home/u533806958/domains/a1merchantsolutions.triviio.com/public_html/vendor/laravel/framework/src/Illuminate/Container/Container.php(864): Illuminate\\Foundation\\Application->resolve()
#15 /home/u533806958/domains/a1merchantsolutions.triviio.com/public_html/vendor/laravel/framework/src/Illuminate/Foundation/Application.php(1058): Illuminate\\Container\\Container->make()
#16 /home/u533806958/domains/a1merchantsolutions.triviio.com/public_html/vendor/laravel/framework/src/Illuminate/Foundation/Http/Kernel.php(257): Illuminate\\Foundation\\Application->make()
#17 /home/u533806958/domains/a1merchantsolutions.triviio.com/public_html/vendor/laravel/framework/src/Illuminate/Foundation/Http/Kernel.php(215): Illuminate\\Foundation\\Http\\Kernel->terminateMiddleware()
#18 /home/u533806958/domains/a1merchantsolutions.triviio.com/public_html/vendor/laravel/framework/src/Illuminate/Foundation/Application.php(1222): Illuminate\\Foundation\\Http\\Kernel->terminate()
#19 /home/u533806958/domains/a1merchantsolutions.triviio.com/public_html/public/index.php(15): Illuminate\\Foundation\\Application->handleRequest()
#20 /home/u533806958/domains/a1merchantsolutions.triviio.com/public_html/index.php(3): require('/home/u53380695...')
#21 {main}
"} 
[2026-08-11 10:10:38] production.ERROR: No application encryption key has been specified. {"exception":"[object] (Illuminate\\Encryption\\MissingAppKeyException(code: 0): No application encryption key has been specified. at /home/u533806958/domains/a1merchantsolutions.triviio.com/public_html/vendor/laravel/framework/src/Illuminate/Encryption/EncryptionServiceProvider.php:83)
[stacktrace]
#0 /home/u533806958/domains/a1merchantsolutions.triviio.com/public_html/vendor/laravel/framework/src/Illuminate/Support/helpers.php(393): Illuminate\\Encryption\\EncryptionServiceProvider->Illuminate\\Encryption\\{closure}()
#1 /home/u533806958/domains/a1merchantsolutions.triviio.com/public_html/vendor/laravel/framework/src/Illuminate/Encryption/EncryptionServiceProvider.php(81): tap()
#2 /home/u533806958/domains/a1merchantsolutions.triviio.com/public_html/vendor/laravel/framework/src/Illuminate/Encryption/EncryptionServiceProvider.php(64): Illuminate\\Encryption\\EncryptionServiceProvider->key()
#3 /home/u533806958/domains/a1merchantsolutions.triviio.com/public_html/vendor/laravel/framework/src/Illuminate/Encryption/EncryptionServiceProvider.php(32): Illuminate\\Encryption\\EncryptionServiceProvider->parseKey()
#4 /home/u533806958/domains/a1merchantsolutions.triviio.com/public_html/vendor/laravel/framework/src/Illuminate/Container/Container.php(1115): Illuminate\\Encryption\\EncryptionServiceProvider->Illuminate\\Encryption\\{closure}()
#5 /home/u533806958/domains/a1merchantsolutions.triviio.com/public_html/vendor/laravel/framework/src/Illuminate/Container/Container.php(933): Illuminate\\Container\\Container->build()
#6 /home/u533806958/domains/a1merchantsolutions.triviio.com/public_html/vendor/laravel/framework/src/Illuminate/Foundation/Application.php(1078): Illuminate\\Container\\Container->resolve()
#7 /home/u533806958/domains/a1merchantsolutions.triviio.com/public_html/vendor/laravel/framework/src/Illuminate/Container/Container.php(864): Illuminate\\Foundation\\Application->resolve()
#8 /home/u533806958/domains/a1merchantsolutions.triviio.com/public_html/vendor/laravel/framework/src/Illuminate/Foundation/Application.php(1058): Illuminate\\Container\\Container->make()
#9 /home/u533806958/domains/a1merchantsolutions.triviio.com/public_html/vendor/laravel/framework/src/Illuminate/Container/Container.php(1336): Illuminate\\Foundation\\Application->make()
#10 /home/u533806958/domains/a1merchantsolutions.triviio.com/public_html/vendor/laravel/framework/src/Illuminate/Container/Container.php(1237): Illuminate\\Container\\Container->resolveClass()
#11 /home/u533806958/domains/a1merchantsolutions.triviio.com/public_html/vendor/laravel/framework/src/Illuminate/Container/Container.php(1162): Illuminate\\Container\\Container->resolveDependencies()
#12 /home/u533806958/domains/a1merchantsolutions.triviio.com/public_html/vendor/laravel/framework/src/Illuminate/Container/Container.php(933): Illuminate\\Container\\Container->build()
#13 /home/u533806958/domains/a1merchantsolutions.triviio.com/public_html/vendor/laravel/framework/src/Illuminate/Foundation/Application.php(1078): Illuminate\\Container\\Container->resolve()
#14 /home/u533806958/domains/a1merchantsolutions.triviio.com/public_html/vendor/laravel/framework/src/Illuminate/Container/Container.php(864): Illuminate\\Foundation\\Application->resolve()
#15 /home/u533806958/domains/a1merchantsolutions.triviio.com/public_html/vendor/laravel/framework/src/Illuminate/Foundation/Application.php(1058): Illuminate\\Container\\Container->make()
#16 /home/u533806958/domains/a1merchantsolutions.triviio.com/public_html/vendor/laravel/framework/src/Illuminate/Pipeline/Pipeline.php(208): Illuminate\\Foundation\\Application->make()
#17 /home/u533806958/domains/a1merchantsolutions.triviio.com/public_html/vendor/laravel/framework/src/Illuminate/Pipeline/Pipeline.php(137): Illuminate\\Pipeline\\Pipeline->Illuminate\\Pipeline\\{closure}()
#18 /home/u533806958/domains/a1merchantsolutions.triviio.com/public_html/vendor/laravel/framework/src/Illuminate/Routing/Router.php(821): Illuminate\\Pipeline\\Pipeline->then()
#19 /home/u533806958/domains/a1merchantsolutions.triviio.com/public_html/vendor/laravel/framework/src/Illuminate/Routing/Router.php(800): Illuminate\\Routing\\Router->runRouteWithinStack()
#20 /home/u533806958/domains/a1merchantsolutions.triviio.com/public_html/vendor/laravel/framework/src/Illuminate/Routing/Router.php(764): Illuminate\\Routing\\Router->runRoute()
#21 /home/u533806958/domains/a1merchantsolutions.triviio.com/public_html/vendor/laravel/framework/src/Illuminate/Routing/Router.php(753): Illuminate\\Routing\\Router->dispatchToRoute()
#22 /home/u533806958/domains/a1merchantsolutions.triviio.com/public_html/vendor/laravel/framework/src/Illuminate/Foundation/Http/Kernel.php(200): Illuminate\\Routing\\Router->dispatch()
#23 /home/u533806958/domains/a1merchantsolutions.triviio.com/public_html/vendor/laravel/framework/src/Illuminate/Pipeline/Pipeline.php(180): Illuminate\\Foundation\\Http\\Kernel->Illuminate\\Foundation\\Http\\{closure}()
#24 /home/u533806958/domains/a1merchantsolutions.triviio.com/public_html/vendor/laravel/framework/src/Illuminate/Foundation/Http/Middleware/TransformsRequest.php(21): Illuminate\\Pipeline\\Pipeline->Illuminate\\Pipeline\\{closure}()
#25 /home/u533806958/domains/a1merchantsolutions.triviio.com/public_html/vendor/laravel/framework/src/Illuminate/Foundation/Http/Middleware/ConvertEmptyStringsToNull.php(31): Illuminate\\Foundation\\Http\\Middleware\\TransformsRequest->handle()
#26 /home/u533806958/domains/a1merchantsolutions.triviio.com/public_html/vendor/laravel/framework/src/Illuminate/Pipeline/Pipeline.php(219): Illuminate\\Foundation\\Http\\Middleware\\ConvertEmptyStringsToNull->handle()
#27 /home/u533806958/domains/a1merchantsolutions.triviio.com/public_html/vendor/laravel/framework/src/Illuminate/Foundation/Http/Middleware/TransformsRequest.php(21): Illuminate\\Pipeline\\Pipeline->Illuminate\\Pipeline\\{closure}()
#28 /home/u533806958/domains/a1merchantsolutions.triviio.com/public_html/vendor/laravel/framework/src/Illuminate/Foundation/Http/Middleware/TrimStrings.php(51): Illuminate\\Foundation\\Http\\Middleware\\TransformsRequest->handle()
#29 /home/u533806958/domains/a1merchantsolutions.triviio.com/public_html/vendor/laravel/framework/src/Illuminate/Pipeline/Pipeline.php(219): Illuminate\\Foundation\\Http\\Middleware\\TrimStrings->handle()
#30 /home/u533806958/domains/a1merchantsolutions.triviio.com/public_html/vendor/laravel/framework/src/Illuminate/Http/Middleware/ValidatePostSize.php(27): Illuminate\\Pipeline\\Pipeline->Illuminate\\Pipeline\\{closure}()
#31 /home/u533806958/domains/a1merchantsolutions.triviio.com/public_html/vendor/laravel/framework/src/Illuminate/Pipeline/Pipeline.php(219): Illuminate\\Http\\Middleware\\ValidatePostSize->handle()
#32 /home/u533806958/domains/a1merchantsolutions.triviio.com/public_html/vendor/laravel/framework/src/Illuminate/Foundation/Http/Middleware/PreventRequestsDuringMaintenance.php(109): Illuminate\\Pipeline\\Pipeline->Illuminate\\Pipeline\\{closure}()
#33 /home/u533806958/domains/a1merchantsolutions.triviio.com/public_html/vendor/laravel/framework/src/Illuminate/Pipeline/Pipeline.php(219): Illuminate\\Foundation\\Http\\Middleware\\PreventRequestsDuringMaintenance->handle()
#34 /home/u533806958/domains/a1merchantsolutions.triviio.com/public_html/vendor/laravel/framework/src/Illuminate/Http/Middleware/HandleCors.php(61): Illuminate\\Pipeline\\Pipeline->Illuminate\\Pipeline\\{closure}()
#35 /home/u533806958/domains/a1merchantsolutions.triviio.com/public_html/vendor/laravel/framework/src/Illuminate/Pipeline/Pipeline.php(219): Illuminate\\Http\\Middleware\\HandleCors->handle()
#36 /home/u533806958/domains/a1merchantsolutions.triviio.com/public_html/vendor/laravel/framework/src/Illuminate/Http/Middleware/TrustProxies.php(58): Illuminate\\Pipeline\\Pipeline->Illuminate\\Pipeline\\{closure}()
#37 /home/u533806958/domains/a1merchantsolutions.triviio.com/public_html/vendor/laravel/framework/src/Illuminate/Pipeline/Pipeline.php(219): Illuminate\\Http\\Middleware\\TrustProxies->handle()
#38 /home/u533806958/domains/a1merchantsolutions.triviio.com/public_html/vendor/laravel/framework/src/Illuminate/Foundation/Http/Middleware/InvokeDeferredCallbacks.php(22): Illuminate\\Pipeline\\Pipeline->Illuminate\\Pipeline\\{closure}()
#39 /home/u533806958/domains/a1merchantsolutions.triviio.com/public_html/vendor/laravel/framework/src/Illuminate/Pipeline/Pipeline.php(219): Illuminate\\Foundation\\Http\\Middleware\\InvokeDeferredCallbacks->handle()
#40 /home/u533806958/domains/a1merchantsolutions.triviio.com/public_html/vendor/laravel/framework/src/Illuminate/Http/Middleware/ValidatePathEncoding.php(26): Illuminate\\Pipeline\\Pipeline->Illuminate\\Pipeline\\{closure}()
#41 /home/u533806958/domains/a1merchantsolutions.triviio.com/public_html/vendor/laravel/framework/src/Illuminate/Pipeline/Pipeline.php(219): Illuminate\\Http\\Middleware\\ValidatePathEncoding->handle()
#42 /home/u533806958/domains/a1merchantsolutions.triviio.com/public_html/vendor/laravel/framework/src/Illuminate/Pipeline/Pipeline.php(137): Illuminate\\Pipeline\\Pipeline->Illuminate\\Pipeline\\{closure}()
#43 /home/u533806958/domains/a1merchantsolutions.triviio.com/public_html/vendor/laravel/framework/src/Illuminate/Foundation/Http/Kernel.php(175): Illuminate\\Pipeline\\Pipeline->then()
#44 /home/u533806958/domains/a1merchantsolutions.triviio.com/public_html/vendor/laravel/framework/src/Illuminate/Foundation/Http/Kernel.php(144): Illuminate\\Foundation\\Http\\Kernel->sendRequestThroughRouter()
#45 /home/u533806958/domains/a1merchantsolutions.triviio.com/public_html/vendor/laravel/framework/src/Illuminate/Foundation/Application.php(1220): Illuminate\\Foundation\\Http\\Kernel->handle()
#46 /home/u533806958/domains/a1merchantsolutions.triviio.com/public_html/public/index.php(15): Illuminate\\Foundation\\Application->handleRequest()
#47 /home/u533806958/domains/a1merchantsolutions.triviio.com/public_html/index.php(3): require('/home/u53380695...')
#48 {main}
"} 
[2026-08-11 10:10:38] production.ERROR: No application encryption key has been specified. {"exception":"[object] (Illuminate\\Encryption\\MissingAppKeyException(code: 0): No application encryption key has been specified. at /home/u533806958/domains/a1merchantsolutions.triviio.com/public_html/vendor/laravel/framework/src/Illuminate/Encryption/EncryptionServiceProvider.php:83)
[stacktrace]
#0 /home/u533806958/domains/a1merchantsolutions.triviio.com/public_html/vendor/laravel/framework/src/Illuminate/Support/helpers.php(393): Illuminate\\Encryption\\EncryptionServiceProvider->Illuminate\\Encryption\\{closure}()
#1 /home/u533806958/domains/a1merchantsolutions.triviio.com/public_html/vendor/laravel/framework/src/Illuminate/Encryption/EncryptionServiceProvider.php(81): tap()
#2 /home/u533806958/domains/a1merchantsolutions.triviio.com/public_html/vendor/laravel/framework/src/Illuminate/Encryption/EncryptionServiceProvider.php(64): Illuminate\\Encryption\\EncryptionServiceProvider->key()
#3 /home/u533806958/domains/a1merchantsolutions.triviio.com/public_html/vendor/laravel/framework/src/Illuminate/Encryption/EncryptionServiceProvider.php(32): Illuminate\\Encryption\\EncryptionServiceProvider->parseKey()
#4 /home/u533806958/domains/a1merchantsolutions.triviio.com/public_html/vendor/laravel/framework/src/Illuminate/Container/Container.php(1115): Illuminate\\Encryption\\EncryptionServiceProvider->Illuminate\\Encryption\\{closure}()
#5 /home/u533806958/domains/a1merchantsolutions.triviio.com/public_html/vendor/laravel/framework/src/Illuminate/Container/Container.php(933): Illuminate\\Container\\Container->build()
#6 /home/u533806958/domains/a1merchantsolutions.triviio.com/public_html/vendor/laravel/framework/src/Illuminate/Foundation/Application.php(1078): Illuminate\\Container\\Container->resolve()
#7 /home/u533806958/domains/a1merchantsolutions.triviio.com/public_html/vendor/laravel/framework/src/Illuminate/Container/Container.php(864): Illuminate\\Foundation\\Application->resolve()
#8 /home/u533806958/domains/a1merchantsolutions.triviio.com/public_html/vendor/laravel/framework/src/Illuminate/Foundation/Application.php(1058): Illuminate\\Container\\Container->make()
#9 /home/u533806958/domains/a1merchantsolutions.triviio.com/public_html/vendor/laravel/framework/src/Illuminate/Container/Container.php(1336): Illuminate\\Foundation\\Application->make()
#10 /home/u533806958/domains/a1merchantsolutions.triviio.com/public_html/vendor/laravel/framework/src/Illuminate/Container/Container.php(1237): Illuminate\\Container\\Container->resolveClass()
#11 /home/u533806958/domains/a1merchantsolutions.triviio.com/public_html/vendor/laravel/framework/src/Illuminate/Container/Container.php(1162): Illuminate\\Container\\Container->resolveDependencies()
#12 /home/u533806958/domains/a1merchantsolutions.triviio.com/public_html/vendor/laravel/framework/src/Illuminate/Container/Container.php(933): Illuminate\\Container\\Container->build()
#13 /home/u533806958/domains/a1merchantsolutions.triviio.com/public_html/vendor/laravel/framework/src/Illuminate/Foundation/Application.php(1078): Illuminate\\Container\\Container->resolve()
#14 /home/u533806958/domains/a1merchantsolutions.triviio.com/public_html/vendor/laravel/framework/src/Illuminate/Container/Container.php(864): Illuminate\\Foundation\\Application->resolve()
#15 /home/u533806958/domains/a1merchantsolutions.triviio.com/public_html/vendor/laravel/framework/src/Illuminate/Foundation/Application.php(1058): Illuminate\\Container\\Container->make()
#16 /home/u533806958/domains/a1merchantsolutions.triviio.com/public_html/vendor/laravel/framework/src/Illuminate/Foundation/Http/Kernel.php(257): Illuminate\\Foundation\\Application->make()
#17 /home/u533806958/domains/a1merchantsolutions.triviio.com/public_html/vendor/laravel/framework/src/Illuminate/Foundation/Http/Kernel.php(215): Illuminate\\Foundation\\Http\\Kernel->terminateMiddleware()
#18 /home/u533806958/domains/a1merchantsolutions.triviio.com/public_html/vendor/laravel/framework/src/Illuminate/Foundation/Application.php(1222): Illuminate\\Foundation\\Http\\Kernel->terminate()
#19 /home/u533806958/domains/a1merchantsolutions.triviio.com/public_html/public/index.php(15): Illuminate\\Foundation\\Application->handleRequest()
#20 /home/u533806958/domains/a1merchantsolutions.triviio.com/public_html/index.php(3): require('/home/u53380695...')
#21 {main}
"} 
[2026-08-11 10:10:39] production.ERROR: No application encryption key has been specified. {"exception":"[object] (Illuminate\\Encryption\\MissingAppKeyException(code: 0): No application encryption key has been specified. at /home/u533806958/domains/a1merchantsolutions.triviio.com/public_html/vendor/laravel/framework/src/Illuminate/Encryption/EncryptionServiceProvider.php:83)
[stacktrace]
#0 /home/u533806958/domains/a1merchantsolutions.triviio.com/public_html/vendor/laravel/framework/src/Illuminate/Support/helpers.php(393): Illuminate\\Encryption\\EncryptionServiceProvider->Illuminate\\Encryption\\{closure}()
#1 /home/u533806958/domains/a1merchantsolutions.triviio.com/public_html/vendor/laravel/framework/src/Illuminate/Encryption/EncryptionServiceProvider.php(81): tap()
#2 /home/u533806958/domains/a1merchantsolutions.triviio.com/public_html/vendor/laravel/framework/src/Illuminate/Encryption/EncryptionServiceProvider.php(64): Illuminate\\Encryption\\EncryptionServiceProvider->key()
#3 /home/u533806958/domains/a1merchantsolutions.triviio.com/public_html/vendor/laravel/framework/src/Illuminate/Encryption/EncryptionServiceProvider.php(32): Illuminate\\Encryption\\EncryptionServiceProvider->parseKey()
#4 /home/u533806958/domains/a1merchantsolutions.triviio.com/public_html/vendor/laravel/framework/src/Illuminate/Container/Container.php(1115): Illuminate\\Encryption\\EncryptionServiceProvider->Illuminate\\Encryption\\{closure}()
#5 /home/u533806958/domains/a1merchantsolutions.triviio.com/public_html/vendor/laravel/framework/src/Illuminate/Container/Container.php(933): Illuminate\\Container\\Container->build()
#6 /home/u533806958/domains/a1merchantsolutions.triviio.com/public_html/vendor/laravel/framework/src/Illuminate/Foundation/Application.php(1078): Illuminate\\Container\\Container->resolve()
#7 /home/u533806958/domains/a1merchantsolutions.triviio.com/public_html/vendor/laravel/framework/src/Illuminate/Container/Container.php(864): Illuminate\\Foundation\\Application->resolve()
#8 /home/u533806958/domains/a1merchantsolutions.triviio.com/public_html/vendor/laravel/framework/src/Illuminate/Foundation/Application.php(1058): Illuminate\\Container\\Container->make()
#9 /home/u533806958/domains/a1merchantsolutions.triviio.com/public_html/vendor/laravel/framework/src/Illuminate/Container/Container.php(1336): Illuminate\\Foundation\\Application->make()
#10 /home/u533806958/domains/a1merchantsolutions.triviio.com/public_html/vendor/laravel/framework/src/Illuminate/Container/Container.php(1237): Illuminate\\Container\\Container->resolveClass()
#11 /home/u533806958/domains/a1merchantsolutions.triviio.com/public_html/vendor/laravel/framework/src/Illuminate/Container/Container.php(1162): Illuminate\\Container\\Container->resolveDependencies()
#12 /home/u533806958/domains/a1merchantsolutions.triviio.com/public_html/vendor/laravel/framework/src/Illuminate/Container/Container.php(933): Illuminate\\Container\\Container->build()
#13 /home/u533806958/domains/a1merchantsolutions.triviio.com/public_html/vendor/laravel/framework/src/Illuminate/Foundation/Application.php(1078): Illuminate\\Container\\Container->resolve()
#14 /home/u533806958/domains/a1merchantsolutions.triviio.com/public_html/vendor/laravel/framework/src/Illuminate/Container/Container.php(864): Illuminate\\Foundation\\Application->resolve()
#15 /home/u533806958/domains/a1merchantsolutions.triviio.com/public_html/vendor/laravel/framework/src/Illuminate/Foundation/Application.php(1058): Illuminate\\Container\\Container->make()
#16 /home/u533806958/domains/a1merchantsolutions.triviio.com/public_html/vendor/laravel/framework/src/Illuminate/Pipeline/Pipeline.php(208): Illuminate\\Foundation\\Application->make()
#17 /home/u533806958/domains/a1merchantsolutions.triviio.com/public_html/vendor/laravel/framework/src/Illuminate/Pipeline/Pipeline.php(137): Illuminate\\Pipeline\\Pipeline->Illuminate\\Pipeline\\{closure}()
#18 /home/u533806958/domains/a1merchantsolutions.triviio.com/public_html/vendor/laravel/framework/src/Illuminate/Routing/Router.php(821): Illuminate\\Pipeline\\Pipeline->then()
#19 /home/u533806958/domains/a1merchantsolutions.triviio.com/public_html/vendor/laravel/framework/src/Illuminate/Routing/Router.php(800): Illuminate\\Routing\\Router->runRouteWithinStack()
#20 /home/u533806958/domains/a1merchantsolutions.triviio.com/public_html/vendor/laravel/framework/src/Illuminate/Routing/Router.php(764): Illuminate\\Routing\\Router->runRoute()
#21 /home/u533806958/domains/a1merchantsolutions.triviio.com/public_html/vendor/laravel/framework/src/Illuminate/Routing/Router.php(753): Illuminate\\Routing\\Router->dispatchToRoute()
#22 /home/u533806958/domains/a1merchantsolutions.triviio.com/public_html/vendor/laravel/framework/src/Illuminate/Foundation/Http/Kernel.php(200): Illuminate\\Routing\\Router->dispatch()
#23 /home/u533806958/domains/a1merchantsolutions.triviio.com/public_html/vendor/laravel/framework/src/Illuminate/Pipeline/Pipeline.php(180): Illuminate\\Foundation\\Http\\Kernel->Illuminate\\Foundation\\Http\\{closure}()
#24 /home/u533806958/domains/a1merchantsolutions.triviio.com/public_html/vendor/laravel/framework/src/Illuminate/Foundation/Http/Middleware/TransformsRequest.php(21): Illuminate\\Pipeline\\Pipeline->Illuminate\\Pipeline\\{closure}()
#25 /home/u533806958/domains/a1merchantsolutions.triviio.com/public_html/vendor/laravel/framework/src/Illuminate/Foundation/Http/Middleware/ConvertEmptyStringsToNull.php(31): Illuminate\\Foundation\\Http\\Middleware\\TransformsRequest->handle()
#26 /home/u533806958/domains/a1merchantsolutions.triviio.com/public_html/vendor/laravel/framework/src/Illuminate/Pipeline/Pipeline.php(219): Illuminate\\Foundation\\Http\\Middleware\\ConvertEmptyStringsToNull->handle()
#27 /home/u533806958/domains/a1merchantsolutions.triviio.com/public_html/vendor/laravel/framework/src/Illuminate/Foundation/Http/Middleware/TransformsRequest.php(21): Illuminate\\Pipeline\\Pipeline->Illuminate\\Pipeline\\{closure}()
#28 /home/u533806958/domains/a1merchantsolutions.triviio.com/public_html/vendor/laravel/framework/src/Illuminate/Foundation/Http/Middleware/TrimStrings.php(51): Illuminate\\Foundation\\Http\\Middleware\\TransformsRequest->handle()
#29 /home/u533806958/domains/a1merchantsolutions.triviio.com/public_html/vendor/laravel/framework/src/Illuminate/Pipeline/Pipeline.php(219): Illuminate\\Foundation\\Http\\Middleware\\TrimStrings->handle()
#30 /home/u533806958/domains/a1merchantsolutions.triviio.com/public_html/vendor/laravel/framework/src/Illuminate/Http/Middleware/ValidatePostSize.php(27): Illuminate\\Pipeline\\Pipeline->Illuminate\\Pipeline\\{closure}()
#31 /home/u533806958/domains/a1merchantsolutions.triviio.com/public_html/vendor/laravel/framework/src/Illuminate/Pipeline/Pipeline.php(219): Illuminate\\Http\\Middleware\\ValidatePostSize->handle()
#32 /home/u533806958/domains/a1merchantsolutions.triviio.com/public_html/vendor/laravel/framework/src/Illuminate/Foundation/Http/Middleware/PreventRequestsDuringMaintenance.php(109): Illuminate\\Pipeline\\Pipeline->Illuminate\\Pipeline\\{closure}()
#33 /home/u533806958/domains/a1merchantsolutions.triviio.com/public_html/vendor/laravel/framework/src/Illuminate/Pipeline/Pipeline.php(219): Illuminate\\Foundation\\Http\\Middleware\\PreventRequestsDuringMaintenance->handle()
#34 /home/u533806958/domains/a1merchantsolutions.triviio.com/public_html/vendor/laravel/framework/src/Illuminate/Http/Middleware/HandleCors.php(61): Illuminate\\Pipeline\\Pipeline->Illuminate\\Pipeline\\{closure}()
#35 /home/u533806958/domains/a1merchantsolutions.triviio.com/public_html/vendor/laravel/framework/src/Illuminate/Pipeline/Pipeline.php(219): Illuminate\\Http\\Middleware\\HandleCors->handle()
#36 /home/u533806958/domains/a1merchantsolutions.triviio.com/public_html/vendor/laravel/framework/src/Illuminate/Http/Middleware/TrustProxies.php(58): Illuminate\\Pipeline\\Pipeline->Illuminate\\Pipeline\\{closure}()
#37 /home/u533806958/domains/a1merchantsolutions.triviio.com/public_html/vendor/laravel/framework/src/Illuminate/Pipeline/Pipeline.php(219): Illuminate\\Http\\Middleware\\TrustProxies->handle()
#38 /home/u533806958/domains/a1merchantsolutions.triviio.com/public_html/vendor/laravel/framework/src/Illuminate/Foundation/Http/Middleware/InvokeDeferredCallbacks.php(22): Illuminate\\Pipeline\\Pipeline->Illuminate\\Pipeline\\{closure}()
#39 /home/u533806958/domains/a1merchantsolutions.triviio.com/public_html/vendor/laravel/framework/src/Illuminate/Pipeline/Pipeline.php(219): Illuminate\\Foundation\\Http\\Middleware\\InvokeDeferredCallbacks->handle()
#40 /home/u533806958/domains/a1merchantsolutions.triviio.com/public_html/vendor/laravel/framework/src/Illuminate/Http/Middleware/ValidatePathEncoding.php(26): Illuminate\\Pipeline\\Pipeline->Illuminate\\Pipeline\\{closure}()
#41 /home/u533806958/domains/a1merchantsolutions.triviio.com/public_html/vendor/laravel/framework/src/Illuminate/Pipeline/Pipeline.php(219): Illuminate\\Http\\Middleware\\ValidatePathEncoding->handle()
#42 /home/u533806958/domains/a1merchantsolutions.triviio.com/public_html/vendor/laravel/framework/src/Illuminate/Pipeline/Pipeline.php(137): Illuminate\\Pipeline\\Pipeline->Illuminate\\Pipeline\\{closure}()
#43 /home/u533806958/domains/a1merchantsolutions.triviio.com/public_html/vendor/laravel/framework/src/Illuminate/Foundation/Http/Kernel.php(175): Illuminate\\Pipeline\\Pipeline->then()
#44 /home/u533806958/domains/a1merchantsolutions.triviio.com/public_html/vendor/laravel/framework/src/Illuminate/Foundation/Http/Kernel.php(144): Illuminate\\Foundation\\Http\\Kernel->sendRequestThroughRouter()
#45 /home/u533806958/domains/a1merchantsolutions.triviio.com/public_html/vendor/laravel/framework/src/Illuminate/Foundation/Application.php(1220): Illuminate\\Foundation\\Http\\Kernel->handle()
#46 /home/u533806958/domains/a1merchantsolutions.triviio.com/public_html/public/index.php(15): Illuminate\\Foundation\\Application->handleRequest()
#47 /home/u533806958/domains/a1merchantsolutions.triviio.com/public_html/index.php(3): require('/home/u53380695...')
#48 {main}
"} 
[2026-08-11 10:10:39] production.ERROR: No application encryption key has been specified. {"exception":"[object] (Illuminate\\Encryption\\MissingAppKeyException(code: 0): No application encryption key has been specified. at /home/u533806958/domains/a1merchantsolutions.triviio.com/public_html/vendor/laravel/framework/src/Illuminate/Encryption/EncryptionServiceProvider.php:83)
[stacktrace]
#0 /home/u533806958/domains/a1merchantsolutions.triviio.com/public_html/vendor/laravel/framework/src/Illuminate/Support/helpers.php(393): Illuminate\\Encryption\\EncryptionServiceProvider->Illuminate\\Encryption\\{closure}()
#1 /home/u533806958/domains/a1merchantsolutions.triviio.com/public_html/vendor/laravel/framework/src/Illuminate/Encryption/EncryptionServiceProvider.php(81): tap()
#2 /home/u533806958/domains/a1merchantsolutions.triviio.com/public_html/vendor/laravel/framework/src/Illuminate/Encryption/EncryptionServiceProvider.php(64): Illuminate\\Encryption\\EncryptionServiceProvider->key()
#3 /home/u533806958/domains/a1merchantsolutions.triviio.com/public_html/vendor/laravel/framework/src/Illuminate/Encryption/EncryptionServiceProvider.php(32): Illuminate\\Encryption\\EncryptionServiceProvider->parseKey()
#4 /home/u533806958/domains/a1merchantsolutions.triviio.com/public_html/vendor/laravel/framework/src/Illuminate/Container/Container.php(1115): Illuminate\\Encryption\\EncryptionServiceProvider->Illuminate\\Encryption\\{closure}()
#5 /home/u533806958/domains/a1merchantsolutions.triviio.com/public_html/vendor/laravel/framework/src/Illuminate/Container/Container.php(933): Illuminate\\Container\\Container->build()
#6 /home/u533806958/domains/a1merchantsolutions.triviio.com/public_html/vendor/laravel/framework/src/Illuminate/Foundation/Application.php(1078): Illuminate\\Container\\Container->resolve()
#7 /home/u533806958/domains/a1merchantsolutions.triviio.com/public_html/vendor/laravel/framework/src/Illuminate/Container/Container.php(864): Illuminate\\Foundation\\Application->resolve()
#8 /home/u533806958/domains/a1merchantsolutions.triviio.com/public_html/vendor/laravel/framework/src/Illuminate/Foundation/Application.php(1058): Illuminate\\Container\\Container->make()
#9 /home/u533806958/domains/a1merchantsolutions.triviio.com/public_html/vendor/laravel/framework/src/Illuminate/Container/Container.php(1336): Illuminate\\Foundation\\Application->make()
#10 /home/u533806958/domains/a1merchantsolutions.triviio.com/public_html/vendor/laravel/framework/src/Illuminate/Container/Container.php(1237): Illuminate\\Container\\Container->resolveClass()
#11 /home/u533806958/domains/a1merchantsolutions.triviio.com/public_html/vendor/laravel/framework/src/Illuminate/Container/Container.php(1162): Illuminate\\Container\\Container->resolveDependencies()
#12 /home/u533806958/domains/a1merchantsolutions.triviio.com/public_html/vendor/laravel/framework/src/Illuminate/Container/Container.php(933): Illuminate\\Container\\Container->build()
#13 /home/u533806958/domains/a1merchantsolutions.triviio.com/public_html/vendor/laravel/framework/src/Illuminate/Foundation/Application.php(1078): Illuminate\\Container\\Container->resolve()
#14 /home/u533806958/domains/a1merchantsolutions.triviio.com/public_html/vendor/laravel/framework/src/Illuminate/Container/Container.php(864): Illuminate\\Foundation\\Application->resolve()
#15 /home/u533806958/domains/a1merchantsolutions.triviio.com/public_html/vendor/laravel/framework/src/Illuminate/Foundation/Application.php(1058): Illuminate\\Container\\Container->make()
#16 /home/u533806958/domains/a1merchantsolutions.triviio.com/public_html/vendor/laravel/framework/src/Illuminate/Foundation/Http/Kernel.php(257): Illuminate\\Foundation\\Application->make()
#17 /home/u533806958/domains/a1merchantsolutions.triviio.com/public_html/vendor/laravel/framework/src/Illuminate/Foundation/Http/Kernel.php(215): Illuminate\\Foundation\\Http\\Kernel->terminateMiddleware()
#18 /home/u533806958/domains/a1merchantsolutions.triviio.com/public_html/vendor/laravel/framework/src/Illuminate/Foundation/Application.php(1222): Illuminate\\Foundation\\Http\\Kernel->terminate()
#19 /home/u533806958/domains/a1merchantsolutions.triviio.com/public_html/public/index.php(15): Illuminate\\Foundation\\Application->handleRequest()
#20 /home/u533806958/domains/a1merchantsolutions.triviio.com/public_html/index.php(3): require('/home/u53380695...')
#21 {main}
"} 
[2026-08-11 10:10:39] production.ERROR: No application encryption key has been specified. {"exception":"[object] (Illuminate\\Encryption\\MissingAppKeyException(code: 0): No application encryption key has been specified. at /home/u533806958/domains/a1merchantsolutions.triviio.com/public_html/vendor/laravel/framework/src/Illuminate/Encryption/EncryptionServiceProvider.php:83)
[stacktrace]
#0 /home/u533806958/domains/a1merchantsolutions.triviio.com/public_html/vendor/laravel/framework/src/Illuminate/Support/helpers.php(393): Illuminate\\Encryption\\EncryptionServiceProvider->Illuminate\\Encryption\\{closure}()
#1 /home/u533806958/domains/a1merchantsolutions.triviio.com/public_html/vendor/laravel/framework/src/Illuminate/Encryption/EncryptionServiceProvider.php(81): tap()
#2 /home/u533806958/domains/a1merchantsolutions.triviio.com/public_html/vendor/laravel/framework/src/Illuminate/Encryption/EncryptionServiceProvider.php(64): Illuminate\\Encryption\\EncryptionServiceProvider->key()
#3 /home/u533806958/domains/a1merchantsolutions.triviio.com/public_html/vendor/laravel/framework/src/Illuminate/Encryption/EncryptionServiceProvider.php(32): Illuminate\\Encryption\\EncryptionServiceProvider->parseKey()
#4 /home/u533806958/domains/a1merchantsolutions.triviio.com/public_html/vendor/laravel/framework/src/Illuminate/Container/Container.php(1115): Illuminate\\Encryption\\EncryptionServiceProvider->Illuminate\\Encryption\\{closure}()
#5 /home/u533806958/domains/a1merchantsolutions.triviio.com/public_html/vendor/laravel/framework/src/Illuminate/Container/Container.php(933): Illuminate\\Container\\Container->build()
#6 /home/u533806958/domains/a1merchantsolutions.triviio.com/public_html/vendor/laravel/framework/src/Illuminate/Foundation/Application.php(1078): Illuminate\\Container\\Container->resolve()
#7 /home/u533806958/domains/a1merchantsolutions.triviio.com/public_html/vendor/laravel/framework/src/Illuminate/Container/Container.php(864): Illuminate\\Foundation\\Application->resolve()
#8 /home/u533806958/domains/a1merchantsolutions.triviio.com/public_html/vendor/laravel/framework/src/Illuminate/Foundation/Application.php(1058): Illuminate\\Container\\Container->make()
#9 /home/u533806958/domains/a1merchantsolutions.triviio.com/public_html/vendor/laravel/framework/src/Illuminate/Container/Container.php(1336): Illuminate\\Foundation\\Application->make()
#10 /home/u533806958/domains/a1merchantsolutions.triviio.com/public_html/vendor/laravel/framework/src/Illuminate/Container/Container.php(1237): Illuminate\\Container\\Container->resolveClass()
#11 /home/u533806958/domains/a1merchantsolutions.triviio.com/public_html/vendor/laravel/framework/src/Illuminate/Container/Container.php(1162): Illuminate\\Container\\Container->resolveDependencies()
#12 /home/u533806958/domains/a1merchantsolutions.triviio.com/public_html/vendor/laravel/framework/src/Illuminate/Container/Container.php(933): Illuminate\\Container\\Container->build()
#13 /home/u533806958/domains/a1merchantsolutions.triviio.com/public_html/vendor/laravel/framework/src/Illuminate/Foundation/Application.php(1078): Illuminate\\Container\\Container->resolve()
#14 /home/u533806958/domains/a1merchantsolutions.triviio.com/public_html/vendor/laravel/framework/src/Illuminate/Container/Container.php(864): Illuminate\\Foundation\\Application->resolve()
#15 /home/u533806958/domains/a1merchantsolutions.triviio.com/public_html/vendor/laravel/framework/src/Illuminate/Foundation/Application.php(1058): Illuminate\\Container\\Container->make()
#16 /home/u533806958/domains/a1merchantsolutions.triviio.com/public_html/vendor/laravel/framework/src/Illuminate/Pipeline/Pipeline.php(208): Illuminate\\Foundation\\Application->make()
#17 /home/u533806958/domains/a1merchantsolutions.triviio.com/public_html/vendor/laravel/framework/src/Illuminate/Pipeline/Pipeline.php(137): Illuminate\\Pipeline\\Pipeline->Illuminate\\Pipeline\\{closure}()
#18 /home/u533806958/domains/a1merchantsolutions.triviio.com/public_html/vendor/laravel/framework/src/Illuminate/Routing/Router.php(821): Illuminate\\Pipeline\\Pipeline->then()
#19 /home/u533806958/domains/a1merchantsolutions.triviio.com/public_html/vendor/laravel/framework/src/Illuminate/Routing/Router.php(800): Illuminate\\Routing\\Router->runRouteWithinStack()
#20 /home/u533806958/domains/a1merchantsolutions.triviio.com/public_html/vendor/laravel/framework/src/Illuminate/Routing/Router.php(764): Illuminate\\Routing\\Router->runRoute()
#21 /home/u533806958/domains/a1merchantsolutions.triviio.com/public_html/vendor/laravel/framework/src/Illuminate/Routing/Router.php(753): Illuminate\\Routing\\Router->dispatchToRoute()
#22 /home/u533806958/domains/a1merchantsolutions.triviio.com/public_html/vendor/laravel/framework/src/Illuminate/Foundation/Http/Kernel.php(200): Illuminate\\Routing\\Router->dispatch()
#23 /home/u533806958/domains/a1merchantsolutions.triviio.com/public_html/vendor/laravel/framework/src/Illuminate/Pipeline/Pipeline.php(180): Illuminate\\Foundation\\Http\\Kernel->Illuminate\\Foundation\\Http\\{closure}()
#24 /home/u533806958/domains/a1merchantsolutions.triviio.com/public_html/vendor/laravel/framework/src/Illuminate/Foundation/Http/Middleware/TransformsRequest.php(21): Illuminate\\Pipeline\\Pipeline->Illuminate\\Pipeline\\{closure}()
#25 /home/u533806958/domains/a1merchantsolutions.triviio.com/public_html/vendor/laravel/framework/src/Illuminate/Foundation/Http/Middleware/ConvertEmptyStringsToNull.php(31): Illuminate\\Foundation\\Http\\Middleware\\TransformsRequest->handle()
#26 /home/u533806958/domains/a1merchantsolutions.triviio.com/public_html/vendor/laravel/framework/src/Illuminate/Pipeline/Pipeline.php(219): Illuminate\\Foundation\\Http\\Middleware\\ConvertEmptyStringsToNull->handle()
#27 /home/u533806958/domains/a1merchantsolutions.triviio.com/public_html/vendor/laravel/framework/src/Illuminate/Foundation/Http/Middleware/TransformsRequest.php(21): Illuminate\\Pipeline\\Pipeline->Illuminate\\Pipeline\\{closure}()
#28 /home/u533806958/domains/a1merchantsolutions.triviio.com/public_html/vendor/laravel/framework/src/Illuminate/Foundation/Http/Middleware/TrimStrings.php(51): Illuminate\\Foundation\\Http\\Middleware\\TransformsRequest->handle()
#29 /home/u533806958/domains/a1merchantsolutions.triviio.com/public_html/vendor/laravel/framework/src/Illuminate/Pipeline/Pipeline.php(219): Illuminate\\Foundation\\Http\\Middleware\\TrimStrings->handle()
#30 /home/u533806958/domains/a1merchantsolutions.triviio.com/public_html/vendor/laravel/framework/src/Illuminate/Http/Middleware/ValidatePostSize.php(27): Illuminate\\Pipeline\\Pipeline->Illuminate\\Pipeline\\{closure}()
#31 /home/u533806958/domains/a1merchantsolutions.triviio.com/public_html/vendor/laravel/framework/src/Illuminate/Pipeline/Pipeline.php(219): Illuminate\\Http\\Middleware\\ValidatePostSize->handle()
#32 /home/u533806958/domains/a1merchantsolutions.triviio.com/public_html/vendor/laravel/framework/src/Illuminate/Foundation/Http/Middleware/PreventRequestsDuringMaintenance.php(109): Illuminate\\Pipeline\\Pipeline->Illuminate\\Pipeline\\{closure}()
#33 /home/u533806958/domains/a1merchantsolutions.triviio.com/public_html/vendor/laravel/framework/src/Illuminate/Pipeline/Pipeline.php(219): Illuminate\\Foundation\\Http\\Middleware\\PreventRequestsDuringMaintenance->handle()
#34 /home/u533806958/domains/a1merchantsolutions.triviio.com/public_html/vendor/laravel/framework/src/Illuminate/Http/Middleware/HandleCors.php(61): Illuminate\\Pipeline\\Pipeline->Illuminate\\Pipeline\\{closure}()
#35 /home/u533806958/domains/a1merchantsolutions.triviio.com/public_html/vendor/laravel/framework/src/Illuminate/Pipeline/Pipeline.php(219): Illuminate\\Http\\Middleware\\HandleCors->handle()
#36 /home/u533806958/domains/a1merchantsolutions.triviio.com/public_html/vendor/laravel/framework/src/Illuminate/Http/Middleware/TrustProxies.php(58): Illuminate\\Pipeline\\Pipeline->Illuminate\\Pipeline\\{closure}()
#37 /home/u533806958/domains/a1merchantsolutions.triviio.com/public_html/vendor/laravel/framework/src/Illuminate/Pipeline/Pipeline.php(219): Illuminate\\Http\\Middleware\\TrustProxies->handle()
#38 /home/u533806958/domains/a1merchantsolutions.triviio.com/public_html/vendor/laravel/framework/src/Illuminate/Foundation/Http/Middleware/InvokeDeferredCallbacks.php(22): Illuminate\\Pipeline\\Pipeline->Illuminate\\Pipeline\\{closure}()
#39 /home/u533806958/domains/a1merchantsolutions.triviio.com/public_html/vendor/laravel/framework/src/Illuminate/Pipeline/Pipeline.php(219): Illuminate\\Foundation\\Http\\Middleware\\InvokeDeferredCallbacks->handle()
#40 /home/u533806958/domains/a1merchantsolutions.triviio.com/public_html/vendor/laravel/framework/src/Illuminate/Http/Middleware/ValidatePathEncoding.php(26): Illuminate\\Pipeline\\Pipeline->Illuminate\\Pipeline\\{closure}()
#41 /home/u533806958/domains/a1merchantsolutions.triviio.com/public_html/vendor/laravel/framework/src/Illuminate/Pipeline/Pipeline.php(219): Illuminate\\Http\\Middleware\\ValidatePathEncoding->handle()
#42 /home/u533806958/domains/a1merchantsolutions.triviio.com/public_html/vendor/laravel/framework/src/Illuminate/Pipeline/Pipeline.php(137): Illuminate\\Pipeline\\Pipeline->Illuminate\\Pipeline\\{closure}()
#43 /home/u533806958/domains/a1merchantsolutions.triviio.com/public_html/vendor/laravel/framework/src/Illuminate/Foundation/Http/Kernel.php(175): Illuminate\\Pipeline\\Pipeline->then()
#44 /home/u533806958/domains/a1merchantsolutions.triviio.com/public_html/vendor/laravel/framework/src/Illuminate/Foundation/Http/Kernel.php(144): Illuminate\\Foundation\\Http\\Kernel->sendRequestThroughRouter()
#45 /home/u533806958/domains/a1merchantsolutions.triviio.com/public_html/vendor/laravel/framework/src/Illuminate/Foundation/Application.php(1220): Illuminate\\Foundation\\Http\\Kernel->handle()
#46 /home/u533806958/domains/a1merchantsolutions.triviio.com/public_html/public/index.php(15): Illuminate\\Foundation\\Application->handleRequest()
#47 /home/u533806958/domains/a1merchantsolutions.triviio.com/public_html/index.php(3): require('/home/u53380695...')
#48 {main}
"} 
[2026-08-11 10:10:39] production.ERROR: No application encryption key has been specified. {"exception":"[object] (Illuminate\\Encryption\\MissingAppKeyException(code: 0): No application encryption key has been specified. at /home/u533806958/domains/a1merchantsolutions.triviio.com/public_html/vendor/laravel/framework/src/Illuminate/Encryption/EncryptionServiceProvider.php:83)
[stacktrace]
#0 /home/u533806958/domains/a1merchantsolutions.triviio.com/public_html/vendor/laravel/framework/src/Illuminate/Support/helpers.php(393): Illuminate\\Encryption\\EncryptionServiceProvider->Illuminate\\Encryption\\{closure}()
#1 /home/u533806958/domains/a1merchantsolutions.triviio.com/public_html/vendor/laravel/framework/src/Illuminate/Encryption/EncryptionServiceProvider.php(81): tap()
#2 /home/u533806958/domains/a1merchantsolutions.triviio.com/public_html/vendor/laravel/framework/src/Illuminate/Encryption/EncryptionServiceProvider.php(64): Illuminate\\Encryption\\EncryptionServiceProvider->key()
#3 /home/u533806958/domains/a1merchantsolutions.triviio.com/public_html/vendor/laravel/framework/src/Illuminate/Encryption/EncryptionServiceProvider.php(32): Illuminate\\Encryption\\EncryptionServiceProvider->parseKey()
#4 /home/u533806958/domains/a1merchantsolutions.triviio.com/public_html/vendor/laravel/framework/src/Illuminate/Container/Container.php(1115): Illuminate\\Encryption\\EncryptionServiceProvider->Illuminate\\Encryption\\{closure}()
#5 /home/u533806958/domains/a1merchantsolutions.triviio.com/public_html/vendor/laravel/framework/src/Illuminate/Container/Container.php(933): Illuminate\\Container\\Container->build()
#6 /home/u533806958/domains/a1merchantsolutions.triviio.com/public_html/vendor/laravel/framework/src/Illuminate/Foundation/Application.php(1078): Illuminate\\Container\\Container->resolve()
#7 /home/u533806958/domains/a1merchantsolutions.triviio.com/public_html/vendor/laravel/framework/src/Illuminate/Container/Container.php(864): Illuminate\\Foundation\\Application->resolve()
#8 /home/u533806958/domains/a1merchantsolutions.triviio.com/public_html/vendor/laravel/framework/src/Illuminate/Foundation/Application.php(1058): Illuminate\\Container\\Container->make()
#9 /home/u533806958/domains/a1merchantsolutions.triviio.com/public_html/vendor/laravel/framework/src/Illuminate/Container/Container.php(1336): Illuminate\\Foundation\\Application->make()
#10 /home/u533806958/domains/a1merchantsolutions.triviio.com/public_html/vendor/laravel/framework/src/Illuminate/Container/Container.php(1237): Illuminate\\Container\\Container->resolveClass()
#11 /home/u533806958/domains/a1merchantsolutions.triviio.com/public_html/vendor/laravel/framework/src/Illuminate/Container/Container.php(1162): Illuminate\\Container\\Container->resolveDependencies()
#12 /home/u533806958/domains/a1merchantsolutions.triviio.com/public_html/vendor/laravel/framework/src/Illuminate/Container/Container.php(933): Illuminate\\Container\\Container->build()
#13 /home/u533806958/domains/a1merchantsolutions.triviio.com/public_html/vendor/laravel/framework/src/Illuminate/Foundation/Application.php(1078): Illuminate\\Container\\Container->resolve()
#14 /home/u533806958/domains/a1merchantsolutions.triviio.com/public_html/vendor/laravel/framework/src/Illuminate/Container/Container.php(864): Illuminate\\Foundation\\Application->resolve()
#15 /home/u533806958/domains/a1merchantsolutions.triviio.com/public_html/vendor/laravel/framework/src/Illuminate/Foundation/Application.php(1058): Illuminate\\Container\\Container->make()
#16 /home/u533806958/domains/a1merchantsolutions.triviio.com/public_html/vendor/laravel/framework/src/Illuminate/Foundation/Http/Kernel.php(257): Illuminate\\Foundation\\Application->make()
#17 /home/u533806958/domains/a1merchantsolutions.triviio.com/public_html/vendor/laravel/framework/src/Illuminate/Foundation/Http/Kernel.php(215): Illuminate\\Foundation\\Http\\Kernel->terminateMiddleware()
#18 /home/u533806958/domains/a1merchantsolutions.triviio.com/public_html/vendor/laravel/framework/src/Illuminate/Foundation/Application.php(1222): Illuminate\\Foundation\\Http\\Kernel->terminate()
#19 /home/u533806958/domains/a1merchantsolutions.triviio.com/public_html/public/index.php(15): Illuminate\\Foundation\\Application->handleRequest()
#20 /home/u533806958/domains/a1merchantsolutions.triviio.com/public_html/index.php(3): require('/home/u53380695...')
#21 {main}
"} 
[2026-08-11 10:10:39] production.ERROR: No application encryption key has been specified. {"exception":"[object] (Illuminate\\Encryption\\MissingAppKeyException(code: 0): No application encryption key has been specified. at /home/u533806958/domains/a1merchantsolutions.triviio.com/public_html/vendor/laravel/framework/src/Illuminate/Encryption/EncryptionServiceProvider.php:83)
[stacktrace]
#0 /home/u533806958/domains/a1merchantsolutions.triviio.com/public_html/vendor/laravel/framework/src/Illuminate/Support/helpers.php(393): Illuminate\\Encryption\\EncryptionServiceProvider->Illuminate\\Encryption\\{closure}()
#1 /home/u533806958/domains/a1merchantsolutions.triviio.com/public_html/vendor/laravel/framework/src/Illuminate/Encryption/EncryptionServiceProvider.php(81): tap()
#2 /home/u533806958/domains/a1merchantsolutions.triviio.com/public_html/vendor/laravel/framework/src/Illuminate/Encryption/EncryptionServiceProvider.php(64): Illuminate\\Encryption\\EncryptionServiceProvider->key()
#3 /home/u533806958/domains/a1merchantsolutions.triviio.com/public_html/vendor/laravel/framework/src/Illuminate/Encryption/EncryptionServiceProvider.php(32): Illuminate\\Encryption\\EncryptionServiceProvider->parseKey()
#4 /home/u533806958/domains/a1merchantsolutions.triviio.com/public_html/vendor/laravel/framework/src/Illuminate/Container/Container.php(1115): Illuminate\\Encryption\\EncryptionServiceProvider->Illuminate\\Encryption\\{closure}()
#5 /home/u533806958/domains/a1merchantsolutions.triviio.com/public_html/vendor/laravel/framework/src/Illuminate/Container/Container.php(933): Illuminate\\Container\\Container->build()
#6 /home/u533806958/domains/a1merchantsolutions.triviio.com/public_html/vendor/laravel/framework/src/Illuminate/Foundation/Application.php(1078): Illuminate\\Container\\Container->resolve()
#7 /home/u533806958/domains/a1merchantsolutions.triviio.com/public_html/vendor/laravel/framework/src/Illuminate/Container/Container.php(864): Illuminate\\Foundation\\Application->resolve()
#8 /home/u533806958/domains/a1merchantsolutions.triviio.com/public_html/vendor/laravel/framework/src/Illuminate/Foundation/Application.php(1058): Illuminate\\Container\\Container->make()
#9 /home/u533806958/domains/a1merchantsolutions.triviio.com/public_html/vendor/laravel/framework/src/Illuminate/Container/Container.php(1336): Illuminate\\Foundation\\Application->make()
#10 /home/u533806958/domains/a1merchantsolutions.triviio.com/public_html/vendor/laravel/framework/src/Illuminate/Container/Container.php(1237): Illuminate\\Container\\Container->resolveClass()
#11 /home/u533806958/domains/a1merchantsolutions.triviio.com/public_html/vendor/laravel/framework/src/Illuminate/Container/Container.php(1162): Illuminate\\Container\\Container->resolveDependencies()
#12 /home/u533806958/domains/a1merchantsolutions.triviio.com/public_html/vendor/laravel/framework/src/Illuminate/Container/Container.php(933): Illuminate\\Container\\Container->build()
#13 /home/u533806958/domains/a1merchantsolutions.triviio.com/public_html/vendor/laravel/framework/src/Illuminate/Foundation/Application.php(1078): Illuminate\\Container\\Container->resolve()
#14 /home/u533806958/domains/a1merchantsolutions.triviio.com/public_html/vendor/laravel/framework/src/Illuminate/Container/Container.php(864): Illuminate\\Foundation\\Application->resolve()
#15 /home/u533806958/domains/a1merchantsolutions.triviio.com/public_html/vendor/laravel/framework/src/Illuminate/Foundation/Application.php(1058): Illuminate\\Container\\Container->make()
#16 /home/u533806958/domains/a1merchantsolutions.triviio.com/public_html/vendor/laravel/framework/src/Illuminate/Pipeline/Pipeline.php(208): Illuminate\\Foundation\\Application->make()
#17 /home/u533806958/domains/a1merchantsolutions.triviio.com/public_html/vendor/laravel/framework/src/Illuminate/Pipeline/Pipeline.php(137): Illuminate\\Pipeline\\Pipeline->Illuminate\\Pipeline\\{closure}()
#18 /home/u533806958/domains/a1merchantsolutions.triviio.com/public_html/vendor/laravel/framework/src/Illuminate/Routing/Router.php(821): Illuminate\\Pipeline\\Pipeline->then()
#19 /home/u533806958/domains/a1merchantsolutions.triviio.com/public_html/vendor/laravel/framework/src/Illuminate/Routing/Router.php(800): Illuminate\\Routing\\Router->runRouteWithinStack()
#20 /home/u533806958/domains/a1merchantsolutions.triviio.com/public_html/vendor/laravel/framework/src/Illuminate/Routing/Router.php(764): Illuminate\\Routing\\Router->runRoute()
#21 /home/u533806958/domains/a1merchantsolutions.triviio.com/public_html/vendor/laravel/framework/src/Illuminate/Routing/Router.php(753): Illuminate\\Routing\\Router->dispatchToRoute()
#22 /home/u533806958/domains/a1merchantsolutions.triviio.com/public_html/vendor/laravel/framework/src/Illuminate/Foundation/Http/Kernel.php(200): Illuminate\\Routing\\Router->dispatch()
#23 /home/u533806958/domains/a1merchantsolutions.triviio.com/public_html/vendor/laravel/framework/src/Illuminate/Pipeline/Pipeline.php(180): Illuminate\\Foundation\\Http\\Kernel->Illuminate\\Foundation\\Http\\{closure}()
#24 /home/u533806958/domains/a1merchantsolutions.triviio.com/public_html/vendor/laravel/framework/src/Illuminate/Foundation/Http/Middleware/TransformsRequest.php(21): Illuminate\\Pipeline\\Pipeline->Illuminate\\Pipeline\\{closure}()
#25 /home/u533806958/domains/a1merchantsolutions.triviio.com/public_html/vendor/laravel/framework/src/Illuminate/Foundation/Http/Middleware/ConvertEmptyStringsToNull.php(31): Illuminate\\Foundation\\Http\\Middleware\\TransformsRequest->handle()
#26 /home/u533806958/domains/a1merchantsolutions.triviio.com/public_html/vendor/laravel/framework/src/Illuminate/Pipeline/Pipeline.php(219): Illuminate\\Foundation\\Http\\Middleware\\ConvertEmptyStringsToNull->handle()
#27 /home/u533806958/domains/a1merchantsolutions.triviio.com/public_html/vendor/laravel/framework/src/Illuminate/Foundation/Http/Middleware/TransformsRequest.php(21): Illuminate\\Pipeline\\Pipeline->Illuminate\\Pipeline\\{closure}()
#28 /home/u533806958/domains/a1merchantsolutions.triviio.com/public_html/vendor/laravel/framework/src/Illuminate/Foundation/Http/Middleware/TrimStrings.php(51): Illuminate\\Foundation\\Http\\Middleware\\TransformsRequest->handle()
#29 /home/u533806958/domains/a1merchantsolutions.triviio.com/public_html/vendor/laravel/framework/src/Illuminate/Pipeline/Pipeline.php(219): Illuminate\\Foundation\\Http\\Middleware\\TrimStrings->handle()
#30 /home/u533806958/domains/a1merchantsolutions.triviio.com/public_html/vendor/laravel/framework/src/Illuminate/Http/Middleware/ValidatePostSize.php(27): Illuminate\\Pipeline\\Pipeline->Illuminate\\Pipeline\\{closure}()
#31 /home/u533806958/domains/a1merchantsolutions.triviio.com/public_html/vendor/laravel/framework/src/Illuminate/Pipeline/Pipeline.php(219): Illuminate\\Http\\Middleware\\ValidatePostSize->handle()
#32 /home/u533806958/domains/a1merchantsolutions.triviio.com/public_html/vendor/laravel/framework/src/Illuminate/Foundation/Http/Middleware/PreventRequestsDuringMaintenance.php(109): Illuminate\\Pipeline\\Pipeline->Illuminate\\Pipeline\\{closure}()
#33 /home/u533806958/domains/a1merchantsolutions.triviio.com/public_html/vendor/laravel/framework/src/Illuminate/Pipeline/Pipeline.php(219): Illuminate\\Foundation\\Http\\Middleware\\PreventRequestsDuringMaintenance->handle()
#34 /home/u533806958/domains/a1merchantsolutions.triviio.com/public_html/vendor/laravel/framework/src/Illuminate/Http/Middleware/HandleCors.php(61): Illuminate\\Pipeline\\Pipeline->Illuminate\\Pipeline\\{closure}()
#35 /home/u533806958/domains/a1merchantsolutions.triviio.com/public_html/vendor/laravel/framework/src/Illuminate/Pipeline/Pipeline.php(219): Illuminate\\Http\\Middleware\\HandleCors->handle()
#36 /home/u533806958/domains/a1merchantsolutions.triviio.com/public_html/vendor/laravel/framework/src/Illuminate/Http/Middleware/TrustProxies.php(58): Illuminate\\Pipeline\\Pipeline->Illuminate\\Pipeline\\{closure}()
#37 /home/u533806958/domains/a1merchantsolutions.triviio.com/public_html/vendor/laravel/framework/src/Illuminate/Pipeline/Pipeline.php(219): Illuminate\\Http\\Middleware\\TrustProxies->handle()
#38 /home/u533806958/domains/a1merchantsolutions.triviio.com/public_html/vendor/laravel/framework/src/Illuminate/Foundation/Http/Middleware/InvokeDeferredCallbacks.php(22): Illuminate\\Pipeline\\Pipeline->Illuminate\\Pipeline\\{closure}()
#39 /home/u533806958/domains/a1merchantsolutions.triviio.com/public_html/vendor/laravel/framework/src/Illuminate/Pipeline/Pipeline.php(219): Illuminate\\Foundation\\Http\\Middleware\\InvokeDeferredCallbacks->handle()
#40 /home/u533806958/domains/a1merchantsolutions.triviio.com/public_html/vendor/laravel/framework/src/Illuminate/Http/Middleware/ValidatePathEncoding.php(26): Illuminate\\Pipeline\\Pipeline->Illuminate\\Pipeline\\{closure}()
#41 /home/u533806958/domains/a1merchantsolutions.triviio.com/public_html/vendor/laravel/framework/src/Illuminate/Pipeline/Pipeline.php(219): Illuminate\\Http\\Middleware\\ValidatePathEncoding->handle()
#42 /home/u533806958/domains/a1merchantsolutions.triviio.com/public_html/vendor/laravel/framework/src/Illuminate/Pipeline/Pipeline.php(137): Illuminate\\Pipeline\\Pipeline->Illuminate\\Pipeline\\{closure}()
#43 /home/u533806958/domains/a1merchantsolutions.triviio.com/public_html/vendor/laravel/framework/src/Illuminate/Foundation/Http/Kernel.php(175): Illuminate\\Pipeline\\Pipeline->then()
#44 /home/u533806958/domains/a1merchantsolutions.triviio.com/public_html/vendor/laravel/framework/src/Illuminate/Foundation/Http/Kernel.php(144): Illuminate\\Foundation\\Http\\Kernel->sendRequestThroughRouter()
#45 /home/u533806958/domains/a1merchantsolutions.triviio.com/public_html/vendor/laravel/framework/src/Illuminate/Foundation/Application.php(1220): Illuminate\\Foundation\\Http\\Kernel->handle()
#46 /home/u533806958/domains/a1merchantsolutions.triviio.com/public_html/public/index.php(15): Illuminate\\Foundation\\Application->handleRequest()
#47 /home/u533806958/domains/a1merchantsolutions.triviio.com/public_html/index.php(3): require('/home/u53380695...')
#48 {main}
"} 
[2026-08-11 10:10:39] production.ERROR: No application encryption key has been specified. {"exception":"[object] (Illuminate\\Encryption\\MissingAppKeyException(code: 0): No application encryption key has been specified. at /home/u533806958/domains/a1merchantsolutions.triviio.com/public_html/vendor/laravel/framework/src/Illuminate/Encryption/EncryptionServiceProvider.php:83)
[stacktrace]
#0 /home/u533806958/domains/a1merchantsolutions.triviio.com/public_html/vendor/laravel/framework/src/Illuminate/Support/helpers.php(393): Illuminate\\Encryption\\EncryptionServiceProvider->Illuminate\\Encryption\\{closure}()
#1 /home/u533806958/domains/a1merchantsolutions.triviio.com/public_html/vendor/laravel/framework/src/Illuminate/Encryption/EncryptionServiceProvider.php(81): tap()
#2 /home/u533806958/domains/a1merchantsolutions.triviio.com/public_html/vendor/laravel/framework/src/Illuminate/Encryption/EncryptionServiceProvider.php(64): Illuminate\\Encryption\\EncryptionServiceProvider->key()
#3 /home/u533806958/domains/a1merchantsolutions.triviio.com/public_html/vendor/laravel/framework/src/Illuminate/Encryption/EncryptionServiceProvider.php(32): Illuminate\\Encryption\\EncryptionServiceProvider->parseKey()
#4 /home/u533806958/domains/a1merchantsolutions.triviio.com/public_html/vendor/laravel/framework/src/Illuminate/Container/Container.php(1115): Illuminate\\Encryption\\EncryptionServiceProvider->Illuminate\\Encryption\\{closure}()
#5 /home/u533806958/domains/a1merchantsolutions.triviio.com/public_html/vendor/laravel/framework/src/Illuminate/Container/Container.php(933): Illuminate\\Container\\Container->build()
#6 /home/u533806958/domains/a1merchantsolutions.triviio.com/public_html/vendor/laravel/framework/src/Illuminate/Foundation/Application.php(1078): Illuminate\\Container\\Container->resolve()
#7 /home/u533806958/domains/a1merchantsolutions.triviio.com/public_html/vendor/laravel/framework/src/Illuminate/Container/Container.php(864): Illuminate\\Foundation\\Application->resolve()
#8 /home/u533806958/domains/a1merchantsolutions.triviio.com/public_html/vendor/laravel/framework/src/Illuminate/Foundation/Application.php(1058): Illuminate\\Container\\Container->make()
#9 /home/u533806958/domains/a1merchantsolutions.triviio.com/public_html/vendor/laravel/framework/src/Illuminate/Container/Container.php(1336): Illuminate\\Foundation\\Application->make()
#10 /home/u533806958/domains/a1merchantsolutions.triviio.com/public_html/vendor/laravel/framework/src/Illuminate/Container/Container.php(1237): Illuminate\\Container\\Container->resolveClass()
#11 /home/u533806958/domains/a1merchantsolutions.triviio.com/public_html/vendor/laravel/framework/src/Illuminate/Container/Container.php(1162): Illuminate\\Container\\Container->resolveDependencies()
#12 /home/u533806958/domains/a1merchantsolutions.triviio.com/public_html/vendor/laravel/framework/src/Illuminate/Container/Container.php(933): Illuminate\\Container\\Container->build()
#13 /home/u533806958/domains/a1merchantsolutions.triviio.com/public_html/vendor/laravel/framework/src/Illuminate/Foundation/Application.php(1078): Illuminate\\Container\\Container->resolve()
#14 /home/u533806958/domains/a1merchantsolutions.triviio.com/public_html/vendor/laravel/framework/src/Illuminate/Container/Container.php(864): Illuminate\\Foundation\\Application->resolve()
#15 /home/u533806958/domains/a1merchantsolutions.triviio.com/public_html/vendor/laravel/framework/src/Illuminate/Foundation/Application.php(1058): Illuminate\\Container\\Container->make()
#16 /home/u533806958/domains/a1merchantsolutions.triviio.com/public_html/vendor/laravel/framework/src/Illuminate/Foundation/Http/Kernel.php(257): Illuminate\\Foundation\\Application->make()
#17 /home/u533806958/domains/a1merchantsolutions.triviio.com/public_html/vendor/laravel/framework/src/Illuminate/Foundation/Http/Kernel.php(215): Illuminate\\Foundation\\Http\\Kernel->terminateMiddleware()
#18 /home/u533806958/domains/a1merchantsolutions.triviio.com/public_html/vendor/laravel/framework/src/Illuminate/Foundation/Application.php(1222): Illuminate\\Foundation\\Http\\Kernel->terminate()
#19 /home/u533806958/domains/a1merchantsolutions.triviio.com/public_html/public/index.php(15): Illuminate\\Foundation\\Application->handleRequest()
#20 /home/u533806958/domains/a1merchantsolutions.triviio.com/public_html/index.php(3): require('/home/u53380695...')
#21 {main}
"} 
[2026-08-11 10:10:47] production.ERROR: No application encryption key has been specified. {"exception":"[object] (Illuminate\\Encryption\\MissingAppKeyException(code: 0): No application encryption key has been specified. at /home/u533806958/domains/a1merchantsolutions.triviio.com/public_html/vendor/laravel/framework/src/Illuminate/Encryption/EncryptionServiceProvider.php:83)
[stacktrace]
#0 /home/u533806958/domains/a1merchantsolutions.triviio.com/public_html/vendor/laravel/framework/src/Illuminate/Support/helpers.php(393): Illuminate\\Encryption\\EncryptionServiceProvider->Illuminate\\Encryption\\{closure}()
#1 /home/u533806958/domains/a1merchantsolutions.triviio.com/public_html/vendor/laravel/framework/src/Illuminate/Encryption/EncryptionServiceProvider.php(81): tap()
#2 /home/u533806958/domains/a1merchantsolutions.triviio.com/public_html/vendor/laravel/framework/src/Illuminate/Encryption/EncryptionServiceProvider.php(64): Illuminate\\Encryption\\EncryptionServiceProvider->key()
#3 /home/u533806958/domains/a1merchantsolutions.triviio.com/public_html/vendor/laravel/framework/src/Illuminate/Encryption/EncryptionServiceProvider.php(32): Illuminate\\Encryption\\EncryptionServiceProvider->parseKey()
#4 /home/u533806958/domains/a1merchantsolutions.triviio.com/public_html/vendor/laravel/framework/src/Illuminate/Container/Container.php(1115): Illuminate\\Encryption\\EncryptionServiceProvider->Illuminate\\Encryption\\{closure}()
#5 /home/u533806958/domains/a1merchantsolutions.triviio.com/public_html/vendor/laravel/framework/src/Illuminate/Container/Container.php(933): Illuminate\\Container\\Container->build()
#6 /home/u533806958/domains/a1merchantsolutions.triviio.com/public_html/vendor/laravel/framework/src/Illuminate/Foundation/Application.php(1078): Illuminate\\Container\\Container->resolve()
#7 /home/u533806958/domains/a1merchantsolutions.triviio.com/public_html/vendor/laravel/framework/src/Illuminate/Container/Container.php(864): Illuminate\\Foundation\\Application->resolve()
#8 /home/u533806958/domains/a1merchantsolutions.triviio.com/public_html/vendor/laravel/framework/src/Illuminate/Foundation/Application.php(1058): Illuminate\\Container\\Container->make()
#9 /home/u533806958/domains/a1merchantsolutions.triviio.com/public_html/vendor/laravel/framework/src/Illuminate/Container/Container.php(1336): Illuminate\\Foundation\\Application->make()
#10 /home/u533806958/domains/a1merchantsolutions.triviio.com/public_html/vendor/laravel/framework/src/Illuminate/Container/Container.php(1237): Illuminate\\Container\\Container->resolveClass()
#11 /home/u533806958/domains/a1merchantsolutions.triviio.com/public_html/vendor/laravel/framework/src/Illuminate/Container/Container.php(1162): Illuminate\\Container\\Container->resolveDependencies()
#12 /home/u533806958/domains/a1merchantsolutions.triviio.com/public_html/vendor/laravel/framework/src/Illuminate/Container/Container.php(933): Illuminate\\Container\\Container->build()
#13 /home/u533806958/domains/a1merchantsolutions.triviio.com/public_html/vendor/laravel/framework/src/Illuminate/Foundation/Application.php(1078): Illuminate\\Container\\Container->resolve()
#14 /home/u533806958/domains/a1merchantsolutions.triviio.com/public_html/vendor/laravel/framework/src/Illuminate/Container/Container.php(864): Illuminate\\Foundation\\Application->resolve()
#15 /home/u533806958/domains/a1merchantsolutions.triviio.com/public_html/vendor/laravel/framework/src/Illuminate/Foundation/Application.php(1058): Illuminate\\Container\\Container->make()
#16 /home/u533806958/domains/a1merchantsolutions.triviio.com/public_html/vendor/laravel/framework/src/Illuminate/Pipeline/Pipeline.php(208): Illuminate\\Foundation\\Application->make()
#17 /home/u533806958/domains/a1merchantsolutions.triviio.com/public_html/vendor/laravel/framework/src/Illuminate/Pipeline/Pipeline.php(137): Illuminate\\Pipeline\\Pipeline->Illuminate\\Pipeline\\{closure}()
#18 /home/u533806958/domains/a1merchantsolutions.triviio.com/public_html/vendor/laravel/framework/src/Illuminate/Routing/Router.php(821): Illuminate\\Pipeline\\Pipeline->then()
#19 /home/u533806958/domains/a1merchantsolutions.triviio.com/public_html/vendor/laravel/framework/src/Illuminate/Routing/Router.php(800): Illuminate\\Routing\\Router->runRouteWithinStack()
#20 /home/u533806958/domains/a1merchantsolutions.triviio.com/public_html/vendor/laravel/framework/src/Illuminate/Routing/Router.php(764): Illuminate\\Routing\\Router->runRoute()
#21 /home/u533806958/domains/a1merchantsolutions.triviio.com/public_html/vendor/laravel/framework/src/Illuminate/Routing/Router.php(753): Illuminate\\Routing\\Router->dispatchToRoute()
#22 /home/u533806958/domains/a1merchantsolutions.triviio.com/public_html/vendor/laravel/framework/src/Illuminate/Foundation/Http/Kernel.php(200): Illuminate\\Routing\\Router->dispatch()
#23 /home/u533806958/domains/a1merchantsolutions.triviio.com/public_html/vendor/laravel/framework/src/Illuminate/Pipeline/Pipeline.php(180): Illuminate\\Foundation\\Http\\Kernel->Illuminate\\Foundation\\Http\\{closure}()
#24 /home/u533806958/domains/a1merchantsolutions.triviio.com/public_html/vendor/laravel/framework/src/Illuminate/Foundation/Http/Middleware/TransformsRequest.php(21): Illuminate\\Pipeline\\Pipeline->Illuminate\\Pipeline\\{closure}()
#25 /home/u533806958/domains/a1merchantsolutions.triviio.com/public_html/vendor/laravel/framework/src/Illuminate/Foundation/Http/Middleware/ConvertEmptyStringsToNull.php(31): Illuminate\\Foundation\\Http\\Middleware\\TransformsRequest->handle()
#26 /home/u533806958/domains/a1merchantsolutions.triviio.com/public_html/vendor/laravel/framework/src/Illuminate/Pipeline/Pipeline.php(219): Illuminate\\Foundation\\Http\\Middleware\\ConvertEmptyStringsToNull->handle()
#27 /home/u533806958/domains/a1merchantsolutions.triviio.com/public_html/vendor/laravel/framework/src/Illuminate/Foundation/Http/Middleware/TransformsRequest.php(21): Illuminate\\Pipeline\\Pipeline->Illuminate\\Pipeline\\{closure}()
#28 /home/u533806958/domains/a1merchantsolutions.triviio.com/public_html/vendor/laravel/framework/src/Illuminate/Foundation/Http/Middleware/TrimStrings.php(51): Illuminate\\Foundation\\Http\\Middleware\\TransformsRequest->handle()
#29 /home/u533806958/domains/a1merchantsolutions.triviio.com/public_html/vendor/laravel/framework/src/Illuminate/Pipeline/Pipeline.php(219): Illuminate\\Foundation\\Http\\Middleware\\TrimStrings->handle()
#30 /home/u533806958/domains/a1merchantsolutions.triviio.com/public_html/vendor/laravel/framework/src/Illuminate/Http/Middleware/ValidatePostSize.php(27): Illuminate\\Pipeline\\Pipeline->Illuminate\\Pipeline\\{closure}()
#31 /home/u533806958/domains/a1merchantsolutions.triviio.com/public_html/vendor/laravel/framework/src/Illuminate/Pipeline/Pipeline.php(219): Illuminate\\Http\\Middleware\\ValidatePostSize->handle()
#32 /home/u533806958/domains/a1merchantsolutions.triviio.com/public_html/vendor/laravel/framework/src/Illuminate/Foundation/Http/Middleware/PreventRequestsDuringMaintenance.php(109): Illuminate\\Pipeline\\Pipeline->Illuminate\\Pipeline\\{closure}()
#33 /home/u533806958/domains/a1merchantsolutions.triviio.com/public_html/vendor/laravel/framework/src/Illuminate/Pipeline/Pipeline.php(219): Illuminate\\Foundation\\Http\\Middleware\\PreventRequestsDuringMaintenance->handle()
#34 /home/u533806958/domains/a1merchantsolutions.triviio.com/public_html/vendor/laravel/framework/src/Illuminate/Http/Middleware/HandleCors.php(61): Illuminate\\Pipeline\\Pipeline->Illuminate\\Pipeline\\{closure}()
#35 /home/u533806958/domains/a1merchantsolutions.triviio.com/public_html/vendor/laravel/framework/src/Illuminate/Pipeline/Pipeline.php(219): Illuminate\\Http\\Middleware\\HandleCors->handle()
#36 /home/u533806958/domains/a1merchantsolutions.triviio.com/public_html/vendor/laravel/framework/src/Illuminate/Http/Middleware/TrustProxies.php(58): Illuminate\\Pipeline\\Pipeline->Illuminate\\Pipeline\\{closure}()
#37 /home/u533806958/domains/a1merchantsolutions.triviio.com/public_html/vendor/laravel/framework/src/Illuminate/Pipeline/Pipeline.php(219): Illuminate\\Http\\Middleware\\TrustProxies->handle()
#38 /home/u533806958/domains/a1merchantsolutions.triviio.com/public_html/vendor/laravel/framework/src/Illuminate/Foundation/Http/Middleware/InvokeDeferredCallbacks.php(22): Illuminate\\Pipeline\\Pipeline->Illuminate\\Pipeline\\{closure}()
#39 /home/u533806958/domains/a1merchantsolutions.triviio.com/public_html/vendor/laravel/framework/src/Illuminate/Pipeline/Pipeline.php(219): Illuminate\\Foundation\\Http\\Middleware\\InvokeDeferredCallbacks->handle()
#40 /home/u533806958/domains/a1merchantsolutions.triviio.com/public_html/vendor/laravel/framework/src/Illuminate/Http/Middleware/ValidatePathEncoding.php(26): Illuminate\\Pipeline\\Pipeline->Illuminate\\Pipeline\\{closure}()
#41 /home/u533806958/domains/a1merchantsolutions.triviio.com/public_html/vendor/laravel/framework/src/Illuminate/Pipeline/Pipeline.php(219): Illuminate\\Http\\Middleware\\ValidatePathEncoding->handle()
#42 /home/u533806958/domains/a1merchantsolutions.triviio.com/public_html/vendor/laravel/framework/src/Illuminate/Pipeline/Pipeline.php(137): Illuminate\\Pipeline\\Pipeline->Illuminate\\Pipeline\\{closure}()
#43 /home/u533806958/domains/a1merchantsolutions.triviio.com/public_html/vendor/laravel/framework/src/Illuminate/Foundation/Http/Kernel.php(175): Illuminate\\Pipeline\\Pipeline->then()
#44 /home/u533806958/domains/a1merchantsolutions.triviio.com/public_html/vendor/laravel/framework/src/Illuminate/Foundation/Http/Kernel.php(144): Illuminate\\Foundation\\Http\\Kernel->sendRequestThroughRouter()
#45 /home/u533806958/domains/a1merchantsolutions.triviio.com/public_html/vendor/laravel/framework/src/Illuminate/Foundation/Application.php(1220): Illuminate\\Foundation\\Http\\Kernel->handle()
#46 /home/u533806958/domains/a1merchantsolutions.triviio.com/public_html/public/index.php(15): Illuminate\\Foundation\\Application->handleRequest()
#47 /home/u533806958/domains/a1merchantsolutions.triviio.com/public_html/index.php(3): require('/home/u53380695...')
#48 {main}
"} 
[2026-08-11 10:10:47] production.ERROR: No application encryption key has been specified. {"exception":"[object] (Illuminate\\Encryption\\MissingAppKeyException(code: 0): No application encryption key has been specified. at /home/u533806958/domains/a1merchantsolutions.triviio.com/public_html/vendor/laravel/framework/src/Illuminate/Encryption/EncryptionServiceProvider.php:83)
[stacktrace]
#0 /home/u533806958/domains/a1merchantsolutions.triviio.com/public_html/vendor/laravel/framework/src/Illuminate/Support/helpers.php(393): Illuminate\\Encryption\\EncryptionServiceProvider->Illuminate\\Encryption\\{closure}()
#1 /home/u533806958/domains/a1merchantsolutions.triviio.com/public_html/vendor/laravel/framework/src/Illuminate/Encryption/EncryptionServiceProvider.php(81): tap()
#2 /home/u533806958/domains/a1merchantsolutions.triviio.com/public_html/vendor/laravel/framework/src/Illuminate/Encryption/EncryptionServiceProvider.php(64): Illuminate\\Encryption\\EncryptionServiceProvider->key()
#3 /home/u533806958/domains/a1merchantsolutions.triviio.com/public_html/vendor/laravel/framework/src/Illuminate/Encryption/EncryptionServiceProvider.php(32): Illuminate\\Encryption\\EncryptionServiceProvider->parseKey()
#4 /home/u533806958/domains/a1merchantsolutions.triviio.com/public_html/vendor/laravel/framework/src/Illuminate/Container/Container.php(1115): Illuminate\\Encryption\\EncryptionServiceProvider->Illuminate\\Encryption\\{closure}()
#5 /home/u533806958/domains/a1merchantsolutions.triviio.com/public_html/vendor/laravel/framework/src/Illuminate/Container/Container.php(933): Illuminate\\Container\\Container->build()
#6 /home/u533806958/domains/a1merchantsolutions.triviio.com/public_html/vendor/laravel/framework/src/Illuminate/Foundation/Application.php(1078): Illuminate\\Container\\Container->resolve()
#7 /home/u533806958/domains/a1merchantsolutions.triviio.com/public_html/vendor/laravel/framework/src/Illuminate/Container/Container.php(864): Illuminate\\Foundation\\Application->resolve()
#8 /home/u533806958/domains/a1merchantsolutions.triviio.com/public_html/vendor/laravel/framework/src/Illuminate/Foundation/Application.php(1058): Illuminate\\Container\\Container->make()
#9 /home/u533806958/domains/a1merchantsolutions.triviio.com/public_html/vendor/laravel/framework/src/Illuminate/Container/Container.php(1336): Illuminate\\Foundation\\Application->make()
#10 /home/u533806958/domains/a1merchantsolutions.triviio.com/public_html/vendor/laravel/framework/src/Illuminate/Container/Container.php(1237): Illuminate\\Container\\Container->resolveClass()
#11 /home/u533806958/domains/a1merchantsolutions.triviio.com/public_html/vendor/laravel/framework/src/Illuminate/Container/Container.php(1162): Illuminate\\Container\\Container->resolveDependencies()
#12 /home/u533806958/domains/a1merchantsolutions.triviio.com/public_html/vendor/laravel/framework/src/Illuminate/Container/Container.php(933): Illuminate\\Container\\Container->build()
#13 /home/u533806958/domains/a1merchantsolutions.triviio.com/public_html/vendor/laravel/framework/src/Illuminate/Foundation/Application.php(1078): Illuminate\\Container\\Container->resolve()
#14 /home/u533806958/domains/a1merchantsolutions.triviio.com/public_html/vendor/laravel/framework/src/Illuminate/Container/Container.php(864): Illuminate\\Foundation\\Application->resolve()
#15 /home/u533806958/domains/a1merchantsolutions.triviio.com/public_html/vendor/laravel/framework/src/Illuminate/Foundation/Application.php(1058): Illuminate\\Container\\Container->make()
#16 /home/u533806958/domains/a1merchantsolutions.triviio.com/public_html/vendor/laravel/framework/src/Illuminate/Foundation/Http/Kernel.php(257): Illuminate\\Foundation\\Application->make()
#17 /home/u533806958/domains/a1merchantsolutions.triviio.com/public_html/vendor/laravel/framework/src/Illuminate/Foundation/Http/Kernel.php(215): Illuminate\\Foundation\\Http\\Kernel->terminateMiddleware()
#18 /home/u533806958/domains/a1merchantsolutions.triviio.com/public_html/vendor/laravel/framework/src/Illuminate/Foundation/Application.php(1222): Illuminate\\Foundation\\Http\\Kernel->terminate()
#19 /home/u533806958/domains/a1merchantsolutions.triviio.com/public_html/public/index.php(15): Illuminate\\Foundation\\Application->handleRequest()
#20 /home/u533806958/domains/a1merchantsolutions.triviio.com/public_html/index.php(3): require('/home/u53380695...')
#21 {main}
"} 
[2026-08-11 10:13:34] production.ERROR: No application encryption key has been specified. {"exception":"[object] (Illuminate\\Encryption\\MissingAppKeyException(code: 0): No application encryption key has been specified. at /home/u533806958/domains/a1merchantsolutions.triviio.com/public_html/vendor/laravel/framework/src/Illuminate/Encryption/EncryptionServiceProvider.php:83)
[stacktrace]
#0 /home/u533806958/domains/a1merchantsolutions.triviio.com/public_html/vendor/laravel/framework/src/Illuminate/Support/helpers.php(393): Illuminate\\Encryption\\EncryptionServiceProvider->Illuminate\\Encryption\\{closure}()
#1 /home/u533806958/domains/a1merchantsolutions.triviio.com/public_html/vendor/laravel/framework/src/Illuminate/Encryption/EncryptionServiceProvider.php(81): tap()
#2 /home/u533806958/domains/a1merchantsolutions.triviio.com/public_html/vendor/laravel/framework/src/Illuminate/Encryption/EncryptionServiceProvider.php(64): Illuminate\\Encryption\\EncryptionServiceProvider->key()
#3 /home/u533806958/domains/a1merchantsolutions.triviio.com/public_html/vendor/laravel/framework/src/Illuminate/Encryption/EncryptionServiceProvider.php(32): Illuminate\\Encryption\\EncryptionServiceProvider->parseKey()
#4 /home/u533806958/domains/a1merchantsolutions.triviio.com/public_html/vendor/laravel/framework/src/Illuminate/Container/Container.php(1115): Illuminate\\Encryption\\EncryptionServiceProvider->Illuminate\\Encryption\\{closure}()
#5 /home/u533806958/domains/a1merchantsolutions.triviio.com/public_html/vendor/laravel/framework/src/Illuminate/Container/Container.php(933): Illuminate\\Container\\Container->build()
#6 /home/u533806958/domains/a1merchantsolutions.triviio.com/public_html/vendor/laravel/framework/src/Illuminate/Foundation/Application.php(1078): Illuminate\\Container\\Container->resolve()
#7 /home/u533806958/domains/a1merchantsolutions.triviio.com/public_html/vendor/laravel/framework/src/Illuminate/Container/Container.php(864): Illuminate\\Foundation\\Application->resolve()
#8 /home/u533806958/domains/a1merchantsolutions.triviio.com/public_html/vendor/laravel/framework/src/Illuminate/Foundation/Application.php(1058): Illuminate\\Container\\Container->make()
#9 /home/u533806958/domains/a1merchantsolutions.triviio.com/public_html/vendor/laravel/framework/src/Illuminate/Container/Container.php(1336): Illuminate\\Foundation\\Application->make()
#10 /home/u533806958/domains/a1merchantsolutions.triviio.com/public_html/vendor/laravel/framework/src/Illuminate/Container/Container.php(1237): Illuminate\\Container\\Container->resolveClass()
#11 /home/u533806958/domains/a1merchantsolutions.triviio.com/public_html/vendor/laravel/framework/src/Illuminate/Container/Container.php(1162): Illuminate\\Container\\Container->resolveDependencies()
#12 /home/u533806958/domains/a1merchantsolutions.triviio.com/public_html/vendor/laravel/framework/src/Illuminate/Container/Container.php(933): Illuminate\\Container\\Container->build()
#13 /home/u533806958/domains/a1merchantsolutions.triviio.com/public_html/vendor/laravel/framework/src/Illuminate/Foundation/Application.php(1078): Illuminate\\Container\\Container->resolve()
#14 /home/u533806958/domains/a1merchantsolutions.triviio.com/public_html/vendor/laravel/framework/src/Illuminate/Container/Container.php(864): Illuminate\\Foundation\\Application->resolve()
#15 /home/u533806958/domains/a1merchantsolutions.triviio.com/public_html/vendor/laravel/framework/src/Illuminate/Foundation/Application.php(1058): Illuminate\\Container\\Container->make()
#16 /home/u533806958/domains/a1merchantsolutions.triviio.com/public_html/vendor/laravel/framework/src/Illuminate/Pipeline/Pipeline.php(208): Illuminate\\Foundation\\Application->make()
#17 /home/u533806958/domains/a1merchantsolutions.triviio.com/public_html/vendor/laravel/framework/src/Illuminate/Pipeline/Pipeline.php(137): Illuminate\\Pipeline\\Pipeline->Illuminate\\Pipeline\\{closure}()
#18 /home/u533806958/domains/a1merchantsolutions.triviio.com/public_html/vendor/laravel/framework/src/Illuminate/Routing/Router.php(821): Illuminate\\Pipeline\\Pipeline->then()
#19 /home/u533806958/domains/a1merchantsolutions.triviio.com/public_html/vendor/laravel/framework/src/Illuminate/Routing/Router.php(800): Illuminate\\Routing\\Router->runRouteWithinStack()
#20 /home/u533806958/domains/a1merchantsolutions.triviio.com/public_html/vendor/laravel/framework/src/Illuminate/Routing/Router.php(764): Illuminate\\Routing\\Router->runRoute()
#21 /home/u533806958/domains/a1merchantsolutions.triviio.com/public_html/vendor/laravel/framework/src/Illuminate/Routing/Router.php(753): Illuminate\\Routing\\Router->dispatchToRoute()
#22 /home/u533806958/domains/a1merchantsolutions.triviio.com/public_html/vendor/laravel/framework/src/Illuminate/Foundation/Http/Kernel.php(200): Illuminate\\Routing\\Router->dispatch()
#23 /home/u533806958/domains/a1merchantsolutions.triviio.com/public_html/vendor/laravel/framework/src/Illuminate/Pipeline/Pipeline.php(180): Illuminate\\Foundation\\Http\\Kernel->Illuminate\\Foundation\\Http\\{closure}()
#24 /home/u533806958/domains/a1merchantsolutions.triviio.com/public_html/vendor/laravel/framework/src/Illuminate/Foundation/Http/Middleware/TransformsRequest.php(21): Illuminate\\Pipeline\\Pipeline->Illuminate\\Pipeline\\{closure}()
#25 /home/u533806958/domains/a1merchantsolutions.triviio.com/public_html/vendor/laravel/framework/src/Illuminate/Foundation/Http/Middleware/ConvertEmptyStringsToNull.php(31): Illuminate\\Foundation\\Http\\Middleware\\TransformsRequest->handle()
#26 /home/u533806958/domains/a1merchantsolutions.triviio.com/public_html/vendor/laravel/framework/src/Illuminate/Pipeline/Pipeline.php(219): Illuminate\\Foundation\\Http\\Middleware\\ConvertEmptyStringsToNull->handle()
#27 /home/u533806958/domains/a1merchantsolutions.triviio.com/public_html/vendor/laravel/framework/src/Illuminate/Foundation/Http/Middleware/TransformsRequest.php(21): Illuminate\\Pipeline\\Pipeline->Illuminate\\Pipeline\\{closure}()
#28 /home/u533806958/domains/a1merchantsolutions.triviio.com/public_html/vendor/laravel/framework/src/Illuminate/Foundation/Http/Middleware/TrimStrings.php(51): Illuminate\\Foundation\\Http\\Middleware\\TransformsRequest->handle()
#29 /home/u533806958/domains/a1merchantsolutions.triviio.com/public_html/vendor/laravel/framework/src/Illuminate/Pipeline/Pipeline.php(219): Illuminate\\Foundation\\Http\\Middleware\\TrimStrings->handle()
#30 /home/u533806958/domains/a1merchantsolutions.triviio.com/public_html/vendor/laravel/framework/src/Illuminate/Http/Middleware/ValidatePostSize.php(27): Illuminate\\Pipeline\\Pipeline->Illuminate\\Pipeline\\{closure}()
#31 /home/u533806958/domains/a1merchantsolutions.triviio.com/public_html/vendor/laravel/framework/src/Illuminate/Pipeline/Pipeline.php(219): Illuminate\\Http\\Middleware\\ValidatePostSize->handle()
#32 /home/u533806958/domains/a1merchantsolutions.triviio.com/public_html/vendor/laravel/framework/src/Illuminate/Foundation/Http/Middleware/PreventRequestsDuringMaintenance.php(109): Illuminate\\Pipeline\\Pipeline->Illuminate\\Pipeline\\{closure}()
#33 /home/u533806958/domains/a1merchantsolutions.triviio.com/public_html/vendor/laravel/framework/src/Illuminate/Pipeline/Pipeline.php(219): Illuminate\\Foundation\\Http\\Middleware\\PreventRequestsDuringMaintenance->handle()
#34 /home/u533806958/domains/a1merchantsolutions.triviio.com/public_html/vendor/laravel/framework/src/Illuminate/Http/Middleware/HandleCors.php(61): Illuminate\\Pipeline\\Pipeline->Illuminate\\Pipeline\\{closure}()
#35 /home/u533806958/domains/a1merchantsolutions.triviio.com/public_html/vendor/laravel/framework/src/Illuminate/Pipeline/Pipeline.php(219): Illuminate\\Http\\Middleware\\HandleCors->handle()
#36 /home/u533806958/domains/a1merchantsolutions.triviio.com/public_html/vendor/laravel/framework/src/Illuminate/Http/Middleware/TrustProxies.php(58): Illuminate\\Pipeline\\Pipeline->Illuminate\\Pipeline\\{closure}()
#37 /home/u533806958/domains/a1merchantsolutions.triviio.com/public_html/vendor/laravel/framework/src/Illuminate/Pipeline/Pipeline.php(219): Illuminate\\Http\\Middleware\\TrustProxies->handle()
#38 /home/u533806958/domains/a1merchantsolutions.triviio.com/public_html/vendor/laravel/framework/src/Illuminate/Foundation/Http/Middleware/InvokeDeferredCallbacks.php(22): Illuminate\\Pipeline\\Pipeline->Illuminate\\Pipeline\\{closure}()
#39 /home/u533806958/domains/a1merchantsolutions.triviio.com/public_html/vendor/laravel/framework/src/Illuminate/Pipeline/Pipeline.php(219): Illuminate\\Foundation\\Http\\Middleware\\InvokeDeferredCallbacks->handle()
#40 /home/u533806958/domains/a1merchantsolutions.triviio.com/public_html/vendor/laravel/framework/src/Illuminate/Http/Middleware/ValidatePathEncoding.php(26): Illuminate\\Pipeline\\Pipeline->Illuminate\\Pipeline\\{closure}()
#41 /home/u533806958/domains/a1merchantsolutions.triviio.com/public_html/vendor/laravel/framework/src/Illuminate/Pipeline/Pipeline.php(219): Illuminate\\Http\\Middleware\\ValidatePathEncoding->handle()
#42 /home/u533806958/domains/a1merchantsolutions.triviio.com/public_html/vendor/laravel/framework/src/Illuminate/Pipeline/Pipeline.php(137): Illuminate\\Pipeline\\Pipeline->Illuminate\\Pipeline\\{closure}()
#43 /home/u533806958/domains/a1merchantsolutions.triviio.com/public_html/vendor/laravel/framework/src/Illuminate/Foundation/Http/Kernel.php(175): Illuminate\\Pipeline\\Pipeline->then()
#44 /home/u533806958/domains/a1merchantsolutions.triviio.com/public_html/vendor/laravel/framework/src/Illuminate/Foundation/Http/Kernel.php(144): Illuminate\\Foundation\\Http\\Kernel->sendRequestThroughRouter()
#45 /home/u533806958/domains/a1merchantsolutions.triviio.com/public_html/vendor/laravel/framework/src/Illuminate/Foundation/Application.php(1220): Illuminate\\Foundation\\Http\\Kernel->handle()
#46 /home/u533806958/domains/a1merchantsolutions.triviio.com/public_html/public/index.php(15): Illuminate\\Foundation\\Application->handleRequest()
#47 /home/u533806958/domains/a1merchantsolutions.triviio.com/public_html/index.php(3): require('/home/u53380695...')
#48 {main}
"} 
[2026-08-11 10:13:34] production.ERROR: No application encryption key has been specified. {"exception":"[object] (Illuminate\\Encryption\\MissingAppKeyException(code: 0): No application encryption key has been specified. at /home/u533806958/domains/a1merchantsolutions.triviio.com/public_html/vendor/laravel/framework/src/Illuminate/Encryption/EncryptionServiceProvider.php:83)
[stacktrace]
#0 /home/u533806958/domains/a1merchantsolutions.triviio.com/public_html/vendor/laravel/framework/src/Illuminate/Support/helpers.php(393): Illuminate\\Encryption\\EncryptionServiceProvider->Illuminate\\Encryption\\{closure}()
#1 /home/u533806958/domains/a1merchantsolutions.triviio.com/public_html/vendor/laravel/framework/src/Illuminate/Encryption/EncryptionServiceProvider.php(81): tap()
#2 /home/u533806958/domains/a1merchantsolutions.triviio.com/public_html/vendor/laravel/framework/src/Illuminate/Encryption/EncryptionServiceProvider.php(64): Illuminate\\Encryption\\EncryptionServiceProvider->key()
#3 /home/u533806958/domains/a1merchantsolutions.triviio.com/public_html/vendor/laravel/framework/src/Illuminate/Encryption/EncryptionServiceProvider.php(32): Illuminate\\Encryption\\EncryptionServiceProvider->parseKey()
#4 /home/u533806958/domains/a1merchantsolutions.triviio.com/public_html/vendor/laravel/framework/src/Illuminate/Container/Container.php(1115): Illuminate\\Encryption\\EncryptionServiceProvider->Illuminate\\Encryption\\{closure}()
#5 /home/u533806958/domains/a1merchantsolutions.triviio.com/public_html/vendor/laravel/framework/src/Illuminate/Container/Container.php(933): Illuminate\\Container\\Container->build()
#6 /home/u533806958/domains/a1merchantsolutions.triviio.com/public_html/vendor/laravel/framework/src/Illuminate/Foundation/Application.php(1078): Illuminate\\Container\\Container->resolve()
#7 /home/u533806958/domains/a1merchantsolutions.triviio.com/public_html/vendor/laravel/framework/src/Illuminate/Container/Container.php(864): Illuminate\\Foundation\\Application->resolve()
#8 /home/u533806958/domains/a1merchantsolutions.triviio.com/public_html/vendor/laravel/framework/src/Illuminate/Foundation/Application.php(1058): Illuminate\\Container\\Container->make()
#9 /home/u533806958/domains/a1merchantsolutions.triviio.com/public_html/vendor/laravel/framework/src/Illuminate/Container/Container.php(1336): Illuminate\\Foundation\\Application->make()
#10 /home/u533806958/domains/a1merchantsolutions.triviio.com/public_html/vendor/laravel/framework/src/Illuminate/Container/Container.php(1237): Illuminate\\Container\\Container->resolveClass()
#11 /home/u533806958/domains/a1merchantsolutions.triviio.com/public_html/vendor/laravel/framework/src/Illuminate/Container/Container.php(1162): Illuminate\\Container\\Container->resolveDependencies()
#12 /home/u533806958/domains/a1merchantsolutions.triviio.com/public_html/vendor/laravel/framework/src/Illuminate/Container/Container.php(933): Illuminate\\Container\\Container->build()
#13 /home/u533806958/domains/a1merchantsolutions.triviio.com/public_html/vendor/laravel/framework/src/Illuminate/Foundation/Application.php(1078): Illuminate\\Container\\Container->resolve()
#14 /home/u533806958/domains/a1merchantsolutions.triviio.com/public_html/vendor/laravel/framework/src/Illuminate/Container/Container.php(864): Illuminate\\Foundation\\Application->resolve()
#15 /home/u533806958/domains/a1merchantsolutions.triviio.com/public_html/vendor/laravel/framework/src/Illuminate/Foundation/Application.php(1058): Illuminate\\Container\\Container->make()
#16 /home/u533806958/domains/a1merchantsolutions.triviio.com/public_html/vendor/laravel/framework/src/Illuminate/Foundation/Http/Kernel.php(257): Illuminate\\Foundation\\Application->make()
#17 /home/u533806958/domains/a1merchantsolutions.triviio.com/public_html/vendor/laravel/framework/src/Illuminate/Foundation/Http/Kernel.php(215): Illuminate\\Foundation\\Http\\Kernel->terminateMiddleware()
#18 /home/u533806958/domains/a1merchantsolutions.triviio.com/public_html/vendor/laravel/framework/src/Illuminate/Foundation/Application.php(1222): Illuminate\\Foundation\\Http\\Kernel->terminate()
#19 /home/u533806958/domains/a1merchantsolutions.triviio.com/public_html/public/index.php(15): Illuminate\\Foundation\\Application->handleRequest()
#20 /home/u533806958/domains/a1merchantsolutions.triviio.com/public_html/index.php(3): require('/home/u53380695...')
#21 {main}
"} 
[2026-08-11 10:26:36] production.ERROR: No application encryption key has been specified. {"exception":"[object] (Illuminate\\Encryption\\MissingAppKeyException(code: 0): No application encryption key has been specified. at /home/u533806958/domains/a1merchantsolutions.triviio.com/public_html/vendor/laravel/framework/src/Illuminate/Encryption/EncryptionServiceProvider.php:83)
[stacktrace]
#0 /home/u533806958/domains/a1merchantsolutions.triviio.com/public_html/vendor/laravel/framework/src/Illuminate/Support/helpers.php(393): Illuminate\\Encryption\\EncryptionServiceProvider->Illuminate\\Encryption\\{closure}()
#1 /home/u533806958/domains/a1merchantsolutions.triviio.com/public_html/vendor/laravel/framework/src/Illuminate/Encryption/EncryptionServiceProvider.php(81): tap()
#2 /home/u533806958/domains/a1merchantsolutions.triviio.com/public_html/vendor/laravel/framework/src/Illuminate/Encryption/EncryptionServiceProvider.php(64): Illuminate\\Encryption\\EncryptionServiceProvider->key()
#3 /home/u533806958/domains/a1merchantsolutions.triviio.com/public_html/vendor/laravel/framework/src/Illuminate/Encryption/EncryptionServiceProvider.php(32): Illuminate\\Encryption\\EncryptionServiceProvider->parseKey()
#4 /home/u533806958/domains/a1merchantsolutions.triviio.com/public_html/vendor/laravel/framework/src/Illuminate/Container/Container.php(1115): Illuminate\\Encryption\\EncryptionServiceProvider->Illuminate\\Encryption\\{closure}()
#5 /home/u533806958/domains/a1merchantsolutions.triviio.com/public_html/vendor/laravel/framework/src/Illuminate/Container/Container.php(933): Illuminate\\Container\\Container->build()
#6 /home/u533806958/domains/a1merchantsolutions.triviio.com/public_html/vendor/laravel/framework/src/Illuminate/Foundation/Application.php(1078): Illuminate\\Container\\Container->resolve()
#7 /home/u533806958/domains/a1merchantsolutions.triviio.com/public_html/vendor/laravel/framework/src/Illuminate/Container/Container.php(864): Illuminate\\Foundation\\Application->resolve()
#8 /home/u533806958/domains/a1merchantsolutions.triviio.com/public_html/vendor/laravel/framework/src/Illuminate/Foundation/Application.php(1058): Illuminate\\Container\\Container->make()
#9 /home/u533806958/domains/a1merchantsolutions.triviio.com/public_html/vendor/laravel/framework/src/Illuminate/Container/Container.php(1336): Illuminate\\Foundation\\Application->make()
#10 /home/u533806958/domains/a1merchantsolutions.triviio.com/public_html/vendor/laravel/framework/src/Illuminate/Container/Container.php(1237): Illuminate\\Container\\Container->resolveClass()
#11 /home/u533806958/domains/a1merchantsolutions.triviio.com/public_html/vendor/laravel/framework/src/Illuminate/Container/Container.php(1162): Illuminate\\Container\\Container->resolveDependencies()
#12 /home/u533806958/domains/a1merchantsolutions.triviio.com/public_html/vendor/laravel/framework/src/Illuminate/Container/Container.php(933): Illuminate\\Container\\Container->build()
#13 /home/u533806958/domains/a1merchantsolutions.triviio.com/public_html/vendor/laravel/framework/src/Illuminate/Foundation/Application.php(1078): Illuminate\\Container\\Container->resolve()
#14 /home/u533806958/domains/a1merchantsolutions.triviio.com/public_html/vendor/laravel/framework/src/Illuminate/Container/Container.php(864): Illuminate\\Foundation\\Application->resolve()
#15 /home/u533806958/domains/a1merchantsolutions.triviio.com/public_html/vendor/laravel/framework/src/Illuminate/Foundation/Application.php(1058): Illuminate\\Container\\Container->make()
#16 /home/u533806958/domains/a1merchantsolutions.triviio.com/public_html/vendor/laravel/framework/src/Illuminate/Pipeline/Pipeline.php(208): Illuminate\\Foundation\\Application->make()
#17 /home/u533806958/domains/a1merchantsolutions.triviio.com/public_html/vendor/laravel/framework/src/Illuminate/Pipeline/Pipeline.php(137): Illuminate\\Pipeline\\Pipeline->Illuminate\\Pipeline\\{closure}()
#18 /home/u533806958/domains/a1merchantsolutions.triviio.com/public_html/vendor/laravel/framework/src/Illuminate/Routing/Router.php(821): Illuminate\\Pipeline\\Pipeline->then()
#19 /home/u533806958/domains/a1merchantsolutions.triviio.com/public_html/vendor/laravel/framework/src/Illuminate/Routing/Router.php(800): Illuminate\\Routing\\Router->runRouteWithinStack()
#20 /home/u533806958/domains/a1merchantsolutions.triviio.com/public_html/vendor/laravel/framework/src/Illuminate/Routing/Router.php(764): Illuminate\\Routing\\Router->runRoute()
#21 /home/u533806958/domains/a1merchantsolutions.triviio.com/public_html/vendor/laravel/framework/src/Illuminate/Routing/Router.php(753): Illuminate\\Routing\\Router->dispatchToRoute()
#22 /home/u533806958/domains/a1merchantsolutions.triviio.com/public_html/vendor/laravel/framework/src/Illuminate/Foundation/Http/Kernel.php(200): Illuminate\\Routing\\Router->dispatch()
#23 /home/u533806958/domains/a1merchantsolutions.triviio.com/public_html/vendor/laravel/framework/src/Illuminate/Pipeline/Pipeline.php(180): Illuminate\\Foundation\\Http\\Kernel->Illuminate\\Foundation\\Http\\{closure}()
#24 /home/u533806958/domains/a1merchantsolutions.triviio.com/public_html/vendor/laravel/framework/src/Illuminate/Foundation/Http/Middleware/TransformsRequest.php(21): Illuminate\\Pipeline\\Pipeline->Illuminate\\Pipeline\\{closure}()
#25 /home/u533806958/domains/a1merchantsolutions.triviio.com/public_html/vendor/laravel/framework/src/Illuminate/Foundation/Http/Middleware/ConvertEmptyStringsToNull.php(31): Illuminate\\Foundation\\Http\\Middleware\\TransformsRequest->handle()
#26 /home/u533806958/domains/a1merchantsolutions.triviio.com/public_html/vendor/laravel/framework/src/Illuminate/Pipeline/Pipeline.php(219): Illuminate\\Foundation\\Http\\Middleware\\ConvertEmptyStringsToNull->handle()
#27 /home/u533806958/domains/a1merchantsolutions.triviio.com/public_html/vendor/laravel/framework/src/Illuminate/Foundation/Http/Middleware/TransformsRequest.php(21): Illuminate\\Pipeline\\Pipeline->Illuminate\\Pipeline\\{closure}()
#28 /home/u533806958/domains/a1merchantsolutions.triviio.com/public_html/vendor/laravel/framework/src/Illuminate/Foundation/Http/Middleware/TrimStrings.php(51): Illuminate\\Foundation\\Http\\Middleware\\TransformsRequest->handle()
#29 /home/u533806958/domains/a1merchantsolutions.triviio.com/public_html/vendor/laravel/framework/src/Illuminate/Pipeline/Pipeline.php(219): Illuminate\\Foundation\\Http\\Middleware\\TrimStrings->handle()
#30 /home/u533806958/domains/a1merchantsolutions.triviio.com/public_html/vendor/laravel/framework/src/Illuminate/Http/Middleware/ValidatePostSize.php(27): Illuminate\\Pipeline\\Pipeline->Illuminate\\Pipeline\\{closure}()
#31 /home/u533806958/domains/a1merchantsolutions.triviio.com/public_html/vendor/laravel/framework/src/Illuminate/Pipeline/Pipeline.php(219): Illuminate\\Http\\Middleware\\ValidatePostSize->handle()
#32 /home/u533806958/domains/a1merchantsolutions.triviio.com/public_html/vendor/laravel/framework/src/Illuminate/Foundation/Http/Middleware/PreventRequestsDuringMaintenance.php(109): Illuminate\\Pipeline\\Pipeline->Illuminate\\Pipeline\\{closure}()
#33 /home/u533806958/domains/a1merchantsolutions.triviio.com/public_html/vendor/laravel/framework/src/Illuminate/Pipeline/Pipeline.php(219): Illuminate\\Foundation\\Http\\Middleware\\PreventRequestsDuringMaintenance->handle()
#34 /home/u533806958/domains/a1merchantsolutions.triviio.com/public_html/vendor/laravel/framework/src/Illuminate/Http/Middleware/HandleCors.php(61): Illuminate\\Pipeline\\Pipeline->Illuminate\\Pipeline\\{closure}()
#35 /home/u533806958/domains/a1merchantsolutions.triviio.com/public_html/vendor/laravel/framework/src/Illuminate/Pipeline/Pipeline.php(219): Illuminate\\Http\\Middleware\\HandleCors->handle()
#36 /home/u533806958/domains/a1merchantsolutions.triviio.com/public_html/vendor/laravel/framework/src/Illuminate/Http/Middleware/TrustProxies.php(58): Illuminate\\Pipeline\\Pipeline->Illuminate\\Pipeline\\{closure}()
#37 /home/u533806958/domains/a1merchantsolutions.triviio.com/public_html/vendor/laravel/framework/src/Illuminate/Pipeline/Pipeline.php(219): Illuminate\\Http\\Middleware\\TrustProxies->handle()
#38 /home/u533806958/domains/a1merchantsolutions.triviio.com/public_html/vendor/laravel/framework/src/Illuminate/Foundation/Http/Middleware/InvokeDeferredCallbacks.php(22): Illuminate\\Pipeline\\Pipeline->Illuminate\\Pipeline\\{closure}()
#39 /home/u533806958/domains/a1merchantsolutions.triviio.com/public_html/vendor/laravel/framework/src/Illuminate/Pipeline/Pipeline.php(219): Illuminate\\Foundation\\Http\\Middleware\\InvokeDeferredCallbacks->handle()
#40 /home/u533806958/domains/a1merchantsolutions.triviio.com/public_html/vendor/laravel/framework/src/Illuminate/Http/Middleware/ValidatePathEncoding.php(26): Illuminate\\Pipeline\\Pipeline->Illuminate\\Pipeline\\{closure}()
#41 /home/u533806958/domains/a1merchantsolutions.triviio.com/public_html/vendor/laravel/framework/src/Illuminate/Pipeline/Pipeline.php(219): Illuminate\\Http\\Middleware\\ValidatePathEncoding->handle()
#42 /home/u533806958/domains/a1merchantsolutions.triviio.com/public_html/vendor/laravel/framework/src/Illuminate/Pipeline/Pipeline.php(137): Illuminate\\Pipeline\\Pipeline->Illuminate\\Pipeline\\{closure}()
#43 /home/u533806958/domains/a1merchantsolutions.triviio.com/public_html/vendor/laravel/framework/src/Illuminate/Foundation/Http/Kernel.php(175): Illuminate\\Pipeline\\Pipeline->then()
#44 /home/u533806958/domains/a1merchantsolutions.triviio.com/public_html/vendor/laravel/framework/src/Illuminate/Foundation/Http/Kernel.php(144): Illuminate\\Foundation\\Http\\Kernel->sendRequestThroughRouter()
#45 /home/u533806958/domains/a1merchantsolutions.triviio.com/public_html/vendor/laravel/framework/src/Illuminate/Foundation/Application.php(1220): Illuminate\\Foundation\\Http\\Kernel->handle()
#46 /home/u533806958/domains/a1merchantsolutions.triviio.com/public_html/public/index.php(15): Illuminate\\Foundation\\Application->handleRequest()
#47 /home/u533806958/domains/a1merchantsolutions.triviio.com/public_html/index.php(3): require('/home/u53380695...')
#48 {main}
"} 
[2026-08-11 10:26:36] production.ERROR: No application encryption key has been specified. {"exception":"[object] (Illuminate\\Encryption\\MissingAppKeyException(code: 0): No application encryption key has been specified. at /home/u533806958/domains/a1merchantsolutions.triviio.com/public_html/vendor/laravel/framework/src/Illuminate/Encryption/EncryptionServiceProvider.php:83)
[stacktrace]
#0 /home/u533806958/domains/a1merchantsolutions.triviio.com/public_html/vendor/laravel/framework/src/Illuminate/Support/helpers.php(393): Illuminate\\Encryption\\EncryptionServiceProvider->Illuminate\\Encryption\\{closure}()
#1 /home/u533806958/domains/a1merchantsolutions.triviio.com/public_html/vendor/laravel/framework/src/Illuminate/Encryption/EncryptionServiceProvider.php(81): tap()
#2 /home/u533806958/domains/a1merchantsolutions.triviio.com/public_html/vendor/laravel/framework/src/Illuminate/Encryption/EncryptionServiceProvider.php(64): Illuminate\\Encryption\\EncryptionServiceProvider->key()
#3 /home/u533806958/domains/a1merchantsolutions.triviio.com/public_html/vendor/laravel/framework/src/Illuminate/Encryption/EncryptionServiceProvider.php(32): Illuminate\\Encryption\\EncryptionServiceProvider->parseKey()
#4 /home/u533806958/domains/a1merchantsolutions.triviio.com/public_html/vendor/laravel/framework/src/Illuminate/Container/Container.php(1115): Illuminate\\Encryption\\EncryptionServiceProvider->Illuminate\\Encryption\\{closure}()
#5 /home/u533806958/domains/a1merchantsolutions.triviio.com/public_html/vendor/laravel/framework/src/Illuminate/Container/Container.php(933): Illuminate\\Container\\Container->build()
#6 /home/u533806958/domains/a1merchantsolutions.triviio.com/public_html/vendor/laravel/framework/src/Illuminate/Foundation/Application.php(1078): Illuminate\\Container\\Container->resolve()
#7 /home/u533806958/domains/a1merchantsolutions.triviio.com/public_html/vendor/laravel/framework/src/Illuminate/Container/Container.php(864): Illuminate\\Foundation\\Application->resolve()
#8 /home/u533806958/domains/a1merchantsolutions.triviio.com/public_html/vendor/laravel/framework/src/Illuminate/Foundation/Application.php(1058): Illuminate\\Container\\Container->make()
#9 /home/u533806958/domains/a1merchantsolutions.triviio.com/public_html/vendor/laravel/framework/src/Illuminate/Container/Container.php(1336): Illuminate\\Foundation\\Application->make()
#10 /home/u533806958/domains/a1merchantsolutions.triviio.com/public_html/vendor/laravel/framework/src/Illuminate/Container/Container.php(1237): Illuminate\\Container\\Container->resolveClass()
#11 /home/u533806958/domains/a1merchantsolutions.triviio.com/public_html/vendor/laravel/framework/src/Illuminate/Container/Container.php(1162): Illuminate\\Container\\Container->resolveDependencies()
#12 /home/u533806958/domains/a1merchantsolutions.triviio.com/public_html/vendor/laravel/framework/src/Illuminate/Container/Container.php(933): Illuminate\\Container\\Container->build()
#13 /home/u533806958/domains/a1merchantsolutions.triviio.com/public_html/vendor/laravel/framework/src/Illuminate/Foundation/Application.php(1078): Illuminate\\Container\\Container->resolve()
#14 /home/u533806958/domains/a1merchantsolutions.triviio.com/public_html/vendor/laravel/framework/src/Illuminate/Container/Container.php(864): Illuminate\\Foundation\\Application->resolve()
#15 /home/u533806958/domains/a1merchantsolutions.triviio.com/public_html/vendor/laravel/framework/src/Illuminate/Foundation/Application.php(1058): Illuminate\\Container\\Container->make()
#16 /home/u533806958/domains/a1merchantsolutions.triviio.com/public_html/vendor/laravel/framework/src/Illuminate/Foundation/Http/Kernel.php(257): Illuminate\\Foundation\\Application->make()
#17 /home/u533806958/domains/a1merchantsolutions.triviio.com/public_html/vendor/laravel/framework/src/Illuminate/Foundation/Http/Kernel.php(215): Illuminate\\Foundation\\Http\\Kernel->terminateMiddleware()
#18 /home/u533806958/domains/a1merchantsolutions.triviio.com/public_html/vendor/laravel/framework/src/Illuminate/Foundation/Application.php(1222): Illuminate\\Foundation\\Http\\Kernel->terminate()
#19 /home/u533806958/domains/a1merchantsolutions.triviio.com/public_html/public/index.php(15): Illuminate\\Foundation\\Application->handleRequest()
#20 /home/u533806958/domains/a1merchantsolutions.triviio.com/public_html/index.php(3): require('/home/u53380695...')
#21 {main}
"} 
[2026-08-11 10:28:32] production.ERROR: No application encryption key has been specified. {"exception":"[object] (Illuminate\\Encryption\\MissingAppKeyException(code: 0): No application encryption key has been specified. at /home/u533806958/domains/a1merchantsolutions.triviio.com/public_html/vendor/laravel/framework/src/Illuminate/Encryption/EncryptionServiceProvider.php:83)
[stacktrace]
#0 /home/u533806958/domains/a1merchantsolutions.triviio.com/public_html/vendor/laravel/framework/src/Illuminate/Support/helpers.php(393): Illuminate\\Encryption\\EncryptionServiceProvider->Illuminate\\Encryption\\{closure}()
#1 /home/u533806958/domains/a1merchantsolutions.triviio.com/public_html/vendor/laravel/framework/src/Illuminate/Encryption/EncryptionServiceProvider.php(81): tap()
#2 /home/u533806958/domains/a1merchantsolutions.triviio.com/public_html/vendor/laravel/framework/src/Illuminate/Encryption/EncryptionServiceProvider.php(64): Illuminate\\Encryption\\EncryptionServiceProvider->key()
#3 /home/u533806958/domains/a1merchantsolutions.triviio.com/public_html/vendor/laravel/framework/src/Illuminate/Encryption/EncryptionServiceProvider.php(32): Illuminate\\Encryption\\EncryptionServiceProvider->parseKey()
#4 /home/u533806958/domains/a1merchantsolutions.triviio.com/public_html/vendor/laravel/framework/src/Illuminate/Container/Container.php(1115): Illuminate\\Encryption\\EncryptionServiceProvider->Illuminate\\Encryption\\{closure}()
#5 /home/u533806958/domains/a1merchantsolutions.triviio.com/public_html/vendor/laravel/framework/src/Illuminate/Container/Container.php(933): Illuminate\\Container\\Container->build()
#6 /home/u533806958/domains/a1merchantsolutions.triviio.com/public_html/vendor/laravel/framework/src/Illuminate/Foundation/Application.php(1078): Illuminate\\Container\\Container->resolve()
#7 /home/u533806958/domains/a1merchantsolutions.triviio.com/public_html/vendor/laravel/framework/src/Illuminate/Container/Container.php(864): Illuminate\\Foundation\\Application->resolve()
#8 /home/u533806958/domains/a1merchantsolutions.triviio.com/public_html/vendor/laravel/framework/src/Illuminate/Foundation/Application.php(1058): Illuminate\\Container\\Container->make()
#9 /home/u533806958/domains/a1merchantsolutions.triviio.com/public_html/vendor/laravel/framework/src/Illuminate/Container/Container.php(1336): Illuminate\\Foundation\\Application->make()
#10 /home/u533806958/domains/a1merchantsolutions.triviio.com/public_html/vendor/laravel/framework/src/Illuminate/Container/Container.php(1237): Illuminate\\Container\\Container->resolveClass()
#11 /home/u533806958/domains/a1merchantsolutions.triviio.com/public_html/vendor/laravel/framework/src/Illuminate/Container/Container.php(1162): Illuminate\\Container\\Container->resolveDependencies()
#12 /home/u533806958/domains/a1merchantsolutions.triviio.com/public_html/vendor/laravel/framework/src/Illuminate/Container/Container.php(933): Illuminate\\Container\\Container->build()
#13 /home/u533806958/domains/a1merchantsolutions.triviio.com/public_html/vendor/laravel/framework/src/Illuminate/Foundation/Application.php(1078): Illuminate\\Container\\Container->resolve()
#14 /home/u533806958/domains/a1merchantsolutions.triviio.com/public_html/vendor/laravel/framework/src/Illuminate/Container/Container.php(864): Illuminate\\Foundation\\Application->resolve()
#15 /home/u533806958/domains/a1merchantsolutions.triviio.com/public_html/vendor/laravel/framework/src/Illuminate/Foundation/Application.php(1058): Illuminate\\Container\\Container->make()
#16 /home/u533806958/domains/a1merchantsolutions.triviio.com/public_html/vendor/laravel/framework/src/Illuminate/Pipeline/Pipeline.php(208): Illuminate\\Foundation\\Application->make()
#17 /home/u533806958/domains/a1merchantsolutions.triviio.com/public_html/vendor/laravel/framework/src/Illuminate/Pipeline/Pipeline.php(137): Illuminate\\Pipeline\\Pipeline->Illuminate\\Pipeline\\{closure}()
#18 /home/u533806958/domains/a1merchantsolutions.triviio.com/public_html/vendor/laravel/framework/src/Illuminate/Routing/Router.php(821): Illuminate\\Pipeline\\Pipeline->then()
#19 /home/u533806958/domains/a1merchantsolutions.triviio.com/public_html/vendor/laravel/framework/src/Illuminate/Routing/Router.php(800): Illuminate\\Routing\\Router->runRouteWithinStack()
#20 /home/u533806958/domains/a1merchantsolutions.triviio.com/public_html/vendor/laravel/framework/src/Illuminate/Routing/Router.php(764): Illuminate\\Routing\\Router->runRoute()
#21 /home/u533806958/domains/a1merchantsolutions.triviio.com/public_html/vendor/laravel/framework/src/Illuminate/Routing/Router.php(753): Illuminate\\Routing\\Router->dispatchToRoute()
#22 /home/u533806958/domains/a1merchantsolutions.triviio.com/public_html/vendor/laravel/framework/src/Illuminate/Foundation/Http/Kernel.php(200): Illuminate\\Routing\\Router->dispatch()
#23 /home/u533806958/domains/a1merchantsolutions.triviio.com/public_html/vendor/laravel/framework/src/Illuminate/Pipeline/Pipeline.php(180): Illuminate\\Foundation\\Http\\Kernel->Illuminate\\Foundation\\Http\\{closure}()
#24 /home/u533806958/domains/a1merchantsolutions.triviio.com/public_html/vendor/laravel/framework/src/Illuminate/Foundation/Http/Middleware/TransformsRequest.php(21): Illuminate\\Pipeline\\Pipeline->Illuminate\\Pipeline\\{closure}()
#25 /home/u533806958/domains/a1merchantsolutions.triviio.com/public_html/vendor/laravel/framework/src/Illuminate/Foundation/Http/Middleware/ConvertEmptyStringsToNull.php(31): Illuminate\\Foundation\\Http\\Middleware\\TransformsRequest->handle()
#26 /home/u533806958/domains/a1merchantsolutions.triviio.com/public_html/vendor/laravel/framework/src/Illuminate/Pipeline/Pipeline.php(219): Illuminate\\Foundation\\Http\\Middleware\\ConvertEmptyStringsToNull->handle()
#27 /home/u533806958/domains/a1merchantsolutions.triviio.com/public_html/vendor/laravel/framework/src/Illuminate/Foundation/Http/Middleware/TransformsRequest.php(21): Illuminate\\Pipeline\\Pipeline->Illuminate\\Pipeline\\{closure}()
#28 /home/u533806958/domains/a1merchantsolutions.triviio.com/public_html/vendor/laravel/framework/src/Illuminate/Foundation/Http/Middleware/TrimStrings.php(51): Illuminate\\Foundation\\Http\\Middleware\\TransformsRequest->handle()
#29 /home/u533806958/domains/a1merchantsolutions.triviio.com/public_html/vendor/laravel/framework/src/Illuminate/Pipeline/Pipeline.php(219): Illuminate\\Foundation\\Http\\Middleware\\TrimStrings->handle()
#30 /home/u533806958/domains/a1merchantsolutions.triviio.com/public_html/vendor/laravel/framework/src/Illuminate/Http/Middleware/ValidatePostSize.php(27): Illuminate\\Pipeline\\Pipeline->Illuminate\\Pipeline\\{closure}()
#31 /home/u533806958/domains/a1merchantsolutions.triviio.com/public_html/vendor/laravel/framework/src/Illuminate/Pipeline/Pipeline.php(219): Illuminate\\Http\\Middleware\\ValidatePostSize->handle()
#32 /home/u533806958/domains/a1merchantsolutions.triviio.com/public_html/vendor/laravel/framework/src/Illuminate/Foundation/Http/Middleware/PreventRequestsDuringMaintenance.php(109): Illuminate\\Pipeline\\Pipeline->Illuminate\\Pipeline\\{closure}()
#33 /home/u533806958/domains/a1merchantsolutions.triviio.com/public_html/vendor/laravel/framework/src/Illuminate/Pipeline/Pipeline.php(219): Illuminate\\Foundation\\Http\\Middleware\\PreventRequestsDuringMaintenance->handle()
#34 /home/u533806958/domains/a1merchantsolutions.triviio.com/public_html/vendor/laravel/framework/src/Illuminate/Http/Middleware/HandleCors.php(61): Illuminate\\Pipeline\\Pipeline->Illuminate\\Pipeline\\{closure}()
#35 /home/u533806958/domains/a1merchantsolutions.triviio.com/public_html/vendor/laravel/framework/src/Illuminate/Pipeline/Pipeline.php(219): Illuminate\\Http\\Middleware\\HandleCors->handle()
#36 /home/u533806958/domains/a1merchantsolutions.triviio.com/public_html/vendor/laravel/framework/src/Illuminate/Http/Middleware/TrustProxies.php(58): Illuminate\\Pipeline\\Pipeline->Illuminate\\Pipeline\\{closure}()
#37 /home/u533806958/domains/a1merchantsolutions.triviio.com/public_html/vendor/laravel/framework/src/Illuminate/Pipeline/Pipeline.php(219): Illuminate\\Http\\Middleware\\TrustProxies->handle()
#38 /home/u533806958/domains/a1merchantsolutions.triviio.com/public_html/vendor/laravel/framework/src/Illuminate/Foundation/Http/Middleware/InvokeDeferredCallbacks.php(22): Illuminate\\Pipeline\\Pipeline->Illuminate\\Pipeline\\{closure}()
#39 /home/u533806958/domains/a1merchantsolutions.triviio.com/public_html/vendor/laravel/framework/src/Illuminate/Pipeline/Pipeline.php(219): Illuminate\\Foundation\\Http\\Middleware\\InvokeDeferredCallbacks->handle()
#40 /home/u533806958/domains/a1merchantsolutions.triviio.com/public_html/vendor/laravel/framework/src/Illuminate/Http/Middleware/ValidatePathEncoding.php(26): Illuminate\\Pipeline\\Pipeline->Illuminate\\Pipeline\\{closure}()
#41 /home/u533806958/domains/a1merchantsolutions.triviio.com/public_html/vendor/laravel/framework/src/Illuminate/Pipeline/Pipeline.php(219): Illuminate\\Http\\Middleware\\ValidatePathEncoding->handle()
#42 /home/u533806958/domains/a1merchantsolutions.triviio.com/public_html/vendor/laravel/framework/src/Illuminate/Pipeline/Pipeline.php(137): Illuminate\\Pipeline\\Pipeline->Illuminate\\Pipeline\\{closure}()
#43 /home/u533806958/domains/a1merchantsolutions.triviio.com/public_html/vendor/laravel/framework/src/Illuminate/Foundation/Http/Kernel.php(175): Illuminate\\Pipeline\\Pipeline->then()
#44 /home/u533806958/domains/a1merchantsolutions.triviio.com/public_html/vendor/laravel/framework/src/Illuminate/Foundation/Http/Kernel.php(144): Illuminate\\Foundation\\Http\\Kernel->sendRequestThroughRouter()
#45 /home/u533806958/domains/a1merchantsolutions.triviio.com/public_html/vendor/laravel/framework/src/Illuminate/Foundation/Application.php(1220): Illuminate\\Foundation\\Http\\Kernel->handle()
#46 /home/u533806958/domains/a1merchantsolutions.triviio.com/public_html/public/index.php(15): Illuminate\\Foundation\\Application->handleRequest()
#47 /home/u533806958/domains/a1merchantsolutions.triviio.com/public_html/index.php(3): require('/home/u53380695...')
#48 {main}
"} 
[2026-08-11 10:28:32] production.ERROR: No application encryption key has been specified. {"exception":"[object] (Illuminate\\Encryption\\MissingAppKeyException(code: 0): No application encryption key has been specified. at /home/u533806958/domains/a1merchantsolutions.triviio.com/public_html/vendor/laravel/framework/src/Illuminate/Encryption/EncryptionServiceProvider.php:83)
[stacktrace]
#0 /home/u533806958/domains/a1merchantsolutions.triviio.com/public_html/vendor/laravel/framework/src/Illuminate/Support/helpers.php(393): Illuminate\\Encryption\\EncryptionServiceProvider->Illuminate\\Encryption\\{closure}()
#1 /home/u533806958/domains/a1merchantsolutions.triviio.com/public_html/vendor/laravel/framework/src/Illuminate/Encryption/EncryptionServiceProvider.php(81): tap()
#2 /home/u533806958/domains/a1merchantsolutions.triviio.com/public_html/vendor/laravel/framework/src/Illuminate/Encryption/EncryptionServiceProvider.php(64): Illuminate\\Encryption\\EncryptionServiceProvider->key()
#3 /home/u533806958/domains/a1merchantsolutions.triviio.com/public_html/vendor/laravel/framework/src/Illuminate/Encryption/EncryptionServiceProvider.php(32): Illuminate\\Encryption\\EncryptionServiceProvider->parseKey()
#4 /home/u533806958/domains/a1merchantsolutions.triviio.com/public_html/vendor/laravel/framework/src/Illuminate/Container/Container.php(1115): Illuminate\\Encryption\\EncryptionServiceProvider->Illuminate\\Encryption\\{closure}()
#5 /home/u533806958/domains/a1merchantsolutions.triviio.com/public_html/vendor/laravel/framework/src/Illuminate/Container/Container.php(933): Illuminate\\Container\\Container->build()
#6 /home/u533806958/domains/a1merchantsolutions.triviio.com/public_html/vendor/laravel/framework/src/Illuminate/Foundation/Application.php(1078): Illuminate\\Container\\Container->resolve()
#7 /home/u533806958/domains/a1merchantsolutions.triviio.com/public_html/vendor/laravel/framework/src/Illuminate/Container/Container.php(864): Illuminate\\Foundation\\Application->resolve()
#8 /home/u533806958/domains/a1merchantsolutions.triviio.com/public_html/vendor/laravel/framework/src/Illuminate/Foundation/Application.php(1058): Illuminate\\Container\\Container->make()
#9 /home/u533806958/domains/a1merchantsolutions.triviio.com/public_html/vendor/laravel/framework/src/Illuminate/Container/Container.php(1336): Illuminate\\Foundation\\Application->make()
#10 /home/u533806958/domains/a1merchantsolutions.triviio.com/public_html/vendor/laravel/framework/src/Illuminate/Container/Container.php(1237): Illuminate\\Container\\Container->resolveClass()
#11 /home/u533806958/domains/a1merchantsolutions.triviio.com/public_html/vendor/laravel/framework/src/Illuminate/Container/Container.php(1162): Illuminate\\Container\\Container->resolveDependencies()
#12 /home/u533806958/domains/a1merchantsolutions.triviio.com/public_html/vendor/laravel/framework/src/Illuminate/Container/Container.php(933): Illuminate\\Container\\Container->build()
#13 /home/u533806958/domains/a1merchantsolutions.triviio.com/public_html/vendor/laravel/framework/src/Illuminate/Foundation/Application.php(1078): Illuminate\\Container\\Container->resolve()
#14 /home/u533806958/domains/a1merchantsolutions.triviio.com/public_html/vendor/laravel/framework/src/Illuminate/Container/Container.php(864): Illuminate\\Foundation\\Application->resolve()
#15 /home/u533806958/domains/a1merchantsolutions.triviio.com/public_html/vendor/laravel/framework/src/Illuminate/Foundation/Application.php(1058): Illuminate\\Container\\Container->make()
#16 /home/u533806958/domains/a1merchantsolutions.triviio.com/public_html/vendor/laravel/framework/src/Illuminate/Foundation/Http/Kernel.php(257): Illuminate\\Foundation\\Application->make()
#17 /home/u533806958/domains/a1merchantsolutions.triviio.com/public_html/vendor/laravel/framework/src/Illuminate/Foundation/Http/Kernel.php(215): Illuminate\\Foundation\\Http\\Kernel->terminateMiddleware()
#18 /home/u533806958/domains/a1merchantsolutions.triviio.com/public_html/vendor/laravel/framework/src/Illuminate/Foundation/Application.php(1222): Illuminate\\Foundation\\Http\\Kernel->terminate()
#19 /home/u533806958/domains/a1merchantsolutions.triviio.com/public_html/public/index.php(15): Illuminate\\Foundation\\Application->handleRequest()
#20 /home/u533806958/domains/a1merchantsolutions.triviio.com/public_html/index.php(3): require('/home/u53380695...')
#21 {main}
"} 
[2026-08-11 10:28:36] production.ERROR: No application encryption key has been specified. {"exception":"[object] (Illuminate\\Encryption\\MissingAppKeyException(code: 0): No application encryption key has been specified. at /home/u533806958/domains/a1merchantsolutions.triviio.com/public_html/vendor/laravel/framework/src/Illuminate/Encryption/EncryptionServiceProvider.php:83)
[stacktrace]
#0 /home/u533806958/domains/a1merchantsolutions.triviio.com/public_html/vendor/laravel/framework/src/Illuminate/Support/helpers.php(393): Illuminate\\Encryption\\EncryptionServiceProvider->Illuminate\\Encryption\\{closure}()
#1 /home/u533806958/domains/a1merchantsolutions.triviio.com/public_html/vendor/laravel/framework/src/Illuminate/Encryption/EncryptionServiceProvider.php(81): tap()
#2 /home/u533806958/domains/a1merchantsolutions.triviio.com/public_html/vendor/laravel/framework/src/Illuminate/Encryption/EncryptionServiceProvider.php(64): Illuminate\\Encryption\\EncryptionServiceProvider->key()
#3 /home/u533806958/domains/a1merchantsolutions.triviio.com/public_html/vendor/laravel/framework/src/Illuminate/Encryption/EncryptionServiceProvider.php(32): Illuminate\\Encryption\\EncryptionServiceProvider->parseKey()
#4 /home/u533806958/domains/a1merchantsolutions.triviio.com/public_html/vendor/laravel/framework/src/Illuminate/Container/Container.php(1115): Illuminate\\Encryption\\EncryptionServiceProvider->Illuminate\\Encryption\\{closure}()
#5 /home/u533806958/domains/a1merchantsolutions.triviio.com/public_html/vendor/laravel/framework/src/Illuminate/Container/Container.php(933): Illuminate\\Container\\Container->build()
#6 /home/u533806958/domains/a1merchantsolutions.triviio.com/public_html/vendor/laravel/framework/src/Illuminate/Foundation/Application.php(1078): Illuminate\\Container\\Container->resolve()
#7 /home/u533806958/domains/a1merchantsolutions.triviio.com/public_html/vendor/laravel/framework/src/Illuminate/Container/Container.php(864): Illuminate\\Foundation\\Application->resolve()
#8 /home/u533806958/domains/a1merchantsolutions.triviio.com/public_html/vendor/laravel/framework/src/Illuminate/Foundation/Application.php(1058): Illuminate\\Container\\Container->make()
#9 /home/u533806958/domains/a1merchantsolutions.triviio.com/public_html/vendor/laravel/framework/src/Illuminate/Container/Container.php(1336): Illuminate\\Foundation\\Application->make()
#10 /home/u533806958/domains/a1merchantsolutions.triviio.com/public_html/vendor/laravel/framework/src/Illuminate/Container/Container.php(1237): Illuminate\\Container\\Container->resolveClass()
#11 /home/u533806958/domains/a1merchantsolutions.triviio.com/public_html/vendor/laravel/framework/src/Illuminate/Container/Container.php(1162): Illuminate\\Container\\Container->resolveDependencies()
#12 /home/u533806958/domains/a1merchantsolutions.triviio.com/public_html/vendor/laravel/framework/src/Illuminate/Container/Container.php(933): Illuminate\\Container\\Container->build()
#13 /home/u533806958/domains/a1merchantsolutions.triviio.com/public_html/vendor/laravel/framework/src/Illuminate/Foundation/Application.php(1078): Illuminate\\Container\\Container->resolve()
#14 /home/u533806958/domains/a1merchantsolutions.triviio.com/public_html/vendor/laravel/framework/src/Illuminate/Container/Container.php(864): Illuminate\\Foundation\\Application->resolve()
#15 /home/u533806958/domains/a1merchantsolutions.triviio.com/public_html/vendor/laravel/framework/src/Illuminate/Foundation/Application.php(1058): Illuminate\\Container\\Container->make()
#16 /home/u533806958/domains/a1merchantsolutions.triviio.com/public_html/vendor/laravel/framework/src/Illuminate/Pipeline/Pipeline.php(208): Illuminate\\Foundation\\Application->make()
#17 /home/u533806958/domains/a1merchantsolutions.triviio.com/public_html/vendor/laravel/framework/src/Illuminate/Pipeline/Pipeline.php(137): Illuminate\\Pipeline\\Pipeline->Illuminate\\Pipeline\\{closure}()
#18 /home/u533806958/domains/a1merchantsolutions.triviio.com/public_html/vendor/laravel/framework/src/Illuminate/Routing/Router.php(821): Illuminate\\Pipeline\\Pipeline->then()
#19 /home/u533806958/domains/a1merchantsolutions.triviio.com/public_html/vendor/laravel/framework/src/Illuminate/Routing/Router.php(800): Illuminate\\Routing\\Router->runRouteWithinStack()
#20 /home/u533806958/domains/a1merchantsolutions.triviio.com/public_html/vendor/laravel/framework/src/Illuminate/Routing/Router.php(764): Illuminate\\Routing\\Router->runRoute()
#21 /home/u533806958/domains/a1merchantsolutions.triviio.com/public_html/vendor/laravel/framework/src/Illuminate/Routing/Router.php(753): Illuminate\\Routing\\Router->dispatchToRoute()
#22 /home/u533806958/domains/a1merchantsolutions.triviio.com/public_html/vendor/laravel/framework/src/Illuminate/Foundation/Http/Kernel.php(200): Illuminate\\Routing\\Router->dispatch()
#23 /home/u533806958/domains/a1merchantsolutions.triviio.com/public_html/vendor/laravel/framework/src/Illuminate/Pipeline/Pipeline.php(180): Illuminate\\Foundation\\Http\\Kernel->Illuminate\\Foundation\\Http\\{closure}()
#24 /home/u533806958/domains/a1merchantsolutions.triviio.com/public_html/vendor/laravel/framework/src/Illuminate/Foundation/Http/Middleware/TransformsRequest.php(21): Illuminate\\Pipeline\\Pipeline->Illuminate\\Pipeline\\{closure}()
#25 /home/u533806958/domains/a1merchantsolutions.triviio.com/public_html/vendor/laravel/framework/src/Illuminate/Foundation/Http/Middleware/ConvertEmptyStringsToNull.php(31): Illuminate\\Foundation\\Http\\Middleware\\TransformsRequest->handle()
#26 /home/u533806958/domains/a1merchantsolutions.triviio.com/public_html/vendor/laravel/framework/src/Illuminate/Pipeline/Pipeline.php(219): Illuminate\\Foundation\\Http\\Middleware\\ConvertEmptyStringsToNull->handle()
#27 /home/u533806958/domains/a1merchantsolutions.triviio.com/public_html/vendor/laravel/framework/src/Illuminate/Foundation/Http/Middleware/TransformsRequest.php(21): Illuminate\\Pipeline\\Pipeline->Illuminate\\Pipeline\\{closure}()
#28 /home/u533806958/domains/a1merchantsolutions.triviio.com/public_html/vendor/laravel/framework/src/Illuminate/Foundation/Http/Middleware/TrimStrings.php(51): Illuminate\\Foundation\\Http\\Middleware\\TransformsRequest->handle()
#29 /home/u533806958/domains/a1merchantsolutions.triviio.com/public_html/vendor/laravel/framework/src/Illuminate/Pipeline/Pipeline.php(219): Illuminate\\Foundation\\Http\\Middleware\\TrimStrings->handle()
#30 /home/u533806958/domains/a1merchantsolutions.triviio.com/public_html/vendor/laravel/framework/src/Illuminate/Http/Middleware/ValidatePostSize.php(27): Illuminate\\Pipeline\\Pipeline->Illuminate\\Pipeline\\{closure}()
#31 /home/u533806958/domains/a1merchantsolutions.triviio.com/public_html/vendor/laravel/framework/src/Illuminate/Pipeline/Pipeline.php(219): Illuminate\\Http\\Middleware\\ValidatePostSize->handle()
#32 /home/u533806958/domains/a1merchantsolutions.triviio.com/public_html/vendor/laravel/framework/src/Illuminate/Foundation/Http/Middleware/PreventRequestsDuringMaintenance.php(109): Illuminate\\Pipeline\\Pipeline->Illuminate\\Pipeline\\{closure}()
#33 /home/u533806958/domains/a1merchantsolutions.triviio.com/public_html/vendor/laravel/framework/src/Illuminate/Pipeline/Pipeline.php(219): Illuminate\\Foundation\\Http\\Middleware\\PreventRequestsDuringMaintenance->handle()
#34 /home/u533806958/domains/a1merchantsolutions.triviio.com/public_html/vendor/laravel/framework/src/Illuminate/Http/Middleware/HandleCors.php(61): Illuminate\\Pipeline\\Pipeline->Illuminate\\Pipeline\\{closure}()
#35 /home/u533806958/domains/a1merchantsolutions.triviio.com/public_html/vendor/laravel/framework/src/Illuminate/Pipeline/Pipeline.php(219): Illuminate\\Http\\Middleware\\HandleCors->handle()
#36 /home/u533806958/domains/a1merchantsolutions.triviio.com/public_html/vendor/laravel/framework/src/Illuminate/Http/Middleware/TrustProxies.php(58): Illuminate\\Pipeline\\Pipeline->Illuminate\\Pipeline\\{closure}()
#37 /home/u533806958/domains/a1merchantsolutions.triviio.com/public_html/vendor/laravel/framework/src/Illuminate/Pipeline/Pipeline.php(219): Illuminate\\Http\\Middleware\\TrustProxies->handle()
#38 /home/u533806958/domains/a1merchantsolutions.triviio.com/public_html/vendor/laravel/framework/src/Illuminate/Foundation/Http/Middleware/InvokeDeferredCallbacks.php(22): Illuminate\\Pipeline\\Pipeline->Illuminate\\Pipeline\\{closure}()
#39 /home/u533806958/domains/a1merchantsolutions.triviio.com/public_html/vendor/laravel/framework/src/Illuminate/Pipeline/Pipeline.php(219): Illuminate\\Foundation\\Http\\Middleware\\InvokeDeferredCallbacks->handle()
#40 /home/u533806958/domains/a1merchantsolutions.triviio.com/public_html/vendor/laravel/framework/src/Illuminate/Http/Middleware/ValidatePathEncoding.php(26): Illuminate\\Pipeline\\Pipeline->Illuminate\\Pipeline\\{closure}()
#41 /home/u533806958/domains/a1merchantsolutions.triviio.com/public_html/vendor/laravel/framework/src/Illuminate/Pipeline/Pipeline.php(219): Illuminate\\Http\\Middleware\\ValidatePathEncoding->handle()
#42 /home/u533806958/domains/a1merchantsolutions.triviio.com/public_html/vendor/laravel/framework/src/Illuminate/Pipeline/Pipeline.php(137): Illuminate\\Pipeline\\Pipeline->Illuminate\\Pipeline\\{closure}()
#43 /home/u533806958/domains/a1merchantsolutions.triviio.com/public_html/vendor/laravel/framework/src/Illuminate/Foundation/Http/Kernel.php(175): Illuminate\\Pipeline\\Pipeline->then()
#44 /home/u533806958/domains/a1merchantsolutions.triviio.com/public_html/vendor/laravel/framework/src/Illuminate/Foundation/Http/Kernel.php(144): Illuminate\\Foundation\\Http\\Kernel->sendRequestThroughRouter()
#45 /home/u533806958/domains/a1merchantsolutions.triviio.com/public_html/vendor/laravel/framework/src/Illuminate/Foundation/Application.php(1220): Illuminate\\Foundation\\Http\\Kernel->handle()
#46 /home/u533806958/domains/a1merchantsolutions.triviio.com/public_html/public/index.php(15): Illuminate\\Foundation\\Application->handleRequest()
#47 /home/u533806958/domains/a1merchantsolutions.triviio.com/public_html/index.php(3): require('/home/u53380695...')
#48 {main}
"} 
[2026-08-11 10:28:36] production.ERROR: No application encryption key has been specified. {"exception":"[object] (Illuminate\\Encryption\\MissingAppKeyException(code: 0): No application encryption key has been specified. at /home/u533806958/domains/a1merchantsolutions.triviio.com/public_html/vendor/laravel/framework/src/Illuminate/Encryption/EncryptionServiceProvider.php:83)
[stacktrace]
#0 /home/u533806958/domains/a1merchantsolutions.triviio.com/public_html/vendor/laravel/framework/src/Illuminate/Support/helpers.php(393): Illuminate\\Encryption\\EncryptionServiceProvider->Illuminate\\Encryption\\{closure}()
#1 /home/u533806958/domains/a1merchantsolutions.triviio.com/public_html/vendor/laravel/framework/src/Illuminate/Encryption/EncryptionServiceProvider.php(81): tap()
#2 /home/u533806958/domains/a1merchantsolutions.triviio.com/public_html/vendor/laravel/framework/src/Illuminate/Encryption/EncryptionServiceProvider.php(64): Illuminate\\Encryption\\EncryptionServiceProvider->key()
#3 /home/u533806958/domains/a1merchantsolutions.triviio.com/public_html/vendor/laravel/framework/src/Illuminate/Encryption/EncryptionServiceProvider.php(32): Illuminate\\Encryption\\EncryptionServiceProvider->parseKey()
#4 /home/u533806958/domains/a1merchantsolutions.triviio.com/public_html/vendor/laravel/framework/src/Illuminate/Container/Container.php(1115): Illuminate\\Encryption\\EncryptionServiceProvider->Illuminate\\Encryption\\{closure}()
#5 /home/u533806958/domains/a1merchantsolutions.triviio.com/public_html/vendor/laravel/framework/src/Illuminate/Container/Container.php(933): Illuminate\\Container\\Container->build()
#6 /home/u533806958/domains/a1merchantsolutions.triviio.com/public_html/vendor/laravel/framework/src/Illuminate/Foundation/Application.php(1078): Illuminate\\Container\\Container->resolve()
#7 /home/u533806958/domains/a1merchantsolutions.triviio.com/public_html/vendor/laravel/framework/src/Illuminate/Container/Container.php(864): Illuminate\\Foundation\\Application->resolve()
#8 /home/u533806958/domains/a1merchantsolutions.triviio.com/public_html/vendor/laravel/framework/src/Illuminate/Foundation/Application.php(1058): Illuminate\\Container\\Container->make()
#9 /home/u533806958/domains/a1merchantsolutions.triviio.com/public_html/vendor/laravel/framework/src/Illuminate/Container/Container.php(1336): Illuminate\\Foundation\\Application->make()
#10 /home/u533806958/domains/a1merchantsolutions.triviio.com/public_html/vendor/laravel/framework/src/Illuminate/Container/Container.php(1237): Illuminate\\Container\\Container->resolveClass()
#11 /home/u533806958/domains/a1merchantsolutions.triviio.com/public_html/vendor/laravel/framework/src/Illuminate/Container/Container.php(1162): Illuminate\\Container\\Container->resolveDependencies()
#12 /home/u533806958/domains/a1merchantsolutions.triviio.com/public_html/vendor/laravel/framework/src/Illuminate/Container/Container.php(933): Illuminate\\Container\\Container->build()
#13 /home/u533806958/domains/a1merchantsolutions.triviio.com/public_html/vendor/laravel/framework/src/Illuminate/Foundation/Application.php(1078): Illuminate\\Container\\Container->resolve()
#14 /home/u533806958/domains/a1merchantsolutions.triviio.com/public_html/vendor/laravel/framework/src/Illuminate/Container/Container.php(864): Illuminate\\Foundation\\Application->resolve()
#15 /home/u533806958/domains/a1merchantsolutions.triviio.com/public_html/vendor/laravel/framework/src/Illuminate/Foundation/Application.php(1058): Illuminate\\Container\\Container->make()
#16 /home/u533806958/domains/a1merchantsolutions.triviio.com/public_html/vendor/laravel/framework/src/Illuminate/Foundation/Http/Kernel.php(257): Illuminate\\Foundation\\Application->make()
#17 /home/u533806958/domains/a1merchantsolutions.triviio.com/public_html/vendor/laravel/framework/src/Illuminate/Foundation/Http/Kernel.php(215): Illuminate\\Foundation\\Http\\Kernel->terminateMiddleware()
#18 /home/u533806958/domains/a1merchantsolutions.triviio.com/public_html/vendor/laravel/framework/src/Illuminate/Foundation/Application.php(1222): Illuminate\\Foundation\\Http\\Kernel->terminate()
#19 /home/u533806958/domains/a1merchantsolutions.triviio.com/public_html/public/index.php(15): Illuminate\\Foundation\\Application->handleRequest()
#20 /home/u533806958/domains/a1merchantsolutions.triviio.com/public_html/index.php(3): require('/home/u53380695...')
#21 {main}
"} 
[2026-08-11 10:29:18] local.ERROR: No application encryption key has been specified. {"exception":"[object] (Illuminate\\Encryption\\MissingAppKeyException(code: 0): No application encryption key has been specified. at /home/u533806958/domains/a1merchantsolutions.triviio.com/public_html/vendor/laravel/framework/src/Illuminate/Encryption/EncryptionServiceProvider.php:83)
[stacktrace]
#0 /home/u533806958/domains/a1merchantsolutions.triviio.com/public_html/vendor/laravel/framework/src/Illuminate/Support/helpers.php(393): Illuminate\\Encryption\\EncryptionServiceProvider->Illuminate\\Encryption\\{closure}()
#1 /home/u533806958/domains/a1merchantsolutions.triviio.com/public_html/vendor/laravel/framework/src/Illuminate/Encryption/EncryptionServiceProvider.php(81): tap()
#2 /home/u533806958/domains/a1merchantsolutions.triviio.com/public_html/vendor/laravel/framework/src/Illuminate/Encryption/EncryptionServiceProvider.php(64): Illuminate\\Encryption\\EncryptionServiceProvider->key()
#3 /home/u533806958/domains/a1merchantsolutions.triviio.com/public_html/vendor/laravel/framework/src/Illuminate/Encryption/EncryptionServiceProvider.php(32): Illuminate\\Encryption\\EncryptionServiceProvider->parseKey()
#4 /home/u533806958/domains/a1merchantsolutions.triviio.com/public_html/vendor/laravel/framework/src/Illuminate/Container/Container.php(1115): Illuminate\\Encryption\\EncryptionServiceProvider->Illuminate\\Encryption\\{closure}()
#5 /home/u533806958/domains/a1merchantsolutions.triviio.com/public_html/vendor/laravel/framework/src/Illuminate/Container/Container.php(933): Illuminate\\Container\\Container->build()
#6 /home/u533806958/domains/a1merchantsolutions.triviio.com/public_html/vendor/laravel/framework/src/Illuminate/Foundation/Application.php(1078): Illuminate\\Container\\Container->resolve()
#7 /home/u533806958/domains/a1merchantsolutions.triviio.com/public_html/vendor/laravel/framework/src/Illuminate/Container/Container.php(864): Illuminate\\Foundation\\Application->resolve()
#8 /home/u533806958/domains/a1merchantsolutions.triviio.com/public_html/vendor/laravel/framework/src/Illuminate/Foundation/Application.php(1058): Illuminate\\Container\\Container->make()
#9 /home/u533806958/domains/a1merchantsolutions.triviio.com/public_html/vendor/laravel/framework/src/Illuminate/Container/Container.php(1336): Illuminate\\Foundation\\Application->make()
#10 /home/u533806958/domains/a1merchantsolutions.triviio.com/public_html/vendor/laravel/framework/src/Illuminate/Container/Container.php(1237): Illuminate\\Container\\Container->resolveClass()
#11 /home/u533806958/domains/a1merchantsolutions.triviio.com/public_html/vendor/laravel/framework/src/Illuminate/Container/Container.php(1162): Illuminate\\Container\\Container->resolveDependencies()
#12 /home/u533806958/domains/a1merchantsolutions.triviio.com/public_html/vendor/laravel/framework/src/Illuminate/Container/Container.php(933): Illuminate\\Container\\Container->build()
#13 /home/u533806958/domains/a1merchantsolutions.triviio.com/public_html/vendor/laravel/framework/src/Illuminate/Foundation/Application.php(1078): Illuminate\\Container\\Container->resolve()
#14 /home/u533806958/domains/a1merchantsolutions.triviio.com/public_html/vendor/laravel/framework/src/Illuminate/Container/Container.php(864): Illuminate\\Foundation\\Application->resolve()
#15 /home/u533806958/domains/a1merchantsolutions.triviio.com/public_html/vendor/laravel/framework/src/Illuminate/Foundation/Application.php(1058): Illuminate\\Container\\Container->make()
#16 /home/u533806958/domains/a1merchantsolutions.triviio.com/public_html/vendor/laravel/framework/src/Illuminate/Pipeline/Pipeline.php(208): Illuminate\\Foundation\\Application->make()
#17 /home/u533806958/domains/a1merchantsolutions.triviio.com/public_html/vendor/laravel/framework/src/Illuminate/Pipeline/Pipeline.php(137): Illuminate\\Pipeline\\Pipeline->Illuminate\\Pipeline\\{closure}()
#18 /home/u533806958/domains/a1merchantsolutions.triviio.com/public_html/vendor/laravel/framework/src/Illuminate/Routing/Router.php(821): Illuminate\\Pipeline\\Pipeline->then()
#19 /home/u533806958/domains/a1merchantsolutions.triviio.com/public_html/vendor/laravel/framework/src/Illuminate/Routing/Router.php(800): Illuminate\\Routing\\Router->runRouteWithinStack()
#20 /home/u533806958/domains/a1merchantsolutions.triviio.com/public_html/vendor/laravel/framework/src/Illuminate/Routing/Router.php(764): Illuminate\\Routing\\Router->runRoute()
#21 /home/u533806958/domains/a1merchantsolutions.triviio.com/public_html/vendor/laravel/framework/src/Illuminate/Routing/Router.php(753): Illuminate\\Routing\\Router->dispatchToRoute()
#22 /home/u533806958/domains/a1merchantsolutions.triviio.com/public_html/vendor/laravel/framework/src/Illuminate/Foundation/Http/Kernel.php(200): Illuminate\\Routing\\Router->dispatch()
#23 /home/u533806958/domains/a1merchantsolutions.triviio.com/public_html/vendor/laravel/framework/src/Illuminate/Pipeline/Pipeline.php(180): Illuminate\\Foundation\\Http\\Kernel->Illuminate\\Foundation\\Http\\{closure}()
#24 /home/u533806958/domains/a1merchantsolutions.triviio.com/public_html/vendor/laravel/framework/src/Illuminate/Foundation/Http/Middleware/TransformsRequest.php(21): Illuminate\\Pipeline\\Pipeline->Illuminate\\Pipeline\\{closure}()
#25 /home/u533806958/domains/a1merchantsolutions.triviio.com/public_html/vendor/laravel/framework/src/Illuminate/Foundation/Http/Middleware/ConvertEmptyStringsToNull.php(31): Illuminate\\Foundation\\Http\\Middleware\\TransformsRequest->handle()
#26 /home/u533806958/domains/a1merchantsolutions.triviio.com/public_html/vendor/laravel/framework/src/Illuminate/Pipeline/Pipeline.php(219): Illuminate\\Foundation\\Http\\Middleware\\ConvertEmptyStringsToNull->handle()
#27 /home/u533806958/domains/a1merchantsolutions.triviio.com/public_html/vendor/laravel/framework/src/Illuminate/Foundation/Http/Middleware/TransformsRequest.php(21): Illuminate\\Pipeline\\Pipeline->Illuminate\\Pipeline\\{closure}()
#28 /home/u533806958/domains/a1merchantsolutions.triviio.com/public_html/vendor/laravel/framework/src/Illuminate/Foundation/Http/Middleware/TrimStrings.php(51): Illuminate\\Foundation\\Http\\Middleware\\TransformsRequest->handle()
#29 /home/u533806958/domains/a1merchantsolutions.triviio.com/public_html/vendor/laravel/framework/src/Illuminate/Pipeline/Pipeline.php(219): Illuminate\\Foundation\\Http\\Middleware\\TrimStrings->handle()
#30 /home/u533806958/domains/a1merchantsolutions.triviio.com/public_html/vendor/laravel/framework/src/Illuminate/Http/Middleware/ValidatePostSize.php(27): Illuminate\\Pipeline\\Pipeline->Illuminate\\Pipeline\\{closure}()
#31 /home/u533806958/domains/a1merchantsolutions.triviio.com/public_html/vendor/laravel/framework/src/Illuminate/Pipeline/Pipeline.php(219): Illuminate\\Http\\Middleware\\ValidatePostSize->handle()
#32 /home/u533806958/domains/a1merchantsolutions.triviio.com/public_html/vendor/laravel/framework/src/Illuminate/Foundation/Http/Middleware/PreventRequestsDuringMaintenance.php(109): Illuminate\\Pipeline\\Pipeline->Illuminate\\Pipeline\\{closure}()
#33 /home/u533806958/domains/a1merchantsolutions.triviio.com/public_html/vendor/laravel/framework/src/Illuminate/Pipeline/Pipeline.php(219): Illuminate\\Foundation\\Http\\Middleware\\PreventRequestsDuringMaintenance->handle()
#34 /home/u533806958/domains/a1merchantsolutions.triviio.com/public_html/vendor/laravel/framework/src/Illuminate/Http/Middleware/HandleCors.php(61): Illuminate\\Pipeline\\Pipeline->Illuminate\\Pipeline\\{closure}()
#35 /home/u533806958/domains/a1merchantsolutions.triviio.com/public_html/vendor/laravel/framework/src/Illuminate/Pipeline/Pipeline.php(219): Illuminate\\Http\\Middleware\\HandleCors->handle()
#36 /home/u533806958/domains/a1merchantsolutions.triviio.com/public_html/vendor/laravel/framework/src/Illuminate/Http/Middleware/TrustProxies.php(58): Illuminate\\Pipeline\\Pipeline->Illuminate\\Pipeline\\{closure}()
#37 /home/u533806958/domains/a1merchantsolutions.triviio.com/public_html/vendor/laravel/framework/src/Illuminate/Pipeline/Pipeline.php(219): Illuminate\\Http\\Middleware\\TrustProxies->handle()
#38 /home/u533806958/domains/a1merchantsolutions.triviio.com/public_html/vendor/laravel/framework/src/Illuminate/Foundation/Http/Middleware/InvokeDeferredCallbacks.php(22): Illuminate\\Pipeline\\Pipeline->Illuminate\\Pipeline\\{closure}()
#39 /home/u533806958/domains/a1merchantsolutions.triviio.com/public_html/vendor/laravel/framework/src/Illuminate/Pipeline/Pipeline.php(219): Illuminate\\Foundation\\Http\\Middleware\\InvokeDeferredCallbacks->handle()
#40 /home/u533806958/domains/a1merchantsolutions.triviio.com/public_html/vendor/laravel/framework/src/Illuminate/Http/Middleware/ValidatePathEncoding.php(26): Illuminate\\Pipeline\\Pipeline->Illuminate\\Pipeline\\{closure}()
#41 /home/u533806958/domains/a1merchantsolutions.triviio.com/public_html/vendor/laravel/framework/src/Illuminate/Pipeline/Pipeline.php(219): Illuminate\\Http\\Middleware\\ValidatePathEncoding->handle()
#42 /home/u533806958/domains/a1merchantsolutions.triviio.com/public_html/vendor/laravel/framework/src/Illuminate/Pipeline/Pipeline.php(137): Illuminate\\Pipeline\\Pipeline->Illuminate\\Pipeline\\{closure}()
#43 /home/u533806958/domains/a1merchantsolutions.triviio.com/public_html/vendor/laravel/framework/src/Illuminate/Foundation/Http/Kernel.php(175): Illuminate\\Pipeline\\Pipeline->then()
#44 /home/u533806958/domains/a1merchantsolutions.triviio.com/public_html/vendor/laravel/framework/src/Illuminate/Foundation/Http/Kernel.php(144): Illuminate\\Foundation\\Http\\Kernel->sendRequestThroughRouter()
#45 /home/u533806958/domains/a1merchantsolutions.triviio.com/public_html/vendor/laravel/framework/src/Illuminate/Foundation/Application.php(1220): Illuminate\\Foundation\\Http\\Kernel->handle()
#46 /home/u533806958/domains/a1merchantsolutions.triviio.com/public_html/public/index.php(15): Illuminate\\Foundation\\Application->handleRequest()
#47 /home/u533806958/domains/a1merchantsolutions.triviio.com/public_html/index.php(3): require('/home/u53380695...')
#48 {main}
"} 
[2026-08-11 10:29:18] local.ERROR: No application encryption key has been specified. {"exception":"[object] (Illuminate\\Encryption\\MissingAppKeyException(code: 0): No application encryption key has been specified. at /home/u533806958/domains/a1merchantsolutions.triviio.com/public_html/vendor/laravel/framework/src/Illuminate/Encryption/EncryptionServiceProvider.php:83)
[stacktrace]
#0 /home/u533806958/domains/a1merchantsolutions.triviio.com/public_html/vendor/laravel/framework/src/Illuminate/Support/helpers.php(393): Illuminate\\Encryption\\EncryptionServiceProvider->Illuminate\\Encryption\\{closure}()
#1 /home/u533806958/domains/a1merchantsolutions.triviio.com/public_html/vendor/laravel/framework/src/Illuminate/Encryption/EncryptionServiceProvider.php(81): tap()
#2 /home/u533806958/domains/a1merchantsolutions.triviio.com/public_html/vendor/laravel/framework/src/Illuminate/Encryption/EncryptionServiceProvider.php(64): Illuminate\\Encryption\\EncryptionServiceProvider->key()
#3 /home/u533806958/domains/a1merchantsolutions.triviio.com/public_html/vendor/laravel/framework/src/Illuminate/Encryption/EncryptionServiceProvider.php(32): Illuminate\\Encryption\\EncryptionServiceProvider->parseKey()
#4 /home/u533806958/domains/a1merchantsolutions.triviio.com/public_html/vendor/laravel/framework/src/Illuminate/Container/Container.php(1115): Illuminate\\Encryption\\EncryptionServiceProvider->Illuminate\\Encryption\\{closure}()
#5 /home/u533806958/domains/a1merchantsolutions.triviio.com/public_html/vendor/laravel/framework/src/Illuminate/Container/Container.php(933): Illuminate\\Container\\Container->build()
#6 /home/u533806958/domains/a1merchantsolutions.triviio.com/public_html/vendor/laravel/framework/src/Illuminate/Foundation/Application.php(1078): Illuminate\\Container\\Container->resolve()
#7 /home/u533806958/domains/a1merchantsolutions.triviio.com/public_html/vendor/laravel/framework/src/Illuminate/Container/Container.php(864): Illuminate\\Foundation\\Application->resolve()
#8 /home/u533806958/domains/a1merchantsolutions.triviio.com/public_html/vendor/laravel/framework/src/Illuminate/Foundation/Application.php(1058): Illuminate\\Container\\Container->make()
#9 /home/u533806958/domains/a1merchantsolutions.triviio.com/public_html/vendor/laravel/framework/src/Illuminate/Container/Container.php(1336): Illuminate\\Foundation\\Application->make()
#10 /home/u533806958/domains/a1merchantsolutions.triviio.com/public_html/vendor/laravel/framework/src/Illuminate/Container/Container.php(1237): Illuminate\\Container\\Container->resolveClass()
#11 /home/u533806958/domains/a1merchantsolutions.triviio.com/public_html/vendor/laravel/framework/src/Illuminate/Container/Container.php(1162): Illuminate\\Container\\Container->resolveDependencies()
#12 /home/u533806958/domains/a1merchantsolutions.triviio.com/public_html/vendor/laravel/framework/src/Illuminate/Container/Container.php(933): Illuminate\\Container\\Container->build()
#13 /home/u533806958/domains/a1merchantsolutions.triviio.com/public_html/vendor/laravel/framework/src/Illuminate/Foundation/Application.php(1078): Illuminate\\Container\\Container->resolve()
#14 /home/u533806958/domains/a1merchantsolutions.triviio.com/public_html/vendor/laravel/framework/src/Illuminate/Container/Container.php(864): Illuminate\\Foundation\\Application->resolve()
#15 /home/u533806958/domains/a1merchantsolutions.triviio.com/public_html/vendor/laravel/framework/src/Illuminate/Foundation/Application.php(1058): Illuminate\\Container\\Container->make()
#16 /home/u533806958/domains/a1merchantsolutions.triviio.com/public_html/vendor/laravel/framework/src/Illuminate/Foundation/Http/Kernel.php(257): Illuminate\\Foundation\\Application->make()
#17 /home/u533806958/domains/a1merchantsolutions.triviio.com/public_html/vendor/laravel/framework/src/Illuminate/Foundation/Http/Kernel.php(215): Illuminate\\Foundation\\Http\\Kernel->terminateMiddleware()
#18 /home/u533806958/domains/a1merchantsolutions.triviio.com/public_html/vendor/laravel/framework/src/Illuminate/Foundation/Application.php(1222): Illuminate\\Foundation\\Http\\Kernel->terminate()
#19 /home/u533806958/domains/a1merchantsolutions.triviio.com/public_html/public/index.php(15): Illuminate\\Foundation\\Application->handleRequest()
#20 /home/u533806958/domains/a1merchantsolutions.triviio.com/public_html/index.php(3): require('/home/u53380695...')
#21 {main}
"} 
[2026-08-11 14:54:05] local.ERROR: Add fillable property [image] to allow mass assignment on [App\Models\Offer]. {"userId":1,"exception":"[object] (Illuminate\\Database\\Eloquent\\MassAssignmentException(code: 0): Add fillable property [image] to allow mass assignment on [App\\Models\\Offer]. at /home/u533806958/domains/a1merchantsolutions.triviio.com/public_html/vendor/laravel/framework/src/Illuminate/Database/Eloquent/Model.php:639)
[stacktrace]
#0 /home/u533806958/domains/a1merchantsolutions.triviio.com/public_html/vendor/laravel/framework/src/Illuminate/Database/Eloquent/Model.php(713): Illuminate\\Database\\Eloquent\\Model->fill()
#1 /home/u533806958/domains/a1merchantsolutions.triviio.com/public_html/vendor/laravel/framework/src/Illuminate/Database/Eloquent/Builder.php(1749): Illuminate\\Database\\Eloquent\\Model->newInstance()
#2 /home/u533806958/domains/a1merchantsolutions.triviio.com/public_html/vendor/laravel/framework/src/Illuminate/Database/Eloquent/Builder.php(1218): Illuminate\\Database\\Eloquent\\Builder->newModelInstance()
#3 /home/u533806958/domains/a1merchantsolutions.triviio.com/public_html/vendor/laravel/framework/src/Illuminate/Support/Traits/ForwardsCalls.php(23): Illuminate\\Database\\Eloquent\\Builder->create()
#4 /home/u533806958/domains/a1merchantsolutions.triviio.com/public_html/vendor/laravel/framework/src/Illuminate/Database/Eloquent/Model.php(2544): Illuminate\\Database\\Eloquent\\Model->forwardCallTo()
#5 /home/u533806958/domains/a1merchantsolutions.triviio.com/public_html/app/Repositories/OfferRepository.php(73): Illuminate\\Database\\Eloquent\\Model->__call()
#6 /home/u533806958/domains/a1merchantsolutions.triviio.com/public_html/app/Services/OfferService.php(46): App\\Repositories\\OfferRepository->create()
#7 /home/u533806958/domains/a1merchantsolutions.triviio.com/public_html/app/Http/Controllers/Admin/OfferController.php(46): App\\Services\\OfferService->create()
#8 /home/u533806958/domains/a1merchantsolutions.triviio.com/public_html/vendor/laravel/framework/src/Illuminate/Routing/ControllerDispatcher.php(46): App\\Http\\Controllers\\Admin\\OfferController->store()
#9 /home/u533806958/domains/a1merchantsolutions.triviio.com/public_html/vendor/laravel/framework/src/Illuminate/Routing/Route.php(265): Illuminate\\Routing\\ControllerDispatcher->dispatch()
#10 /home/u533806958/domains/a1merchantsolutions.triviio.com/public_html/vendor/laravel/framework/src/Illuminate/Routing/Route.php(211): Illuminate\\Routing\\Route->runController()
#11 /home/u533806958/domains/a1merchantsolutions.triviio.com/public_html/vendor/laravel/framework/src/Illuminate/Routing/Router.php(822): Illuminate\\Routing\\Route->run()
#12 /home/u533806958/domains/a1merchantsolutions.triviio.com/public_html/vendor/laravel/framework/src/Illuminate/Pipeline/Pipeline.php(180): Illuminate\\Routing\\Router->Illuminate\\Routing\\{closure}()
#13 /home/u533806958/domains/a1merchantsolutions.triviio.com/public_html/vendor/laravel/framework/src/Illuminate/Routing/Middleware/SubstituteBindings.php(50): Illuminate\\Pipeline\\Pipeline->Illuminate\\Pipeline\\{closure}()
#14 /home/u533806958/domains/a1merchantsolutions.triviio.com/public_html/vendor/laravel/framework/src/Illuminate/Pipeline/Pipeline.php(219): Illuminate\\Routing\\Middleware\\SubstituteBindings->handle()
#15 /home/u533806958/domains/a1merchantsolutions.triviio.com/public_html/vendor/laravel/framework/src/Illuminate/Auth/Middleware/Authenticate.php(63): Illuminate\\Pipeline\\Pipeline->Illuminate\\Pipeline\\{closure}()
#16 /home/u533806958/domains/a1merchantsolutions.triviio.com/public_html/vendor/laravel/framework/src/Illuminate/Pipeline/Pipeline.php(219): Illuminate\\Auth\\Middleware\\Authenticate->handle()
#17 /home/u533806958/domains/a1merchantsolutions.triviio.com/public_html/vendor/laravel/framework/src/Illuminate/Foundation/Http/Middleware/VerifyCsrfToken.php(87): Illuminate\\Pipeline\\Pipeline->Illuminate\\Pipeline\\{closure}()
#18 /home/u533806958/domains/a1merchantsolutions.triviio.com/public_html/vendor/laravel/framework/src/Illuminate/Pipeline/Pipeline.php(219): Illuminate\\Foundation\\Http\\Middleware\\VerifyCsrfToken->handle()
#19 /home/u533806958/domains/a1merchantsolutions.triviio.com/public_html/vendor/laravel/framework/src/Illuminate/View/Middleware/ShareErrorsFromSession.php(48): Illuminate\\Pipeline\\Pipeline->Illuminate\\Pipeline\\{closure}()
#20 /home/u533806958/domains/a1merchantsolutions.triviio.com/public_html/vendor/laravel/framework/src/Illuminate/Pipeline/Pipeline.php(219): Illuminate\\View\\Middleware\\ShareErrorsFromSession->handle()
#21 /home/u533806958/domains/a1merchantsolutions.triviio.com/public_html/vendor/laravel/framework/src/Illuminate/Session/Middleware/StartSession.php(120): Illuminate\\Pipeline\\Pipeline->Illuminate\\Pipeline\\{closure}()
#22 /home/u533806958/domains/a1merchantsolutions.triviio.com/public_html/vendor/laravel/framework/src/Illuminate/Session/Middleware/StartSession.php(63): Illuminate\\Session\\Middleware\\StartSession->handleStatefulRequest()
#23 /home/u533806958/domains/a1merchantsolutions.triviio.com/public_html/vendor/laravel/framework/src/Illuminate/Pipeline/Pipeline.php(219): Illuminate\\Session\\Middleware\\StartSession->handle()
#24 /home/u533806958/domains/a1merchantsolutions.triviio.com/public_html/vendor/laravel/framework/src/Illuminate/Cookie/Middleware/AddQueuedCookiesToResponse.php(36): Illuminate\\Pipeline\\Pipeline->Illuminate\\Pipeline\\{closure}()
#25 /home/u533806958/domains/a1merchantsolutions.triviio.com/public_html/vendor/laravel/framework/src/Illuminate/Pipeline/Pipeline.php(219): Illuminate\\Cookie\\Middleware\\AddQueuedCookiesToResponse->handle()
#26 /home/u533806958/domains/a1merchantsolutions.triviio.com/public_html/vendor/laravel/framework/src/Illuminate/Cookie/Middleware/EncryptCookies.php(74): Illuminate\\Pipeline\\Pipeline->Illuminate\\Pipeline\\{closure}()
#27 /home/u533806958/domains/a1merchantsolutions.triviio.com/public_html/vendor/laravel/framework/src/Illuminate/Pipeline/Pipeline.php(219): Illuminate\\Cookie\\Middleware\\EncryptCookies->handle()
#28 /home/u533806958/domains/a1merchantsolutions.triviio.com/public_html/vendor/laravel/framework/src/Illuminate/Pipeline/Pipeline.php(137): Illuminate\\Pipeline\\Pipeline->Illuminate\\Pipeline\\{closure}()
#29 /home/u533806958/domains/a1merchantsolutions.triviio.com/public_html/vendor/laravel/framework/src/Illuminate/Routing/Router.php(821): Illuminate\\Pipeline\\Pipeline->then()
#30 /home/u533806958/domains/a1merchantsolutions.triviio.com/public_html/vendor/laravel/framework/src/Illuminate/Routing/Router.php(800): Illuminate\\Routing\\Router->runRouteWithinStack()
#31 /home/u533806958/domains/a1merchantsolutions.triviio.com/public_html/vendor/laravel/framework/src/Illuminate/Routing/Router.php(764): Illuminate\\Routing\\Router->runRoute()
#32 /home/u533806958/domains/a1merchantsolutions.triviio.com/public_html/vendor/laravel/framework/src/Illuminate/Routing/Router.php(753): Illuminate\\Routing\\Router->dispatchToRoute()
#33 /home/u533806958/domains/a1merchantsolutions.triviio.com/public_html/vendor/laravel/framework/src/Illuminate/Foundation/Http/Kernel.php(200): Illuminate\\Routing\\Router->dispatch()
#34 /home/u533806958/domains/a1merchantsolutions.triviio.com/public_html/vendor/laravel/framework/src/Illuminate/Pipeline/Pipeline.php(180): Illuminate\\Foundation\\Http\\Kernel->Illuminate\\Foundation\\Http\\{closure}()
#35 /home/u533806958/domains/a1merchantsolutions.triviio.com/public_html/vendor/laravel/framework/src/Illuminate/Foundation/Http/Middleware/TransformsRequest.php(21): Illuminate\\Pipeline\\Pipeline->Illuminate\\Pipeline\\{closure}()
#36 /home/u533806958/domains/a1merchantsolutions.triviio.com/public_html/vendor/laravel/framework/src/Illuminate/Foundation/Http/Middleware/ConvertEmptyStringsToNull.php(31): Illuminate\\Foundation\\Http\\Middleware\\TransformsRequest->handle()
#37 /home/u533806958/domains/a1merchantsolutions.triviio.com/public_html/vendor/laravel/framework/src/Illuminate/Pipeline/Pipeline.php(219): Illuminate\\Foundation\\Http\\Middleware\\ConvertEmptyStringsToNull->handle()
#38 /home/u533806958/domains/a1merchantsolutions.triviio.com/public_html/vendor/laravel/framework/src/Illuminate/Foundation/Http/Middleware/TransformsRequest.php(21): Illuminate\\Pipeline\\Pipeline->Illuminate\\Pipeline\\{closure}()
#39 /home/u533806958/domains/a1merchantsolutions.triviio.com/public_html/vendor/laravel/framework/src/Illuminate/Foundation/Http/Middleware/TrimStrings.php(51): Illuminate\\Foundation\\Http\\Middleware\\TransformsRequest->handle()
#40 /home/u533806958/domains/a1merchantsolutions.triviio.com/public_html/vendor/laravel/framework/src/Illuminate/Pipeline/Pipeline.php(219): Illuminate\\Foundation\\Http\\Middleware\\TrimStrings->handle()
#41 /home/u533806958/domains/a1merchantsolutions.triviio.com/public_html/vendor/laravel/framework/src/Illuminate/Http/Middleware/ValidatePostSize.php(27): Illuminate\\Pipeline\\Pipeline->Illuminate\\Pipeline\\{closure}()
#42 /home/u533806958/domains/a1merchantsolutions.triviio.com/public_html/vendor/laravel/framework/src/Illuminate/Pipeline/Pipeline.php(219): Illuminate\\Http\\Middleware\\ValidatePostSize->handle()
#43 /home/u533806958/domains/a1merchantsolutions.triviio.com/public_html/vendor/laravel/framework/src/Illuminate/Foundation/Http/Middleware/PreventRequestsDuringMaintenance.php(109): Illuminate\\Pipeline\\Pipeline->Illuminate\\Pipeline\\{closure}()
#44 /home/u533806958/domains/a1merchantsolutions.triviio.com/public_html/vendor/laravel/framework/src/Illuminate/Pipeline/Pipeline.php(219): Illuminate\\Foundation\\Http\\Middleware\\PreventRequestsDuringMaintenance->handle()
#45 /home/u533806958/domains/a1merchantsolutions.triviio.com/public_html/vendor/laravel/framework/src/Illuminate/Http/Middleware/HandleCors.php(61): Illuminate\\Pipeline\\Pipeline->Illuminate\\Pipeline\\{closure}()
#46 /home/u533806958/domains/a1merchantsolutions.triviio.com/public_html/vendor/laravel/framework/src/Illuminate/Pipeline/Pipeline.php(219): Illuminate\\Http\\Middleware\\HandleCors->handle()
#47 /home/u533806958/domains/a1merchantsolutions.triviio.com/public_html/vendor/laravel/framework/src/Illuminate/Http/Middleware/TrustProxies.php(58): Illuminate\\Pipeline\\Pipeline->Illuminate\\Pipeline\\{closure}()
#48 /home/u533806958/domains/a1merchantsolutions.triviio.com/public_html/vendor/laravel/framework/src/Illuminate/Pipeline/Pipeline.php(219): Illuminate\\Http\\Middleware\\TrustProxies->handle()
#49 /home/u533806958/domains/a1merchantsolutions.triviio.com/public_html/vendor/laravel/framework/src/Illuminate/Foundation/Http/Middleware/InvokeDeferredCallbacks.php(22): Illuminate\\Pipeline\\Pipeline->Illuminate\\Pipeline\\{closure}()
#50 /home/u533806958/domains/a1merchantsolutions.triviio.com/public_html/vendor/laravel/framework/src/Illuminate/Pipeline/Pipeline.php(219): Illuminate\\Foundation\\Http\\Middleware\\InvokeDeferredCallbacks->handle()
#51 /home/u533806958/domains/a1merchantsolutions.triviio.com/public_html/vendor/laravel/framework/src/Illuminate/Http/Middleware/ValidatePathEncoding.php(26): Illuminate\\Pipeline\\Pipeline->Illuminate\\Pipeline\\{closure}()
#52 /home/u533806958/domains/a1merchantsolutions.triviio.com/public_html/vendor/laravel/framework/src/Illuminate/Pipeline/Pipeline.php(219): Illuminate\\Http\\Middleware\\ValidatePathEncoding->handle()
#53 /home/u533806958/domains/a1merchantsolutions.triviio.com/public_html/vendor/laravel/framework/src/Illuminate/Pipeline/Pipeline.php(137): Illuminate\\Pipeline\\Pipeline->Illuminate\\Pipeline\\{closure}()
#54 /home/u533806958/domains/a1merchantsolutions.triviio.com/public_html/vendor/laravel/framework/src/Illuminate/Foundation/Http/Kernel.php(175): Illuminate\\Pipeline\\Pipeline->then()
#55 /home/u533806958/domains/a1merchantsolutions.triviio.com/public_html/vendor/laravel/framework/src/Illuminate/Foundation/Http/Kernel.php(144): Illuminate\\Foundation\\Http\\Kernel->sendRequestThroughRouter()
#56 /home/u533806958/domains/a1merchantsolutions.triviio.com/public_html/vendor/laravel/framework/src/Illuminate/Foundation/Application.php(1220): Illuminate\\Foundation\\Http\\Kernel->handle()
#57 /home/u533806958/domains/a1merchantsolutions.triviio.com/public_html/public/index.php(15): Illuminate\\Foundation\\Application->handleRequest()
#58 {main}
"} 
[2026-08-11 14:54:47] local.ERROR: Add fillable property [image] to allow mass assignment on [App\Models\Offer]. {"userId":1,"exception":"[object] (Illuminate\\Database\\Eloquent\\MassAssignmentException(code: 0): Add fillable property [image] to allow mass assignment on [App\\Models\\Offer]. at /home/u533806958/domains/a1merchantsolutions.triviio.com/public_html/vendor/laravel/framework/src/Illuminate/Database/Eloquent/Model.php:639)
[stacktrace]
#0 /home/u533806958/domains/a1merchantsolutions.triviio.com/public_html/vendor/laravel/framework/src/Illuminate/Database/Eloquent/Model.php(713): Illuminate\\Database\\Eloquent\\Model->fill()
#1 /home/u533806958/domains/a1merchantsolutions.triviio.com/public_html/vendor/laravel/framework/src/Illuminate/Database/Eloquent/Builder.php(1749): Illuminate\\Database\\Eloquent\\Model->newInstance()
#2 /home/u533806958/domains/a1merchantsolutions.triviio.com/public_html/vendor/laravel/framework/src/Illuminate/Database/Eloquent/Builder.php(1218): Illuminate\\Database\\Eloquent\\Builder->newModelInstance()
#3 /home/u533806958/domains/a1merchantsolutions.triviio.com/public_html/vendor/laravel/framework/src/Illuminate/Support/Traits/ForwardsCalls.php(23): Illuminate\\Database\\Eloquent\\Builder->create()
#4 /home/u533806958/domains/a1merchantsolutions.triviio.com/public_html/vendor/laravel/framework/src/Illuminate/Database/Eloquent/Model.php(2544): Illuminate\\Database\\Eloquent\\Model->forwardCallTo()
#5 /home/u533806958/domains/a1merchantsolutions.triviio.com/public_html/app/Repositories/OfferRepository.php(73): Illuminate\\Database\\Eloquent\\Model->__call()
#6 /home/u533806958/domains/a1merchantsolutions.triviio.com/public_html/app/Services/OfferService.php(46): App\\Repositories\\OfferRepository->create()
#7 /home/u533806958/domains/a1merchantsolutions.triviio.com/public_html/app/Http/Controllers/Admin/OfferController.php(46): App\\Services\\OfferService->create()
#8 /home/u533806958/domains/a1merchantsolutions.triviio.com/public_html/vendor/laravel/framework/src/Illuminate/Routing/ControllerDispatcher.php(46): App\\Http\\Controllers\\Admin\\OfferController->store()
#9 /home/u533806958/domains/a1merchantsolutions.triviio.com/public_html/vendor/laravel/framework/src/Illuminate/Routing/Route.php(265): Illuminate\\Routing\\ControllerDispatcher->dispatch()
#10 /home/u533806958/domains/a1merchantsolutions.triviio.com/public_html/vendor/laravel/framework/src/Illuminate/Routing/Route.php(211): Illuminate\\Routing\\Route->runController()
#11 /home/u533806958/domains/a1merchantsolutions.triviio.com/public_html/vendor/laravel/framework/src/Illuminate/Routing/Router.php(822): Illuminate\\Routing\\Route->run()
#12 /home/u533806958/domains/a1merchantsolutions.triviio.com/public_html/vendor/laravel/framework/src/Illuminate/Pipeline/Pipeline.php(180): Illuminate\\Routing\\Router->Illuminate\\Routing\\{closure}()
#13 /home/u533806958/domains/a1merchantsolutions.triviio.com/public_html/vendor/laravel/framework/src/Illuminate/Routing/Middleware/SubstituteBindings.php(50): Illuminate\\Pipeline\\Pipeline->Illuminate\\Pipeline\\{closure}()
#14 /home/u533806958/domains/a1merchantsolutions.triviio.com/public_html/vendor/laravel/framework/src/Illuminate/Pipeline/Pipeline.php(219): Illuminate\\Routing\\Middleware\\SubstituteBindings->handle()
#15 /home/u533806958/domains/a1merchantsolutions.triviio.com/public_html/vendor/laravel/framework/src/Illuminate/Auth/Middleware/Authenticate.php(63): Illuminate\\Pipeline\\Pipeline->Illuminate\\Pipeline\\{closure}()
#16 /home/u533806958/domains/a1merchantsolutions.triviio.com/public_html/vendor/laravel/framework/src/Illuminate/Pipeline/Pipeline.php(219): Illuminate\\Auth\\Middleware\\Authenticate->handle()
#17 /home/u533806958/domains/a1merchantsolutions.triviio.com/public_html/vendor/laravel/framework/src/Illuminate/Foundation/Http/Middleware/VerifyCsrfToken.php(87): Illuminate\\Pipeline\\Pipeline->Illuminate\\Pipeline\\{closure}()
#18 /home/u533806958/domains/a1merchantsolutions.triviio.com/public_html/vendor/laravel/framework/src/Illuminate/Pipeline/Pipeline.php(219): Illuminate\\Foundation\\Http\\Middleware\\VerifyCsrfToken->handle()
#19 /home/u533806958/domains/a1merchantsolutions.triviio.com/public_html/vendor/laravel/framework/src/Illuminate/View/Middleware/ShareErrorsFromSession.php(48): Illuminate\\Pipeline\\Pipeline->Illuminate\\Pipeline\\{closure}()
#20 /home/u533806958/domains/a1merchantsolutions.triviio.com/public_html/vendor/laravel/framework/src/Illuminate/Pipeline/Pipeline.php(219): Illuminate\\View\\Middleware\\ShareErrorsFromSession->handle()
#21 /home/u533806958/domains/a1merchantsolutions.triviio.com/public_html/vendor/laravel/framework/src/Illuminate/Session/Middleware/StartSession.php(120): Illuminate\\Pipeline\\Pipeline->Illuminate\\Pipeline\\{closure}()
#22 /home/u533806958/domains/a1merchantsolutions.triviio.com/public_html/vendor/laravel/framework/src/Illuminate/Session/Middleware/StartSession.php(63): Illuminate\\Session\\Middleware\\StartSession->handleStatefulRequest()
#23 /home/u533806958/domains/a1merchantsolutions.triviio.com/public_html/vendor/laravel/framework/src/Illuminate/Pipeline/Pipeline.php(219): Illuminate\\Session\\Middleware\\StartSession->handle()
#24 /home/u533806958/domains/a1merchantsolutions.triviio.com/public_html/vendor/laravel/framework/src/Illuminate/Cookie/Middleware/AddQueuedCookiesToResponse.php(36): Illuminate\\Pipeline\\Pipeline->Illuminate\\Pipeline\\{closure}()
#25 /home/u533806958/domains/a1merchantsolutions.triviio.com/public_html/vendor/laravel/framework/src/Illuminate/Pipeline/Pipeline.php(219): Illuminate\\Cookie\\Middleware\\AddQueuedCookiesToResponse->handle()
#26 /home/u533806958/domains/a1merchantsolutions.triviio.com/public_html/vendor/laravel/framework/src/Illuminate/Cookie/Middleware/EncryptCookies.php(74): Illuminate\\Pipeline\\Pipeline->Illuminate\\Pipeline\\{closure}()
#27 /home/u533806958/domains/a1merchantsolutions.triviio.com/public_html/vendor/laravel/framework/src/Illuminate/Pipeline/Pipeline.php(219): Illuminate\\Cookie\\Middleware\\EncryptCookies->handle()
#28 /home/u533806958/domains/a1merchantsolutions.triviio.com/public_html/vendor/laravel/framework/src/Illuminate/Pipeline/Pipeline.php(137): Illuminate\\Pipeline\\Pipeline->Illuminate\\Pipeline\\{closure}()
#29 /home/u533806958/domains/a1merchantsolutions.triviio.com/public_html/vendor/laravel/framework/src/Illuminate/Routing/Router.php(821): Illuminate\\Pipeline\\Pipeline->then()
#30 /home/u533806958/domains/a1merchantsolutions.triviio.com/public_html/vendor/laravel/framework/src/Illuminate/Routing/Router.php(800): Illuminate\\Routing\\Router->runRouteWithinStack()
#31 /home/u533806958/domains/a1merchantsolutions.triviio.com/public_html/vendor/laravel/framework/src/Illuminate/Routing/Router.php(764): Illuminate\\Routing\\Router->runRoute()
#32 /home/u533806958/domains/a1merchantsolutions.triviio.com/public_html/vendor/laravel/framework/src/Illuminate/Routing/Router.php(753): Illuminate\\Routing\\Router->dispatchToRoute()
#33 /home/u533806958/domains/a1merchantsolutions.triviio.com/public_html/vendor/laravel/framework/src/Illuminate/Foundation/Http/Kernel.php(200): Illuminate\\Routing\\Router->dispatch()
#34 /home/u533806958/domains/a1merchantsolutions.triviio.com/public_html/vendor/laravel/framework/src/Illuminate/Pipeline/Pipeline.php(180): Illuminate\\Foundation\\Http\\Kernel->Illuminate\\Foundation\\Http\\{closure}()
#35 /home/u533806958/domains/a1merchantsolutions.triviio.com/public_html/vendor/laravel/framework/src/Illuminate/Foundation/Http/Middleware/TransformsRequest.php(21): Illuminate\\Pipeline\\Pipeline->Illuminate\\Pipeline\\{closure}()
#36 /home/u533806958/domains/a1merchantsolutions.triviio.com/public_html/vendor/laravel/framework/src/Illuminate/Foundation/Http/Middleware/ConvertEmptyStringsToNull.php(31): Illuminate\\Foundation\\Http\\Middleware\\TransformsRequest->handle()
#37 /home/u533806958/domains/a1merchantsolutions.triviio.com/public_html/vendor/laravel/framework/src/Illuminate/Pipeline/Pipeline.php(219): Illuminate\\Foundation\\Http\\Middleware\\ConvertEmptyStringsToNull->handle()
#38 /home/u533806958/domains/a1merchantsolutions.triviio.com/public_html/vendor/laravel/framework/src/Illuminate/Foundation/Http/Middleware/TransformsRequest.php(21): Illuminate\\Pipeline\\Pipeline->Illuminate\\Pipeline\\{closure}()
#39 /home/u533806958/domains/a1merchantsolutions.triviio.com/public_html/vendor/laravel/framework/src/Illuminate/Foundation/Http/Middleware/TrimStrings.php(51): Illuminate\\Foundation\\Http\\Middleware\\TransformsRequest->handle()
#40 /home/u533806958/domains/a1merchantsolutions.triviio.com/public_html/vendor/laravel/framework/src/Illuminate/Pipeline/Pipeline.php(219): Illuminate\\Foundation\\Http\\Middleware\\TrimStrings->handle()
#41 /home/u533806958/domains/a1merchantsolutions.triviio.com/public_html/vendor/laravel/framework/src/Illuminate/Http/Middleware/ValidatePostSize.php(27): Illuminate\\Pipeline\\Pipeline->Illuminate\\Pipeline\\{closure}()
#42 /home/u533806958/domains/a1merchantsolutions.triviio.com/public_html/vendor/laravel/framework/src/Illuminate/Pipeline/Pipeline.php(219): Illuminate\\Http\\Middleware\\ValidatePostSize->handle()
#43 /home/u533806958/domains/a1merchantsolutions.triviio.com/public_html/vendor/laravel/framework/src/Illuminate/Foundation/Http/Middleware/PreventRequestsDuringMaintenance.php(109): Illuminate\\Pipeline\\Pipeline->Illuminate\\Pipeline\\{closure}()
#44 /home/u533806958/domains/a1merchantsolutions.triviio.com/public_html/vendor/laravel/framework/src/Illuminate/Pipeline/Pipeline.php(219): Illuminate\\Foundation\\Http\\Middleware\\PreventRequestsDuringMaintenance->handle()
#45 /home/u533806958/domains/a1merchantsolutions.triviio.com/public_html/vendor/laravel/framework/src/Illuminate/Http/Middleware/HandleCors.php(61): Illuminate\\Pipeline\\Pipeline->Illuminate\\Pipeline\\{closure}()
#46 /home/u533806958/domains/a1merchantsolutions.triviio.com/public_html/vendor/laravel/framework/src/Illuminate/Pipeline/Pipeline.php(219): Illuminate\\Http\\Middleware\\HandleCors->handle()
#47 /home/u533806958/domains/a1merchantsolutions.triviio.com/public_html/vendor/laravel/framework/src/Illuminate/Http/Middleware/TrustProxies.php(58): Illuminate\\Pipeline\\Pipeline->Illuminate\\Pipeline\\{closure}()
#48 /home/u533806958/domains/a1merchantsolutions.triviio.com/public_html/vendor/laravel/framework/src/Illuminate/Pipeline/Pipeline.php(219): Illuminate\\Http\\Middleware\\TrustProxies->handle()
#49 /home/u533806958/domains/a1merchantsolutions.triviio.com/public_html/vendor/laravel/framework/src/Illuminate/Foundation/Http/Middleware/InvokeDeferredCallbacks.php(22): Illuminate\\Pipeline\\Pipeline->Illuminate\\Pipeline\\{closure}()
#50 /home/u533806958/domains/a1merchantsolutions.triviio.com/public_html/vendor/laravel/framework/src/Illuminate/Pipeline/Pipeline.php(219): Illuminate\\Foundation\\Http\\Middleware\\InvokeDeferredCallbacks->handle()
#51 /home/u533806958/domains/a1merchantsolutions.triviio.com/public_html/vendor/laravel/framework/src/Illuminate/Http/Middleware/ValidatePathEncoding.php(26): Illuminate\\Pipeline\\Pipeline->Illuminate\\Pipeline\\{closure}()
#52 /home/u533806958/domains/a1merchantsolutions.triviio.com/public_html/vendor/laravel/framework/src/Illuminate/Pipeline/Pipeline.php(219): Illuminate\\Http\\Middleware\\ValidatePathEncoding->handle()
#53 /home/u533806958/domains/a1merchantsolutions.triviio.com/public_html/vendor/laravel/framework/src/Illuminate/Pipeline/Pipeline.php(137): Illuminate\\Pipeline\\Pipeline->Illuminate\\Pipeline\\{closure}()
#54 /home/u533806958/domains/a1merchantsolutions.triviio.com/public_html/vendor/laravel/framework/src/Illuminate/Foundation/Http/Kernel.php(175): Illuminate\\Pipeline\\Pipeline->then()
#55 /home/u533806958/domains/a1merchantsolutions.triviio.com/public_html/vendor/laravel/framework/src/Illuminate/Foundation/Http/Kernel.php(144): Illuminate\\Foundation\\Http\\Kernel->sendRequestThroughRouter()
#56 /home/u533806958/domains/a1merchantsolutions.triviio.com/public_html/vendor/laravel/framework/src/Illuminate/Foundation/Application.php(1220): Illuminate\\Foundation\\Http\\Kernel->handle()
#57 /home/u533806958/domains/a1merchantsolutions.triviio.com/public_html/public/index.php(15): Illuminate\\Foundation\\Application->handleRequest()
#58 {main}
"} 
[2026-08-11 19:03:30] local.ERROR: rename(F:\xampp\htdocs\adcoupon-platform\storage\framework\views\2928B04.tmp,F:\xampp\htdocs\adcoupon-platform\storage\framework\views/292e3680c2f75fd20d055176e052b061.php): Access is denied (code: 5) (View: F:\xampp\htdocs\adcoupon-platform\vendor\laravel\framework\src\Illuminate\Foundation\Exceptions\views\minimal.blade.php) {"exception":"[object] (Illuminate\\View\\ViewException(code: 0): rename(F:\\xampp\\htdocs\\adcoupon-platform\\storage\\framework\\views\\2928B04.tmp,F:\\xampp\\htdocs\\adcoupon-platform\\storage\\framework\\views/292e3680c2f75fd20d055176e052b061.php): Access is denied (code: 5) (View: F:\\xampp\\htdocs\\adcoupon-platform\\vendor\\laravel\\framework\\src\\Illuminate\\Foundation\\Exceptions\\views\\minimal.blade.php) at F:/xampp/htdocs/adcoupon-platform/vendor/laravel/framework/src/Illuminate/Filesystem/Filesystem.php:233)
[stacktrace]
#0 F:/xampp/htdocs/adcoupon-platform/vendor/laravel/framework/src/Illuminate/View/Engines/PhpEngine.php(59): Illuminate/View/Engines/CompilerEngine->handleViewException(Object(ErrorException), 1)
#1 F:/xampp/htdocs/adcoupon-platform/vendor/laravel/framework/src/Illuminate/View/Engines/CompilerEngine.php(76): Illuminate/View/Engines/PhpEngine->evaluatePath('F://xampp//htdocs...', Array)
#2 F:/xampp/htdocs/adcoupon-platform/vendor/laravel/framework/src/Illuminate/View/View.php(208): Illuminate/View/Engines/CompilerEngine->get('F://xampp//htdocs...', Array)
#3 F:/xampp/htdocs/adcoupon-platform/vendor/laravel/framework/src/Illuminate/View/View.php(191): Illuminate/View/View->getContents()
#4 F:/xampp/htdocs/adcoupon-platform/vendor/laravel/framework/src/Illuminate/View/View.php(160): Illuminate/View/View->renderContents()
#5 F:/xampp/htdocs/adcoupon-platform/vendor/laravel/framework/src/Illuminate/Http/Response.php(78): Illuminate/View/View->render()
#6 F:/xampp/htdocs/adcoupon-platform/vendor/laravel/framework/src/Illuminate/Http/Response.php(34): Illuminate/Http/Response->setContent(Object(Illuminate/View/View))
#7 F:/xampp/htdocs/adcoupon-platform/vendor/laravel/framework/src/Illuminate/Routing/ResponseFactory.php(61): Illuminate/Http/Response->__construct(Object(Illuminate/View/View), 404, Array)
#8 F:/xampp/htdocs/adcoupon-platform/vendor/laravel/framework/src/Illuminate/Routing/ResponseFactory.php(91): Illuminate/Routing/ResponseFactory->make(Object(Illuminate/View/View), 404, Array)
#9 F:/xampp/htdocs/adcoupon-platform/vendor/laravel/framework/src/Illuminate/Foundation/Exceptions/Handler.php(926): Illuminate/Routing/ResponseFactory->view('errors::404', Array, 404, Array)
#10 F:/xampp/htdocs/adcoupon-platform/vendor/laravel/framework/src/Illuminate/Foundation/Exceptions/Handler.php(847): Illuminate/Foundation/Exceptions/Handler->renderHttpException(Object(Symfony/Component/HttpKernel/Exception/NotFoundHttpException))
#11 F:/xampp/htdocs/adcoupon-platform/vendor/laravel/framework/src/Illuminate/Foundation/Exceptions/Handler.php(738): Illuminate/Foundation/Exceptions/Handler->prepareResponse(Object(Illuminate/Http/Request), Object(Symfony/Component/HttpKernel/Exception/NotFoundHttpException))
#12 F:/xampp/htdocs/adcoupon-platform/vendor/laravel/framework/src/Illuminate/Foundation/Exceptions/Handler.php(626): Illuminate/Foundation/Exceptions/Handler->renderExceptionResponse(Object(Illuminate/Http/Request), Object(Symfony/Component/HttpKernel/Exception/NotFoundHttpException))
#13 F:/xampp/htdocs/adcoupon-platform/vendor/laravel/framework/src/Illuminate/Routing/Pipeline.php(51): Illuminate/Foundation/Exceptions/Handler->render(Object(Illuminate/Http/Request), Object(Symfony/Component/HttpKernel/Exception/NotFoundHttpException))
#14 F:/xampp/htdocs/adcoupon-platform/vendor/laravel/framework/src/Illuminate/Pipeline/Pipeline.php(182): Illuminate/Routing/Pipeline->handleException(Object(Illuminate/Http/Request), Object(Symfony/Component/HttpKernel/Exception/NotFoundHttpException))
#15 F:/xampp/htdocs/adcoupon-platform/vendor/laravel/framework/src/Illuminate/Foundation/Http/Middleware/TransformsRequest.php(21): Illuminate/Pipeline/Pipeline->Illuminate/Pipeline/{closure}(Object(Illuminate/Http/Request))
#16 F:/xampp/htdocs/adcoupon-platform/vendor/laravel/framework/src/Illuminate/Foundation/Http/Middleware/ConvertEmptyStringsToNull.php(31): Illuminate/Foundation/Http/Middleware/TransformsRequest->handle(Object(Illuminate/Http/Request), Object(Closure))
#17 F:/xampp/htdocs/adcoupon-platform/vendor/laravel/framework/src/Illuminate/Pipeline/Pipeline.php(219): Illuminate/Foundation/Http/Middleware/ConvertEmptyStringsToNull->handle(Object(Illuminate/Http/Request), Object(Closure))
#18 F:/xampp/htdocs/adcoupon-platform/vendor/laravel/framework/src/Illuminate/Foundation/Http/Middleware/TransformsRequest.php(21): Illuminate/Pipeline/Pipeline->Illuminate/Pipeline/{closure}(Object(Illuminate/Http/Request))
#19 F:/xampp/htdocs/adcoupon-platform/vendor/laravel/framework/src/Illuminate/Foundation/Http/Middleware/TrimStrings.php(51): Illuminate/Foundation/Http/Middleware/TransformsRequest->handle(Object(Illuminate/Http/Request), Object(Closure))
#20 F:/xampp/htdocs/adcoupon-platform/vendor/laravel/framework/src/Illuminate/Pipeline/Pipeline.php(219): Illuminate/Foundation/Http/Middleware/TrimStrings->handle(Object(Illuminate/Http/Request), Object(Closure))
#21 F:/xampp/htdocs/adcoupon-platform/vendor/laravel/framework/src/Illuminate/Http/Middleware/ValidatePostSize.php(27): Illuminate/Pipeline/Pipeline->Illuminate/Pipeline/{closure}(Object(Illuminate/Http/Request))
#22 F:/xampp/htdocs/adcoupon-platform/vendor/laravel/framework/src/Illuminate/Pipeline/Pipeline.php(219): Illuminate/Http/Middleware/ValidatePostSize->handle(Object(Illuminate/Http/Request), Object(Closure))
#23 F:/xampp/htdocs/adcoupon-platform/vendor/laravel/framework/src/Illuminate/Foundation/Http/Middleware/PreventRequestsDuringMaintenance.php(109): Illuminate/Pipeline/Pipeline->Illuminate/Pipeline/{closure}(Object(Illuminate/Http/Request))
#24 F:/xampp/htdocs/adcoupon-platform/vendor/laravel/framework/src/Illuminate/Pipeline/Pipeline.php(219): Illuminate/Foundation/Http/Middleware/PreventRequestsDuringMaintenance->handle(Object(Illuminate/Http/Request), Object(Closure))
#25 F:/xampp/htdocs/adcoupon-platform/vendor/laravel/framework/src/Illuminate/Http/Middleware/HandleCors.php(61): Illuminate/Pipeline/Pipeline->Illuminate/Pipeline/{closure}(Object(Illuminate/Http/Request))
#26 F:/xampp/htdocs/adcoupon-platform/vendor/laravel/framework/src/Illuminate/Pipeline/Pipeline.php(219): Illuminate/Http/Middleware/HandleCors->handle(Object(Illuminate/Http/Request), Object(Closure))
#27 F:/xampp/htdocs/adcoupon-platform/vendor/laravel/framework/src/Illuminate/Http/Middleware/TrustProxies.php(58): Illuminate/Pipeline/Pipeline->Illuminate/Pipeline/{closure}(Object(Illuminate/Http/Request))
#28 F:/xampp/htdocs/adcoupon-platform/vendor/laravel/framework/src/Illuminate/Pipeline/Pipeline.php(219): Illuminate/Http/Middleware/TrustProxies->handle(Object(Illuminate/Http/Request), Object(Closure))
#29 F:/xampp/htdocs/adcoupon-platform/vendor/laravel/framework/src/Illuminate/Foundation/Http/Middleware/InvokeDeferredCallbacks.php(22): Illuminate/Pipeline/Pipeline->Illuminate/Pipeline/{closure}(Object(Illuminate/Http/Request))
#30 F:/xampp/htdocs/adcoupon-platform/vendor/laravel/framework/src/Illuminate/Pipeline/Pipeline.php(219): Illuminate/Foundation/Http/Middleware/InvokeDeferredCallbacks->handle(Object(Illuminate/Http/Request), Object(Closure))
#31 F:/xampp/htdocs/adcoupon-platform/vendor/laravel/framework/src/Illuminate/Http/Middleware/ValidatePathEncoding.php(26): Illuminate/Pipeline/Pipeline->Illuminate/Pipeline/{closure}(Object(Illuminate/Http/Request))
#32 F:/xampp/htdocs/adcoupon-platform/vendor/laravel/framework/src/Illuminate/Pipeline/Pipeline.php(219): Illuminate/Http/Middleware/ValidatePathEncoding->handle(Object(Illuminate/Http/Request), Object(Closure))
#33 F:/xampp/htdocs/adcoupon-platform/vendor/laravel/framework/src/Illuminate/Pipeline/Pipeline.php(137): Illuminate/Pipeline/Pipeline->Illuminate/Pipeline/{closure}(Object(Illuminate/Http/Request))
#34 F:/xampp/htdocs/adcoupon-platform/vendor/laravel/framework/src/Illuminate/Foundation/Http/Kernel.php(175): Illuminate/Pipeline/Pipeline->then(Object(Closure))
#35 F:/xampp/htdocs/adcoupon-platform/vendor/laravel/framework/src/Illuminate/Foundation/Http/Kernel.php(144): Illuminate/Foundation/Http/Kernel->sendRequestThroughRouter(Object(Illuminate/Http/Request))
#36 F:/xampp/htdocs/adcoupon-platform/vendor/laravel/framework/src/Illuminate/Foundation/Application.php(1220): Illuminate/Foundation/Http/Kernel->handle(Object(Illuminate/Http/Request))
#37 F:/xampp/htdocs/adcoupon-platform/public/index.php(15): Illuminate/Foundation/Application->handleRequest(Object(Illuminate/Http/Request))
#38 {main}

[previous exception] [object] (ErrorException(code: 0): rename(F:\\xampp\\htdocs\\adcoupon-platform\\storage\\framework\\views\\2928B04.tmp,F:\\xampp\\htdocs\\adcoupon-platform\\storage\\framework\\views/292e3680c2f75fd20d055176e052b061.php): Access is denied (code: 5) at F:/xampp/htdocs/adcoupon-platform/vendor/laravel/framework/src/Illuminate/Filesystem/Filesystem.php:233)
[stacktrace]
#0 F:/xampp/htdocs/adcoupon-platform/vendor/laravel/framework/src/Illuminate/Foundation/Bootstrap/HandleExceptions.php(262): Illuminate/Foundation/Bootstrap/HandleExceptions->handleError(2, 'rename(F://xampp...', 'F://xampp//htdocs...', 233)
#1 [internal function]: Illuminate/Foundation/Bootstrap/HandleExceptions->Illuminate/Foundation/Bootstrap/{closure}(2, 'rename(F://xampp...', 'F://xampp//htdocs...', 233)
#2 F:/xampp/htdocs/adcoupon-platform/vendor/laravel/framework/src/Illuminate/Filesystem/Filesystem.php(233): rename('F://xampp//htdocs...', 'F://xampp//htdocs...')
#3 F:/xampp/htdocs/adcoupon-platform/vendor/laravel/framework/src/Illuminate/View/Compilers/BladeCompiler.php(199): Illuminate/Filesystem/Filesystem->replace('F://xampp//htdocs...', '<!DOCTYPE html>...')
#4 F:/xampp/htdocs/adcoupon-platform/vendor/laravel/framework/src/Illuminate/View/Engines/CompilerEngine.php(68): Illuminate/View/Compilers/BladeCompiler->compile('F://xampp//htdocs...')
#5 F:/xampp/htdocs/adcoupon-platform/vendor/laravel/framework/src/Illuminate/View/View.php(208): Illuminate/View/Engines/CompilerEngine->get('F://xampp//htdocs...', Array)
#6 F:/xampp/htdocs/adcoupon-platform/vendor/laravel/framework/src/Illuminate/View/View.php(191): Illuminate/View/View->getContents()
#7 F:/xampp/htdocs/adcoupon-platform/vendor/laravel/framework/src/Illuminate/View/View.php(160): Illuminate/View/View->renderContents()
#8 F:/xampp/htdocs/adcoupon-platform/storage/framework/views/3f8c2ffcf82051c7e31278e325cae07c.php(5): Illuminate/View/View->render()
#9 F:/xampp/htdocs/adcoupon-platform/vendor/laravel/framework/src/Illuminate/Filesystem/Filesystem.php(123): require('F://xampp//htdocs...')
#10 F:/xampp/htdocs/adcoupon-platform/vendor/laravel/framework/src/Illuminate/Filesystem/Filesystem.php(124): Illuminate/Filesystem/Filesystem::Illuminate/Filesystem/{closure}()
#11 F:/xampp/htdocs/adcoupon-platform/vendor/laravel/framework/src/Illuminate/View/Engines/PhpEngine.php(57): Illuminate/Filesystem/Filesystem->getRequire('F://xampp//htdocs...', Array)
#12 F:/xampp/htdocs/adcoupon-platform/vendor/laravel/framework/src/Illuminate/View/Engines/CompilerEngine.php(76): Illuminate/View/Engines/PhpEngine->evaluatePath('F://xampp//htdocs...', Array)
#13 F:/xampp/htdocs/adcoupon-platform/vendor/laravel/framework/src/Illuminate/View/View.php(208): Illuminate/View/Engines/CompilerEngine->get('F://xampp//htdocs...', Array)
#14 F:/xampp/htdocs/adcoupon-platform/vendor/laravel/framework/src/Illuminate/View/View.php(191): Illuminate/View/View->getContents()
#15 F:/xampp/htdocs/adcoupon-platform/vendor/laravel/framework/src/Illuminate/View/View.php(160): Illuminate/View/View->renderContents()
#16 F:/xampp/htdocs/adcoupon-platform/vendor/laravel/framework/src/Illuminate/Http/Response.php(78): Illuminate/View/View->render()
#17 F:/xampp/htdocs/adcoupon-platform/vendor/laravel/framework/src/Illuminate/Http/Response.php(34): Illuminate/Http/Response->setContent(Object(Illuminate/View/View))
#18 F:/xampp/htdocs/adcoupon-platform/vendor/laravel/framework/src/Illuminate/Routing/ResponseFactory.php(61): Illuminate/Http/Response->__construct(Object(Illuminate/View/View), 404, Array)
#19 F:/xampp/htdocs/adcoupon-platform/vendor/laravel/framework/src/Illuminate/Routing/ResponseFactory.php(91): Illuminate/Routing/ResponseFactory->make(Object(Illuminate/View/View), 404, Array)
#20 F:/xampp/htdocs/adcoupon-platform/vendor/laravel/framework/src/Illuminate/Foundation/Exceptions/Handler.php(926): Illuminate/Routing/ResponseFactory->view('errors::404', Array, 404, Array)
#21 F:/xampp/htdocs/adcoupon-platform/vendor/laravel/framework/src/Illuminate/Foundation/Exceptions/Handler.php(847): Illuminate/Foundation/Exceptions/Handler->renderHttpException(Object(Symfony/Component/HttpKernel/Exception/NotFoundHttpException))
#22 F:/xampp/htdocs/adcoupon-platform/vendor/laravel/framework/src/Illuminate/Foundation/Exceptions/Handler.php(738): Illuminate/Foundation/Exceptions/Handler->prepareResponse(Object(Illuminate/Http/Request), Object(Symfony/Component/HttpKernel/Exception/NotFoundHttpException))
#23 F:/xampp/htdocs/adcoupon-platform/vendor/laravel/framework/src/Illuminate/Foundation/Exceptions/Handler.php(626): Illuminate/Foundation/Exceptions/Handler->renderExceptionResponse(Object(Illuminate/Http/Request), Object(Symfony/Component/HttpKernel/Exception/NotFoundHttpException))
#24 F:/xampp/htdocs/adcoupon-platform/vendor/laravel/framework/src/Illuminate/Routing/Pipeline.php(51): Illuminate/Foundation/Exceptions/Handler->render(Object(Illuminate/Http/Request), Object(Symfony/Component/HttpKernel/Exception/NotFoundHttpException))
#25 F:/xampp/htdocs/adcoupon-platform/vendor/laravel/framework/src/Illuminate/Pipeline/Pipeline.php(182): Illuminate/Routing/Pipeline->handleException(Object(Illuminate/Http/Request), Object(Symfony/Component/HttpKernel/Exception/NotFoundHttpException))
#26 F:/xampp/htdocs/adcoupon-platform/vendor/laravel/framework/src/Illuminate/Foundation/Http/Middleware/TransformsRequest.php(21): Illuminate/Pipeline/Pipeline->Illuminate/Pipeline/{closure}(Object(Illuminate/Http/Request))
#27 F:/xampp/htdocs/adcoupon-platform/vendor/laravel/framework/src/Illuminate/Foundation/Http/Middleware/ConvertEmptyStringsToNull.php(31): Illuminate/Foundation/Http/Middleware/TransformsRequest->handle(Object(Illuminate/Http/Request), Object(Closure))
#28 F:/xampp/htdocs/adcoupon-platform/vendor/laravel/framework/src/Illuminate/Pipeline/Pipeline.php(219): Illuminate/Foundation/Http/Middleware/ConvertEmptyStringsToNull->handle(Object(Illuminate/Http/Request), Object(Closure))
#29 F:/xampp/htdocs/adcoupon-platform/vendor/laravel/framework/src/Illuminate/Foundation/Http/Middleware/TransformsRequest.php(21): Illuminate/Pipeline/Pipeline->Illuminate/Pipeline/{closure}(Object(Illuminate/Http/Request))
#30 F:/xampp/htdocs/adcoupon-platform/vendor/laravel/framework/src/Illuminate/Foundation/Http/Middleware/TrimStrings.php(51): Illuminate/Foundation/Http/Middleware/TransformsRequest->handle(Object(Illuminate/Http/Request), Object(Closure))
#31 F:/xampp/htdocs/adcoupon-platform/vendor/laravel/framework/src/Illuminate/Pipeline/Pipeline.php(219): Illuminate/Foundation/Http/Middleware/TrimStrings->handle(Object(Illuminate/Http/Request), Object(Closure))
#32 F:/xampp/htdocs/adcoupon-platform/vendor/laravel/framework/src/Illuminate/Http/Middleware/ValidatePostSize.php(27): Illuminate/Pipeline/Pipeline->Illuminate/Pipeline/{closure}(Object(Illuminate/Http/Request))
#33 F:/xampp/htdocs/adcoupon-platform/vendor/laravel/framework/src/Illuminate/Pipeline/Pipeline.php(219): Illuminate/Http/Middleware/ValidatePostSize->handle(Object(Illuminate/Http/Request), Object(Closure))
#34 F:/xampp/htdocs/adcoupon-platform/vendor/laravel/framework/src/Illuminate/Foundation/Http/Middleware/PreventRequestsDuringMaintenance.php(109): Illuminate/Pipeline/Pipeline->Illuminate/Pipeline/{closure}(Object(Illuminate/Http/Request))
#35 F:/xampp/htdocs/adcoupon-platform/vendor/laravel/framework/src/Illuminate/Pipeline/Pipeline.php(219): Illuminate/Foundation/Http/Middleware/PreventRequestsDuringMaintenance->handle(Object(Illuminate/Http/Request), Object(Closure))
#36 F:/xampp/htdocs/adcoupon-platform/vendor/laravel/framework/src/Illuminate/Http/Middleware/HandleCors.php(61): Illuminate/Pipeline/Pipeline->Illuminate/Pipeline/{closure}(Object(Illuminate/Http/Request))
#37 F:/xampp/htdocs/adcoupon-platform/vendor/laravel/framework/src/Illuminate/Pipeline/Pipeline.php(219): Illuminate/Http/Middleware/HandleCors->handle(Object(Illuminate/Http/Request), Object(Closure))
#38 F:/xampp/htdocs/adcoupon-platform/vendor/laravel/framework/src/Illuminate/Http/Middleware/TrustProxies.php(58): Illuminate/Pipeline/Pipeline->Illuminate/Pipeline/{closure}(Object(Illuminate/Http/Request))
#39 F:/xampp/htdocs/adcoupon-platform/vendor/laravel/framework/src/Illuminate/Pipeline/Pipeline.php(219): Illuminate/Http/Middleware/TrustProxies->handle(Object(Illuminate/Http/Request), Object(Closure))
#40 F:/xampp/htdocs/adcoupon-platform/vendor/laravel/framework/src/Illuminate/Foundation/Http/Middleware/InvokeDeferredCallbacks.php(22): Illuminate/Pipeline/Pipeline->Illuminate/Pipeline/{closure}(Object(Illuminate/Http/Request))
#41 F:/xampp/htdocs/adcoupon-platform/vendor/laravel/framework/src/Illuminate/Pipeline/Pipeline.php(219): Illuminate/Foundation/Http/Middleware/InvokeDeferredCallbacks->handle(Object(Illuminate/Http/Request), Object(Closure))
#42 F:/xampp/htdocs/adcoupon-platform/vendor/laravel/framework/src/Illuminate/Http/Middleware/ValidatePathEncoding.php(26): Illuminate/Pipeline/Pipeline->Illuminate/Pipeline/{closure}(Object(Illuminate/Http/Request))
#43 F:/xampp/htdocs/adcoupon-platform/vendor/laravel/framework/src/Illuminate/Pipeline/Pipeline.php(219): Illuminate/Http/Middleware/ValidatePathEncoding->handle(Object(Illuminate/Http/Request), Object(Closure))
#44 F:/xampp/htdocs/adcoupon-platform/vendor/laravel/framework/src/Illuminate/Pipeline/Pipeline.php(137): Illuminate/Pipeline/Pipeline->Illuminate/Pipeline/{closure}(Object(Illuminate/Http/Request))
#45 F:/xampp/htdocs/adcoupon-platform/vendor/laravel/framework/src/Illuminate/Foundation/Http/Kernel.php(175): Illuminate/Pipeline/Pipeline->then(Object(Closure))
#46 F:/xampp/htdocs/adcoupon-platform/vendor/laravel/framework/src/Illuminate/Foundation/Http/Kernel.php(144): Illuminate/Foundation/Http/Kernel->sendRequestThroughRouter(Object(Illuminate/Http/Request))
#47 F:/xampp/htdocs/adcoupon-platform/vendor/laravel/framework/src/Illuminate/Foundation/Application.php(1220): Illuminate/Foundation/Http/Kernel->handle(Object(Illuminate/Http/Request))
#48 F:/xampp/htdocs/adcoupon-platform/public/index.php(15): Illuminate/Foundation/Application->handleRequest(Object(Illuminate/Http/Request))
#49 {main}
"} 
[2026-08-12 05:47:44] local.ERROR: Add fillable property [image] to allow mass assignment on [App\Models\Offer]. {"userId":1,"exception":"[object] (Illuminate\\Database\\Eloquent\\MassAssignmentException(code: 0): Add fillable property [image] to allow mass assignment on [App\\Models\\Offer]. at F:/xampp/htdocs/adcoupon-platform/vendor/laravel/framework/src/Illuminate/Database/Eloquent/Model.php:639)
[stacktrace]
#0 F:/xampp/htdocs/adcoupon-platform/vendor/laravel/framework/src/Illuminate/Database/Eloquent/Model.php(713): Illuminate/Database/Eloquent/Model->fill(Array)
#1 F:/xampp/htdocs/adcoupon-platform/vendor/laravel/framework/src/Illuminate/Database/Eloquent/Builder.php(1749): Illuminate/Database/Eloquent/Model->newInstance(Array)
#2 F:/xampp/htdocs/adcoupon-platform/vendor/laravel/framework/src/Illuminate/Database/Eloquent/Builder.php(1218): Illuminate/Database/Eloquent/Builder->newModelInstance(Array)
#3 F:/xampp/htdocs/adcoupon-platform/vendor/laravel/framework/src/Illuminate/Support/Traits/ForwardsCalls.php(23): Illuminate/Database/Eloquent/Builder->create(Array)
#4 F:/xampp/htdocs/adcoupon-platform/vendor/laravel/framework/src/Illuminate/Database/Eloquent/Model.php(2544): Illuminate/Database/Eloquent/Model->forwardCallTo(Object(Illuminate/Database/Eloquent/Builder), 'create', Array)
#5 F:/xampp/htdocs/adcoupon-platform/app/Repositories/OfferRepository.php(73): Illuminate/Database/Eloquent/Model->__call('create', Array)
#6 F:/xampp/htdocs/adcoupon-platform/app/Services/OfferService.php(46): App/Repositories/OfferRepository->create(Array)
#7 F:/xampp/htdocs/adcoupon-platform/app/Http/Controllers/Admin/OfferController.php(46): App/Services/OfferService->create(Array, Object(Illuminate/Http/UploadedFile))
#8 F:/xampp/htdocs/adcoupon-platform/vendor/laravel/framework/src/Illuminate/Routing/ControllerDispatcher.php(46): App/Http/Controllers/Admin/OfferController->store(Object(App/Http/Requests/Admin/StoreOfferRequest))
#9 F:/xampp/htdocs/adcoupon-platform/vendor/laravel/framework/src/Illuminate/Routing/Route.php(265): Illuminate/Routing/ControllerDispatcher->dispatch(Object(Illuminate/Routing/Route), Object(App/Http/Controllers/Admin/OfferController), 'store')
#10 F:/xampp/htdocs/adcoupon-platform/vendor/laravel/framework/src/Illuminate/Routing/Route.php(211): Illuminate/Routing/Route->runController()
#11 F:/xampp/htdocs/adcoupon-platform/vendor/laravel/framework/src/Illuminate/Routing/Router.php(822): Illuminate/Routing/Route->run()
#12 F:/xampp/htdocs/adcoupon-platform/vendor/laravel/framework/src/Illuminate/Pipeline/Pipeline.php(180): Illuminate/Routing/Router->Illuminate/Routing/{closure}(Object(Illuminate/Http/Request))
#13 F:/xampp/htdocs/adcoupon-platform/vendor/laravel/framework/src/Illuminate/Routing/Middleware/SubstituteBindings.php(50): Illuminate/Pipeline/Pipeline->Illuminate/Pipeline/{closure}(Object(Illuminate/Http/Request))
#14 F:/xampp/htdocs/adcoupon-platform/vendor/laravel/framework/src/Illuminate/Pipeline/Pipeline.php(219): Illuminate/Routing/Middleware/SubstituteBindings->handle(Object(Illuminate/Http/Request), Object(Closure))
#15 F:/xampp/htdocs/adcoupon-platform/vendor/laravel/framework/src/Illuminate/Auth/Middleware/Authenticate.php(63): Illuminate/Pipeline/Pipeline->Illuminate/Pipeline/{closure}(Object(Illuminate/Http/Request))
#16 F:/xampp/htdocs/adcoupon-platform/vendor/laravel/framework/src/Illuminate/Pipeline/Pipeline.php(219): Illuminate/Auth/Middleware/Authenticate->handle(Object(Illuminate/Http/Request), Object(Closure))
#17 F:/xampp/htdocs/adcoupon-platform/vendor/laravel/framework/src/Illuminate/Foundation/Http/Middleware/VerifyCsrfToken.php(87): Illuminate/Pipeline/Pipeline->Illuminate/Pipeline/{closure}(Object(Illuminate/Http/Request))
#18 F:/xampp/htdocs/adcoupon-platform/vendor/laravel/framework/src/Illuminate/Pipeline/Pipeline.php(219): Illuminate/Foundation/Http/Middleware/VerifyCsrfToken->handle(Object(Illuminate/Http/Request), Object(Closure))
#19 F:/xampp/htdocs/adcoupon-platform/vendor/laravel/framework/src/Illuminate/View/Middleware/ShareErrorsFromSession.php(48): Illuminate/Pipeline/Pipeline->Illuminate/Pipeline/{closure}(Object(Illuminate/Http/Request))
#20 F:/xampp/htdocs/adcoupon-platform/vendor/laravel/framework/src/Illuminate/Pipeline/Pipeline.php(219): Illuminate/View/Middleware/ShareErrorsFromSession->handle(Object(Illuminate/Http/Request), Object(Closure))
#21 F:/xampp/htdocs/adcoupon-platform/vendor/laravel/framework/src/Illuminate/Session/Middleware/StartSession.php(120): Illuminate/Pipeline/Pipeline->Illuminate/Pipeline/{closure}(Object(Illuminate/Http/Request))
#22 F:/xampp/htdocs/adcoupon-platform/vendor/laravel/framework/src/Illuminate/Session/Middleware/StartSession.php(63): Illuminate/Session/Middleware/StartSession->handleStatefulRequest(Object(Illuminate/Http/Request), Object(Illuminate/Session/Store), Object(Closure))
#23 F:/xampp/htdocs/adcoupon-platform/vendor/laravel/framework/src/Illuminate/Pipeline/Pipeline.php(219): Illuminate/Session/Middleware/StartSession->handle(Object(Illuminate/Http/Request), Object(Closure))
#24 F:/xampp/htdocs/adcoupon-platform/vendor/laravel/framework/src/Illuminate/Cookie/Middleware/AddQueuedCookiesToResponse.php(36): Illuminate/Pipeline/Pipeline->Illuminate/Pipeline/{closure}(Object(Illuminate/Http/Request))
#25 F:/xampp/htdocs/adcoupon-platform/vendor/laravel/framework/src/Illuminate/Pipeline/Pipeline.php(219): Illuminate/Cookie/Middleware/AddQueuedCookiesToResponse->handle(Object(Illuminate/Http/Request), Object(Closure))
#26 F:/xampp/htdocs/adcoupon-platform/vendor/laravel/framework/src/Illuminate/Cookie/Middleware/EncryptCookies.php(74): Illuminate/Pipeline/Pipeline->Illuminate/Pipeline/{closure}(Object(Illuminate/Http/Request))
#27 F:/xampp/htdocs/adcoupon-platform/vendor/laravel/framework/src/Illuminate/Pipeline/Pipeline.php(219): Illuminate/Cookie/Middleware/EncryptCookies->handle(Object(Illuminate/Http/Request), Object(Closure))
#28 F:/xampp/htdocs/adcoupon-platform/vendor/laravel/framework/src/Illuminate/Pipeline/Pipeline.php(137): Illuminate/Pipeline/Pipeline->Illuminate/Pipeline/{closure}(Object(Illuminate/Http/Request))
#29 F:/xampp/htdocs/adcoupon-platform/vendor/laravel/framework/src/Illuminate/Routing/Router.php(821): Illuminate/Pipeline/Pipeline->then(Object(Closure))
#30 F:/xampp/htdocs/adcoupon-platform/vendor/laravel/framework/src/Illuminate/Routing/Router.php(800): Illuminate/Routing/Router->runRouteWithinStack(Object(Illuminate/Routing/Route), Object(Illuminate/Http/Request))
#31 F:/xampp/htdocs/adcoupon-platform/vendor/laravel/framework/src/Illuminate/Routing/Router.php(764): Illuminate/Routing/Router->runRoute(Object(Illuminate/Http/Request), Object(Illuminate/Routing/Route))
#32 F:/xampp/htdocs/adcoupon-platform/vendor/laravel/framework/src/Illuminate/Routing/Router.php(753): Illuminate/Routing/Router->dispatchToRoute(Object(Illuminate/Http/Request))
#33 F:/xampp/htdocs/adcoupon-platform/vendor/laravel/framework/src/Illuminate/Foundation/Http/Kernel.php(200): Illuminate/Routing/Router->dispatch(Object(Illuminate/Http/Request))
#34 F:/xampp/htdocs/adcoupon-platform/vendor/laravel/framework/src/Illuminate/Pipeline/Pipeline.php(180): Illuminate/Foundation/Http/Kernel->Illuminate/Foundation/Http/{closure}(Object(Illuminate/Http/Request))
#35 F:/xampp/htdocs/adcoupon-platform/vendor/laravel/framework/src/Illuminate/Foundation/Http/Middleware/TransformsRequest.php(21): Illuminate/Pipeline/Pipeline->Illuminate/Pipeline/{closure}(Object(Illuminate/Http/Request))
#36 F:/xampp/htdocs/adcoupon-platform/vendor/laravel/framework/src/Illuminate/Foundation/Http/Middleware/ConvertEmptyStringsToNull.php(31): Illuminate/Foundation/Http/Middleware/TransformsRequest->handle(Object(Illuminate/Http/Request), Object(Closure))
#37 F:/xampp/htdocs/adcoupon-platform/vendor/laravel/framework/src/Illuminate/Pipeline/Pipeline.php(219): Illuminate/Foundation/Http/Middleware/ConvertEmptyStringsToNull->handle(Object(Illuminate/Http/Request), Object(Closure))
#38 F:/xampp/htdocs/adcoupon-platform/vendor/laravel/framework/src/Illuminate/Foundation/Http/Middleware/TransformsRequest.php(21): Illuminate/Pipeline/Pipeline->Illuminate/Pipeline/{closure}(Object(Illuminate/Http/Request))
#39 F:/xampp/htdocs/adcoupon-platform/vendor/laravel/framework/src/Illuminate/Foundation/Http/Middleware/TrimStrings.php(51): Illuminate/Foundation/Http/Middleware/TransformsRequest->handle(Object(Illuminate/Http/Request), Object(Closure))
#40 F:/xampp/htdocs/adcoupon-platform/vendor/laravel/framework/src/Illuminate/Pipeline/Pipeline.php(219): Illuminate/Foundation/Http/Middleware/TrimStrings->handle(Object(Illuminate/Http/Request), Object(Closure))
#41 F:/xampp/htdocs/adcoupon-platform/vendor/laravel/framework/src/Illuminate/Http/Middleware/ValidatePostSize.php(27): Illuminate/Pipeline/Pipeline->Illuminate/Pipeline/{closure}(Object(Illuminate/Http/Request))
#42 F:/xampp/htdocs/adcoupon-platform/vendor/laravel/framework/src/Illuminate/Pipeline/Pipeline.php(219): Illuminate/Http/Middleware/ValidatePostSize->handle(Object(Illuminate/Http/Request), Object(Closure))
#43 F:/xampp/htdocs/adcoupon-platform/vendor/laravel/framework/src/Illuminate/Foundation/Http/Middleware/PreventRequestsDuringMaintenance.php(109): Illuminate/Pipeline/Pipeline->Illuminate/Pipeline/{closure}(Object(Illuminate/Http/Request))
#44 F:/xampp/htdocs/adcoupon-platform/vendor/laravel/framework/src/Illuminate/Pipeline/Pipeline.php(219): Illuminate/Foundation/Http/Middleware/PreventRequestsDuringMaintenance->handle(Object(Illuminate/Http/Request), Object(Closure))
#45 F:/xampp/htdocs/adcoupon-platform/vendor/laravel/framework/src/Illuminate/Http/Middleware/HandleCors.php(61): Illuminate/Pipeline/Pipeline->Illuminate/Pipeline/{closure}(Object(Illuminate/Http/Request))
#46 F:/xampp/htdocs/adcoupon-platform/vendor/laravel/framework/src/Illuminate/Pipeline/Pipeline.php(219): Illuminate/Http/Middleware/HandleCors->handle(Object(Illuminate/Http/Request), Object(Closure))
#47 F:/xampp/htdocs/adcoupon-platform/vendor/laravel/framework/src/Illuminate/Http/Middleware/TrustProxies.php(58): Illuminate/Pipeline/Pipeline->Illuminate/Pipeline/{closure}(Object(Illuminate/Http/Request))
#48 F:/xampp/htdocs/adcoupon-platform/vendor/laravel/framework/src/Illuminate/Pipeline/Pipeline.php(219): Illuminate/Http/Middleware/TrustProxies->handle(Object(Illuminate/Http/Request), Object(Closure))
#49 F:/xampp/htdocs/adcoupon-platform/vendor/laravel/framework/src/Illuminate/Foundation/Http/Middleware/InvokeDeferredCallbacks.php(22): Illuminate/Pipeline/Pipeline->Illuminate/Pipeline/{closure}(Object(Illuminate/Http/Request))
#50 F:/xampp/htdocs/adcoupon-platform/vendor/laravel/framework/src/Illuminate/Pipeline/Pipeline.php(219): Illuminate/Foundation/Http/Middleware/InvokeDeferredCallbacks->handle(Object(Illuminate/Http/Request), Object(Closure))
#51 F:/xampp/htdocs/adcoupon-platform/vendor/laravel/framework/src/Illuminate/Http/Middleware/ValidatePathEncoding.php(26): Illuminate/Pipeline/Pipeline->Illuminate/Pipeline/{closure}(Object(Illuminate/Http/Request))
#52 F:/xampp/htdocs/adcoupon-platform/vendor/laravel/framework/src/Illuminate/Pipeline/Pipeline.php(219): Illuminate/Http/Middleware/ValidatePathEncoding->handle(Object(Illuminate/Http/Request), Object(Closure))
#53 F:/xampp/htdocs/adcoupon-platform/vendor/laravel/framework/src/Illuminate/Pipeline/Pipeline.php(137): Illuminate/Pipeline/Pipeline->Illuminate/Pipeline/{closure}(Object(Illuminate/Http/Request))
#54 F:/xampp/htdocs/adcoupon-platform/vendor/laravel/framework/src/Illuminate/Foundation/Http/Kernel.php(175): Illuminate/Pipeline/Pipeline->then(Object(Closure))
#55 F:/xampp/htdocs/adcoupon-platform/vendor/laravel/framework/src/Illuminate/Foundation/Http/Kernel.php(144): Illuminate/Foundation/Http/Kernel->sendRequestThroughRouter(Object(Illuminate/Http/Request))
#56 F:/xampp/htdocs/adcoupon-platform/vendor/laravel/framework/src/Illuminate/Foundation/Application.php(1220): Illuminate/Foundation/Http/Kernel->handle(Object(Illuminate/Http/Request))
#57 F:/xampp/htdocs/adcoupon-platform/public/index.php(15): Illuminate/Foundation/Application->handleRequest(Object(Illuminate/Http/Request))
#58 {main}
"} 
[2026-08-12 05:56:45] local.ERROR: Add fillable property [logo] to allow mass assignment on [App\Models\Advertiser]. {"userId":1,"exception":"[object] (Illuminate\\Database\\Eloquent\\MassAssignmentException(code: 0): Add fillable property [logo] to allow mass assignment on [App\\Models\\Advertiser]. at F:/xampp/htdocs/adcoupon-platform/vendor/laravel/framework/src/Illuminate/Database/Eloquent/Model.php:639)
[stacktrace]
#0 F:/xampp/htdocs/adcoupon-platform/vendor/laravel/framework/src/Illuminate/Database/Eloquent/Model.php(713): Illuminate/Database/Eloquent/Model->fill(Array)
#1 F:/xampp/htdocs/adcoupon-platform/vendor/laravel/framework/src/Illuminate/Database/Eloquent/Builder.php(1749): Illuminate/Database/Eloquent/Model->newInstance(Array)
#2 F:/xampp/htdocs/adcoupon-platform/vendor/laravel/framework/src/Illuminate/Database/Eloquent/Builder.php(1218): Illuminate/Database/Eloquent/Builder->newModelInstance(Array)
#3 F:/xampp/htdocs/adcoupon-platform/vendor/laravel/framework/src/Illuminate/Support/Traits/ForwardsCalls.php(23): Illuminate/Database/Eloquent/Builder->create(Array)
#4 F:/xampp/htdocs/adcoupon-platform/vendor/laravel/framework/src/Illuminate/Database/Eloquent/Model.php(2544): Illuminate/Database/Eloquent/Model->forwardCallTo(Object(Illuminate/Database/Eloquent/Builder), 'create', Array)
#5 F:/xampp/htdocs/adcoupon-platform/app/Repositories/AdvertiserRepository.php(38): Illuminate/Database/Eloquent/Model->__call('create', Array)
#6 F:/xampp/htdocs/adcoupon-platform/app/Services/AdvertiserService.php(35): App/Repositories/AdvertiserRepository->create(Array)
#7 F:/xampp/htdocs/adcoupon-platform/app/Http/Controllers/Admin/AdvertiserController.php(37): App/Services/AdvertiserService->create(Array, Object(Illuminate/Http/UploadedFile))
#8 F:/xampp/htdocs/adcoupon-platform/vendor/laravel/framework/src/Illuminate/Routing/ControllerDispatcher.php(46): App/Http/Controllers/Admin/AdvertiserController->store(Object(App/Http/Requests/Admin/StoreAdvertiserRequest))
#9 F:/xampp/htdocs/adcoupon-platform/vendor/laravel/framework/src/Illuminate/Routing/Route.php(265): Illuminate/Routing/ControllerDispatcher->dispatch(Object(Illuminate/Routing/Route), Object(App/Http/Controllers/Admin/AdvertiserController), 'store')
#10 F:/xampp/htdocs/adcoupon-platform/vendor/laravel/framework/src/Illuminate/Routing/Route.php(211): Illuminate/Routing/Route->runController()
#11 F:/xampp/htdocs/adcoupon-platform/vendor/laravel/framework/src/Illuminate/Routing/Router.php(822): Illuminate/Routing/Route->run()
#12 F:/xampp/htdocs/adcoupon-platform/vendor/laravel/framework/src/Illuminate/Pipeline/Pipeline.php(180): Illuminate/Routing/Router->Illuminate/Routing/{closure}(Object(Illuminate/Http/Request))
#13 F:/xampp/htdocs/adcoupon-platform/vendor/laravel/framework/src/Illuminate/Routing/Middleware/SubstituteBindings.php(50): Illuminate/Pipeline/Pipeline->Illuminate/Pipeline/{closure}(Object(Illuminate/Http/Request))
#14 F:/xampp/htdocs/adcoupon-platform/vendor/laravel/framework/src/Illuminate/Pipeline/Pipeline.php(219): Illuminate/Routing/Middleware/SubstituteBindings->handle(Object(Illuminate/Http/Request), Object(Closure))
#15 F:/xampp/htdocs/adcoupon-platform/vendor/laravel/framework/src/Illuminate/Auth/Middleware/Authenticate.php(63): Illuminate/Pipeline/Pipeline->Illuminate/Pipeline/{closure}(Object(Illuminate/Http/Request))
#16 F:/xampp/htdocs/adcoupon-platform/vendor/laravel/framework/src/Illuminate/Pipeline/Pipeline.php(219): Illuminate/Auth/Middleware/Authenticate->handle(Object(Illuminate/Http/Request), Object(Closure))
#17 F:/xampp/htdocs/adcoupon-platform/vendor/laravel/framework/src/Illuminate/Foundation/Http/Middleware/VerifyCsrfToken.php(87): Illuminate/Pipeline/Pipeline->Illuminate/Pipeline/{closure}(Object(Illuminate/Http/Request))
#18 F:/xampp/htdocs/adcoupon-platform/vendor/laravel/framework/src/Illuminate/Pipeline/Pipeline.php(219): Illuminate/Foundation/Http/Middleware/VerifyCsrfToken->handle(Object(Illuminate/Http/Request), Object(Closure))
#19 F:/xampp/htdocs/adcoupon-platform/vendor/laravel/framework/src/Illuminate/View/Middleware/ShareErrorsFromSession.php(48): Illuminate/Pipeline/Pipeline->Illuminate/Pipeline/{closure}(Object(Illuminate/Http/Request))
#20 F:/xampp/htdocs/adcoupon-platform/vendor/laravel/framework/src/Illuminate/Pipeline/Pipeline.php(219): Illuminate/View/Middleware/ShareErrorsFromSession->handle(Object(Illuminate/Http/Request), Object(Closure))
#21 F:/xampp/htdocs/adcoupon-platform/vendor/laravel/framework/src/Illuminate/Session/Middleware/StartSession.php(120): Illuminate/Pipeline/Pipeline->Illuminate/Pipeline/{closure}(Object(Illuminate/Http/Request))
#22 F:/xampp/htdocs/adcoupon-platform/vendor/laravel/framework/src/Illuminate/Session/Middleware/StartSession.php(63): Illuminate/Session/Middleware/StartSession->handleStatefulRequest(Object(Illuminate/Http/Request), Object(Illuminate/Session/Store), Object(Closure))
#23 F:/xampp/htdocs/adcoupon-platform/vendor/laravel/framework/src/Illuminate/Pipeline/Pipeline.php(219): Illuminate/Session/Middleware/StartSession->handle(Object(Illuminate/Http/Request), Object(Closure))
#24 F:/xampp/htdocs/adcoupon-platform/vendor/laravel/framework/src/Illuminate/Cookie/Middleware/AddQueuedCookiesToResponse.php(36): Illuminate/Pipeline/Pipeline->Illuminate/Pipeline/{closure}(Object(Illuminate/Http/Request))
#25 F:/xampp/htdocs/adcoupon-platform/vendor/laravel/framework/src/Illuminate/Pipeline/Pipeline.php(219): Illuminate/Cookie/Middleware/AddQueuedCookiesToResponse->handle(Object(Illuminate/Http/Request), Object(Closure))
#26 F:/xampp/htdocs/adcoupon-platform/vendor/laravel/framework/src/Illuminate/Cookie/Middleware/EncryptCookies.php(74): Illuminate/Pipeline/Pipeline->Illuminate/Pipeline/{closure}(Object(Illuminate/Http/Request))
#27 F:/xampp/htdocs/adcoupon-platform/vendor/laravel/framework/src/Illuminate/Pipeline/Pipeline.php(219): Illuminate/Cookie/Middleware/EncryptCookies->handle(Object(Illuminate/Http/Request), Object(Closure))
#28 F:/xampp/htdocs/adcoupon-platform/vendor/laravel/framework/src/Illuminate/Pipeline/Pipeline.php(137): Illuminate/Pipeline/Pipeline->Illuminate/Pipeline/{closure}(Object(Illuminate/Http/Request))
#29 F:/xampp/htdocs/adcoupon-platform/vendor/laravel/framework/src/Illuminate/Routing/Router.php(821): Illuminate/Pipeline/Pipeline->then(Object(Closure))
#30 F:/xampp/htdocs/adcoupon-platform/vendor/laravel/framework/src/Illuminate/Routing/Router.php(800): Illuminate/Routing/Router->runRouteWithinStack(Object(Illuminate/Routing/Route), Object(Illuminate/Http/Request))
#31 F:/xampp/htdocs/adcoupon-platform/vendor/laravel/framework/src/Illuminate/Routing/Router.php(764): Illuminate/Routing/Router->runRoute(Object(Illuminate/Http/Request), Object(Illuminate/Routing/Route))
#32 F:/xampp/htdocs/adcoupon-platform/vendor/laravel/framework/src/Illuminate/Routing/Router.php(753): Illuminate/Routing/Router->dispatchToRoute(Object(Illuminate/Http/Request))
#33 F:/xampp/htdocs/adcoupon-platform/vendor/laravel/framework/src/Illuminate/Foundation/Http/Kernel.php(200): Illuminate/Routing/Router->dispatch(Object(Illuminate/Http/Request))
#34 F:/xampp/htdocs/adcoupon-platform/vendor/laravel/framework/src/Illuminate/Pipeline/Pipeline.php(180): Illuminate/Foundation/Http/Kernel->Illuminate/Foundation/Http/{closure}(Object(Illuminate/Http/Request))
#35 F:/xampp/htdocs/adcoupon-platform/vendor/laravel/framework/src/Illuminate/Foundation/Http/Middleware/TransformsRequest.php(21): Illuminate/Pipeline/Pipeline->Illuminate/Pipeline/{closure}(Object(Illuminate/Http/Request))
#36 F:/xampp/htdocs/adcoupon-platform/vendor/laravel/framework/src/Illuminate/Foundation/Http/Middleware/ConvertEmptyStringsToNull.php(31): Illuminate/Foundation/Http/Middleware/TransformsRequest->handle(Object(Illuminate/Http/Request), Object(Closure))
#37 F:/xampp/htdocs/adcoupon-platform/vendor/laravel/framework/src/Illuminate/Pipeline/Pipeline.php(219): Illuminate/Foundation/Http/Middleware/ConvertEmptyStringsToNull->handle(Object(Illuminate/Http/Request), Object(Closure))
#38 F:/xampp/htdocs/adcoupon-platform/vendor/laravel/framework/src/Illuminate/Foundation/Http/Middleware/TransformsRequest.php(21): Illuminate/Pipeline/Pipeline->Illuminate/Pipeline/{closure}(Object(Illuminate/Http/Request))
#39 F:/xampp/htdocs/adcoupon-platform/vendor/laravel/framework/src/Illuminate/Foundation/Http/Middleware/TrimStrings.php(51): Illuminate/Foundation/Http/Middleware/TransformsRequest->handle(Object(Illuminate/Http/Request), Object(Closure))
#40 F:/xampp/htdocs/adcoupon-platform/vendor/laravel/framework/src/Illuminate/Pipeline/Pipeline.php(219): Illuminate/Foundation/Http/Middleware/TrimStrings->handle(Object(Illuminate/Http/Request), Object(Closure))
#41 F:/xampp/htdocs/adcoupon-platform/vendor/laravel/framework/src/Illuminate/Http/Middleware/ValidatePostSize.php(27): Illuminate/Pipeline/Pipeline->Illuminate/Pipeline/{closure}(Object(Illuminate/Http/Request))
#42 F:/xampp/htdocs/adcoupon-platform/vendor/laravel/framework/src/Illuminate/Pipeline/Pipeline.php(219): Illuminate/Http/Middleware/ValidatePostSize->handle(Object(Illuminate/Http/Request), Object(Closure))
#43 F:/xampp/htdocs/adcoupon-platform/vendor/laravel/framework/src/Illuminate/Foundation/Http/Middleware/PreventRequestsDuringMaintenance.php(109): Illuminate/Pipeline/Pipeline->Illuminate/Pipeline/{closure}(Object(Illuminate/Http/Request))
#44 F:/xampp/htdocs/adcoupon-platform/vendor/laravel/framework/src/Illuminate/Pipeline/Pipeline.php(219): Illuminate/Foundation/Http/Middleware/PreventRequestsDuringMaintenance->handle(Object(Illuminate/Http/Request), Object(Closure))
#45 F:/xampp/htdocs/adcoupon-platform/vendor/laravel/framework/src/Illuminate/Http/Middleware/HandleCors.php(61): Illuminate/Pipeline/Pipeline->Illuminate/Pipeline/{closure}(Object(Illuminate/Http/Request))
#46 F:/xampp/htdocs/adcoupon-platform/vendor/laravel/framework/src/Illuminate/Pipeline/Pipeline.php(219): Illuminate/Http/Middleware/HandleCors->handle(Object(Illuminate/Http/Request), Object(Closure))
#47 F:/xampp/htdocs/adcoupon-platform/vendor/laravel/framework/src/Illuminate/Http/Middleware/TrustProxies.php(58): Illuminate/Pipeline/Pipeline->Illuminate/Pipeline/{closure}(Object(Illuminate/Http/Request))
#48 F:/xampp/htdocs/adcoupon-platform/vendor/laravel/framework/src/Illuminate/Pipeline/Pipeline.php(219): Illuminate/Http/Middleware/TrustProxies->handle(Object(Illuminate/Http/Request), Object(Closure))
#49 F:/xampp/htdocs/adcoupon-platform/vendor/laravel/framework/src/Illuminate/Foundation/Http/Middleware/InvokeDeferredCallbacks.php(22): Illuminate/Pipeline/Pipeline->Illuminate/Pipeline/{closure}(Object(Illuminate/Http/Request))
#50 F:/xampp/htdocs/adcoupon-platform/vendor/laravel/framework/src/Illuminate/Pipeline/Pipeline.php(219): Illuminate/Foundation/Http/Middleware/InvokeDeferredCallbacks->handle(Object(Illuminate/Http/Request), Object(Closure))
#51 F:/xampp/htdocs/adcoupon-platform/vendor/laravel/framework/src/Illuminate/Http/Middleware/ValidatePathEncoding.php(26): Illuminate/Pipeline/Pipeline->Illuminate/Pipeline/{closure}(Object(Illuminate/Http/Request))
#52 F:/xampp/htdocs/adcoupon-platform/vendor/laravel/framework/src/Illuminate/Pipeline/Pipeline.php(219): Illuminate/Http/Middleware/ValidatePathEncoding->handle(Object(Illuminate/Http/Request), Object(Closure))
#53 F:/xampp/htdocs/adcoupon-platform/vendor/laravel/framework/src/Illuminate/Pipeline/Pipeline.php(137): Illuminate/Pipeline/Pipeline->Illuminate/Pipeline/{closure}(Object(Illuminate/Http/Request))
#54 F:/xampp/htdocs/adcoupon-platform/vendor/laravel/framework/src/Illuminate/Foundation/Http/Kernel.php(175): Illuminate/Pipeline/Pipeline->then(Object(Closure))
#55 F:/xampp/htdocs/adcoupon-platform/vendor/laravel/framework/src/Illuminate/Foundation/Http/Kernel.php(144): Illuminate/Foundation/Http/Kernel->sendRequestThroughRouter(Object(Illuminate/Http/Request))
#56 F:/xampp/htdocs/adcoupon-platform/vendor/laravel/framework/src/Illuminate/Foundation/Application.php(1220): Illuminate/Foundation/Http/Kernel->handle(Object(Illuminate/Http/Request))
#57 F:/xampp/htdocs/adcoupon-platform/public/index.php(15): Illuminate/Foundation/Application->handleRequest(Object(Illuminate/Http/Request))
#58 {main}
"} 
[2026-08-13 10:06:37] local.ERROR: SQLSTATE[HY000] [2002] Operation not permitted (Connection: mysql, Host: 127.0.0.1, Port: 3306, Database: u533806958_adcoupon, SQL: select * from `sessions` where `id` = QulFhHMXKY2R1hgegmEMjxV1t16Kgz8fSP4weIF8 limit 1) {"exception":"[object] (Illuminate\\Database\\QueryException(code: 2002): SQLSTATE[HY000] [2002] Operation not permitted (Connection: mysql, Host: 127.0.0.1, Port: 3306, Database: u533806958_adcoupon, SQL: select * from `sessions` where `id` = QulFhHMXKY2R1hgegmEMjxV1t16Kgz8fSP4weIF8 limit 1) at /home/u533806958/domains/a1merchantsolutions.triviio.com/public_html/vendor/laravel/framework/src/Illuminate/Database/Connection.php:838)
[stacktrace]
#0 /home/u533806958/domains/a1merchantsolutions.triviio.com/public_html/vendor/laravel/framework/src/Illuminate/Database/Connection.php(794): Illuminate\\Database\\Connection->runQueryCallback()
#1 /home/u533806958/domains/a1merchantsolutions.triviio.com/public_html/vendor/laravel/framework/src/Illuminate/Database/Connection.php(411): Illuminate\\Database\\Connection->run()
#2 /home/u533806958/domains/a1merchantsolutions.triviio.com/public_html/vendor/laravel/framework/src/Illuminate/Database/Query/Builder.php(3505): Illuminate\\Database\\Connection->select()
#3 /home/u533806958/domains/a1merchantsolutions.triviio.com/public_html/vendor/laravel/framework/src/Illuminate/Database/Query/Builder.php(3490): Illuminate\\Database\\Query\\Builder->runSelect()
#4 /home/u533806958/domains/a1merchantsolutions.triviio.com/public_html/vendor/laravel/framework/src/Illuminate/Database/Query/Builder.php(4080): Illuminate\\Database\\Query\\Builder->Illuminate\\Database\\Query\\{closure}()
#5 /home/u533806958/domains/a1merchantsolutions.triviio.com/public_html/vendor/laravel/framework/src/Illuminate/Database/Query/Builder.php(3489): Illuminate\\Database\\Query\\Builder->onceWithColumns()
#6 /home/u533806958/domains/a1merchantsolutions.triviio.com/public_html/vendor/laravel/framework/src/Illuminate/Database/Concerns/BuildsQueries.php(366): Illuminate\\Database\\Query\\Builder->get()
#7 /home/u533806958/domains/a1merchantsolutions.triviio.com/public_html/vendor/laravel/framework/src/Illuminate/Database/Query/Builder.php(3412): Illuminate\\Database\\Query\\Builder->first()
#8 /home/u533806958/domains/a1merchantsolutions.triviio.com/public_html/vendor/laravel/framework/src/Illuminate/Session/DatabaseSessionHandler.php(96): Illuminate\\Database\\Query\\Builder->find()
#9 /home/u533806958/domains/a1merchantsolutions.triviio.com/public_html/vendor/laravel/framework/src/Illuminate/Session/Store.php(128): Illuminate\\Session\\DatabaseSessionHandler->read()
#10 /home/u533806958/domains/a1merchantsolutions.triviio.com/public_html/vendor/laravel/framework/src/Illuminate/Session/Store.php(116): Illuminate\\Session\\Store->readFromHandler()
#11 /home/u533806958/domains/a1merchantsolutions.triviio.com/public_html/vendor/laravel/framework/src/Illuminate/Session/Store.php(100): Illuminate\\Session\\Store->loadSession()
#12 /home/u533806958/domains/a1merchantsolutions.triviio.com/public_html/vendor/laravel/framework/src/Illuminate/Session/Middleware/StartSession.php(146): Illuminate\\Session\\Store->start()
#13 /home/u533806958/domains/a1merchantsolutions.triviio.com/public_html/vendor/laravel/framework/src/Illuminate/Support/helpers.php(393): Illuminate\\Session\\Middleware\\StartSession->Illuminate\\Session\\Middleware\\{closure}()
#14 /home/u533806958/domains/a1merchantsolutions.triviio.com/public_html/vendor/laravel/framework/src/Illuminate/Session/Middleware/StartSession.php(143): tap()
#15 /home/u533806958/domains/a1merchantsolutions.triviio.com/public_html/vendor/laravel/framework/src/Illuminate/Session/Middleware/StartSession.php(115): Illuminate\\Session\\Middleware\\StartSession->startSession()
#16 /home/u533806958/domains/a1merchantsolutions.triviio.com/public_html/vendor/laravel/framework/src/Illuminate/Session/Middleware/StartSession.php(63): Illuminate\\Session\\Middleware\\StartSession->handleStatefulRequest()
#17 /home/u533806958/domains/a1merchantsolutions.triviio.com/public_html/vendor/laravel/framework/src/Illuminate/Pipeline/Pipeline.php(219): Illuminate\\Session\\Middleware\\StartSession->handle()
#18 /home/u533806958/domains/a1merchantsolutions.triviio.com/public_html/vendor/laravel/framework/src/Illuminate/Cookie/Middleware/AddQueuedCookiesToResponse.php(36): Illuminate\\Pipeline\\Pipeline->Illuminate\\Pipeline\\{closure}()
#19 /home/u533806958/domains/a1merchantsolutions.triviio.com/public_html/vendor/laravel/framework/src/Illuminate/Pipeline/Pipeline.php(219): Illuminate\\Cookie\\Middleware\\AddQueuedCookiesToResponse->handle()
#20 /home/u533806958/domains/a1merchantsolutions.triviio.com/public_html/vendor/laravel/framework/src/Illuminate/Cookie/Middleware/EncryptCookies.php(74): Illuminate\\Pipeline\\Pipeline->Illuminate\\Pipeline\\{closure}()
#21 /home/u533806958/domains/a1merchantsolutions.triviio.com/public_html/vendor/laravel/framework/src/Illuminate/Pipeline/Pipeline.php(219): Illuminate\\Cookie\\Middleware\\EncryptCookies->handle()
#22 /home/u533806958/domains/a1merchantsolutions.triviio.com/public_html/vendor/laravel/framework/src/Illuminate/Pipeline/Pipeline.php(137): Illuminate\\Pipeline\\Pipeline->Illuminate\\Pipeline\\{closure}()
#23 /home/u533806958/domains/a1merchantsolutions.triviio.com/public_html/vendor/laravel/framework/src/Illuminate/Routing/Router.php(821): Illuminate\\Pipeline\\Pipeline->then()
#24 /home/u533806958/domains/a1merchantsolutions.triviio.com/public_html/vendor/laravel/framework/src/Illuminate/Routing/Router.php(800): Illuminate\\Routing\\Router->runRouteWithinStack()
#25 /home/u533806958/domains/a1merchantsolutions.triviio.com/public_html/vendor/laravel/framework/src/Illuminate/Routing/Router.php(764): Illuminate\\Routing\\Router->runRoute()
#26 /home/u533806958/domains/a1merchantsolutions.triviio.com/public_html/vendor/laravel/framework/src/Illuminate/Routing/Router.php(753): Illuminate\\Routing\\Router->dispatchToRoute()
#27 /home/u533806958/domains/a1merchantsolutions.triviio.com/public_html/vendor/laravel/framework/src/Illuminate/Foundation/Http/Kernel.php(200): Illuminate\\Routing\\Router->dispatch()
#28 /home/u533806958/domains/a1merchantsolutions.triviio.com/public_html/vendor/laravel/framework/src/Illuminate/Pipeline/Pipeline.php(180): Illuminate\\Foundation\\Http\\Kernel->Illuminate\\Foundation\\Http\\{closure}()
#29 /home/u533806958/domains/a1merchantsolutions.triviio.com/public_html/vendor/laravel/framework/src/Illuminate/Foundation/Http/Middleware/TransformsRequest.php(21): Illuminate\\Pipeline\\Pipeline->Illuminate\\Pipeline\\{closure}()
#30 /home/u533806958/domains/a1merchantsolutions.triviio.com/public_html/vendor/laravel/framework/src/Illuminate/Foundation/Http/Middleware/ConvertEmptyStringsToNull.php(31): Illuminate\\Foundation\\Http\\Middleware\\TransformsRequest->handle()
#31 /home/u533806958/domains/a1merchantsolutions.triviio.com/public_html/vendor/laravel/framework/src/Illuminate/Pipeline/Pipeline.php(219): Illuminate\\Foundation\\Http\\Middleware\\ConvertEmptyStringsToNull->handle()
#32 /home/u533806958/domains/a1merchantsolutions.triviio.com/public_html/vendor/laravel/framework/src/Illuminate/Foundation/Http/Middleware/TransformsRequest.php(21): Illuminate\\Pipeline\\Pipeline->Illuminate\\Pipeline\\{closure}()
#33 /home/u533806958/domains/a1merchantsolutions.triviio.com/public_html/vendor/laravel/framework/src/Illuminate/Foundation/Http/Middleware/TrimStrings.php(51): Illuminate\\Foundation\\Http\\Middleware\\TransformsRequest->handle()
#34 /home/u533806958/domains/a1merchantsolutions.triviio.com/public_html/vendor/laravel/framework/src/Illuminate/Pipeline/Pipeline.php(219): Illuminate\\Foundation\\Http\\Middleware\\TrimStrings->handle()
#35 /home/u533806958/domains/a1merchantsolutions.triviio.com/public_html/vendor/laravel/framework/src/Illuminate/Http/Middleware/ValidatePostSize.php(27): Illuminate\\Pipeline\\Pipeline->Illuminate\\Pipeline\\{closure}()
#36 /home/u533806958/domains/a1merchantsolutions.triviio.com/public_html/vendor/laravel/framework/src/Illuminate/Pipeline/Pipeline.php(219): Illuminate\\Http\\Middleware\\ValidatePostSize->handle()
#37 /home/u533806958/domains/a1merchantsolutions.triviio.com/public_html/vendor/laravel/framework/src/Illuminate/Foundation/Http/Middleware/PreventRequestsDuringMaintenance.php(109): Illuminate\\Pipeline\\Pipeline->Illuminate\\Pipeline\\{closure}()
#38 /home/u533806958/domains/a1merchantsolutions.triviio.com/public_html/vendor/laravel/framework/src/Illuminate/Pipeline/Pipeline.php(219): Illuminate\\Foundation\\Http\\Middleware\\PreventRequestsDuringMaintenance->handle()
#39 /home/u533806958/domains/a1merchantsolutions.triviio.com/public_html/vendor/laravel/framework/src/Illuminate/Http/Middleware/HandleCors.php(61): Illuminate\\Pipeline\\Pipeline->Illuminate\\Pipeline\\{closure}()
#40 /home/u533806958/domains/a1merchantsolutions.triviio.com/public_html/vendor/laravel/framework/src/Illuminate/Pipeline/Pipeline.php(219): Illuminate\\Http\\Middleware\\HandleCors->handle()
#41 /home/u533806958/domains/a1merchantsolutions.triviio.com/public_html/vendor/laravel/framework/src/Illuminate/Http/Middleware/TrustProxies.php(58): Illuminate\\Pipeline\\Pipeline->Illuminate\\Pipeline\\{closure}()
#42 /home/u533806958/domains/a1merchantsolutions.triviio.com/public_html/vendor/laravel/framework/src/Illuminate/Pipeline/Pipeline.php(219): Illuminate\\Http\\Middleware\\TrustProxies->handle()
#43 /home/u533806958/domains/a1merchantsolutions.triviio.com/public_html/vendor/laravel/framework/src/Illuminate/Foundation/Http/Middleware/InvokeDeferredCallbacks.php(22): Illuminate\\Pipeline\\Pipeline->Illuminate\\Pipeline\\{closure}()
#44 /home/u533806958/domains/a1merchantsolutions.triviio.com/public_html/vendor/laravel/framework/src/Illuminate/Pipeline/Pipeline.php(219): Illuminate\\Foundation\\Http\\Middleware\\InvokeDeferredCallbacks->handle()
#45 /home/u533806958/domains/a1merchantsolutions.triviio.com/public_html/vendor/laravel/framework/src/Illuminate/Http/Middleware/ValidatePathEncoding.php(26): Illuminate\\Pipeline\\Pipeline->Illuminate\\Pipeline\\{closure}()
#46 /home/u533806958/domains/a1merchantsolutions.triviio.com/public_html/vendor/laravel/framework/src/Illuminate/Pipeline/Pipeline.php(219): Illuminate\\Http\\Middleware\\ValidatePathEncoding->handle()
#47 /home/u533806958/domains/a1merchantsolutions.triviio.com/public_html/vendor/laravel/framework/src/Illuminate/Pipeline/Pipeline.php(137): Illuminate\\Pipeline\\Pipeline->Illuminate\\Pipeline\\{closure}()
#48 /home/u533806958/domains/a1merchantsolutions.triviio.com/public_html/vendor/laravel/framework/src/Illuminate/Foundation/Http/Kernel.php(175): Illuminate\\Pipeline\\Pipeline->then()
#49 /home/u533806958/domains/a1merchantsolutions.triviio.com/public_html/vendor/laravel/framework/src/Illuminate/Foundation/Http/Kernel.php(144): Illuminate\\Foundation\\Http\\Kernel->sendRequestThroughRouter()
#50 /home/u533806958/domains/a1merchantsolutions.triviio.com/public_html/vendor/laravel/framework/src/Illuminate/Foundation/Application.php(1220): Illuminate\\Foundation\\Http\\Kernel->handle()
#51 /home/u533806958/domains/a1merchantsolutions.triviio.com/public_html/public/index.php(15): Illuminate\\Foundation\\Application->handleRequest()
#52 {main}

[previous exception] [object] (PDOException(code: 2002): SQLSTATE[HY000] [2002] Operation not permitted at /home/u533806958/domains/a1merchantsolutions.triviio.com/public_html/vendor/laravel/framework/src/Illuminate/Database/Connectors/Connector.php:66)
[stacktrace]
#0 /home/u533806958/domains/a1merchantsolutions.triviio.com/public_html/vendor/laravel/framework/src/Illuminate/Database/Connectors/Connector.php(66): PDO->__construct()
#1 /home/u533806958/domains/a1merchantsolutions.triviio.com/public_html/vendor/laravel/framework/src/Illuminate/Database/Connectors/Connector.php(44): Illuminate\\Database\\Connectors\\Connector->createPdoConnection()
#2 /home/u533806958/domains/a1merchantsolutions.triviio.com/public_html/vendor/laravel/framework/src/Illuminate/Database/Connectors/MySqlConnector.php(24): Illuminate\\Database\\Connectors\\Connector->createConnection()
#3 /home/u533806958/domains/a1merchantsolutions.triviio.com/public_html/vendor/laravel/framework/src/Illuminate/Database/Connectors/ConnectionFactory.php(186): Illuminate\\Database\\Connectors\\MySqlConnector->connect()
#4 [internal function]: Illuminate\\Database\\Connectors\\ConnectionFactory->Illuminate\\Database\\Connectors\\{closure}()
#5 /home/u533806958/domains/a1merchantsolutions.triviio.com/public_html/vendor/laravel/framework/src/Illuminate/Database/Connection.php(1257): call_user_func()
#6 /home/u533806958/domains/a1merchantsolutions.triviio.com/public_html/vendor/laravel/framework/src/Illuminate/Database/Connection.php(525): Illuminate\\Database\\Connection->getPdo()
#7 /home/u533806958/domains/a1merchantsolutions.triviio.com/public_html/vendor/laravel/framework/src/Illuminate/Database/Connection.php(420): Illuminate\\Database\\Connection->getPdoForSelect()
#8 /home/u533806958/domains/a1merchantsolutions.triviio.com/public_html/vendor/laravel/framework/src/Illuminate/Database/Connection.php(827): Illuminate\\Database\\Connection->Illuminate\\Database\\{closure}()
#9 /home/u533806958/domains/a1merchantsolutions.triviio.com/public_html/vendor/laravel/framework/src/Illuminate/Database/Connection.php(794): Illuminate\\Database\\Connection->runQueryCallback()
#10 /home/u533806958/domains/a1merchantsolutions.triviio.com/public_html/vendor/laravel/framework/src/Illuminate/Database/Connection.php(411): Illuminate\\Database\\Connection->run()
#11 /home/u533806958/domains/a1merchantsolutions.triviio.com/public_html/vendor/laravel/framework/src/Illuminate/Database/Query/Builder.php(3505): Illuminate\\Database\\Connection->select()
#12 /home/u533806958/domains/a1merchantsolutions.triviio.com/public_html/vendor/laravel/framework/src/Illuminate/Database/Query/Builder.php(3490): Illuminate\\Database\\Query\\Builder->runSelect()
#13 /home/u533806958/domains/a1merchantsolutions.triviio.com/public_html/vendor/laravel/framework/src/Illuminate/Database/Query/Builder.php(4080): Illuminate\\Database\\Query\\Builder->Illuminate\\Database\\Query\\{closure}()
#14 /home/u533806958/domains/a1merchantsolutions.triviio.com/public_html/vendor/laravel/framework/src/Illuminate/Database/Query/Builder.php(3489): Illuminate\\Database\\Query\\Builder->onceWithColumns()
#15 /home/u533806958/domains/a1merchantsolutions.triviio.com/public_html/vendor/laravel/framework/src/Illuminate/Database/Concerns/BuildsQueries.php(366): Illuminate\\Database\\Query\\Builder->get()
#16 /home/u533806958/domains/a1merchantsolutions.triviio.com/public_html/vendor/laravel/framework/src/Illuminate/Database/Query/Builder.php(3412): Illuminate\\Database\\Query\\Builder->first()
#17 /home/u533806958/domains/a1merchantsolutions.triviio.com/public_html/vendor/laravel/framework/src/Illuminate/Session/DatabaseSessionHandler.php(96): Illuminate\\Database\\Query\\Builder->find()
#18 /home/u533806958/domains/a1merchantsolutions.triviio.com/public_html/vendor/laravel/framework/src/Illuminate/Session/Store.php(128): Illuminate\\Session\\DatabaseSessionHandler->read()
#19 /home/u533806958/domains/a1merchantsolutions.triviio.com/public_html/vendor/laravel/framework/src/Illuminate/Session/Store.php(116): Illuminate\\Session\\Store->readFromHandler()
#20 /home/u533806958/domains/a1merchantsolutions.triviio.com/public_html/vendor/laravel/framework/src/Illuminate/Session/Store.php(100): Illuminate\\Session\\Store->loadSession()
#21 /home/u533806958/domains/a1merchantsolutions.triviio.com/public_html/vendor/laravel/framework/src/Illuminate/Session/Middleware/StartSession.php(146): Illuminate\\Session\\Store->start()
#22 /home/u533806958/domains/a1merchantsolutions.triviio.com/public_html/vendor/laravel/framework/src/Illuminate/Support/helpers.php(393): Illuminate\\Session\\Middleware\\StartSession->Illuminate\\Session\\Middleware\\{closure}()
#23 /home/u533806958/domains/a1merchantsolutions.triviio.com/public_html/vendor/laravel/framework/src/Illuminate/Session/Middleware/StartSession.php(143): tap()
#24 /home/u533806958/domains/a1merchantsolutions.triviio.com/public_html/vendor/laravel/framework/src/Illuminate/Session/Middleware/StartSession.php(115): Illuminate\\Session\\Middleware\\StartSession->startSession()
#25 /home/u533806958/domains/a1merchantsolutions.triviio.com/public_html/vendor/laravel/framework/src/Illuminate/Session/Middleware/StartSession.php(63): Illuminate\\Session\\Middleware\\StartSession->handleStatefulRequest()
#26 /home/u533806958/domains/a1merchantsolutions.triviio.com/public_html/vendor/laravel/framework/src/Illuminate/Pipeline/Pipeline.php(219): Illuminate\\Session\\Middleware\\StartSession->handle()
#27 /home/u533806958/domains/a1merchantsolutions.triviio.com/public_html/vendor/laravel/framework/src/Illuminate/Cookie/Middleware/AddQueuedCookiesToResponse.php(36): Illuminate\\Pipeline\\Pipeline->Illuminate\\Pipeline\\{closure}()
#28 /home/u533806958/domains/a1merchantsolutions.triviio.com/public_html/vendor/laravel/framework/src/Illuminate/Pipeline/Pipeline.php(219): Illuminate\\Cookie\\Middleware\\AddQueuedCookiesToResponse->handle()
#29 /home/u533806958/domains/a1merchantsolutions.triviio.com/public_html/vendor/laravel/framework/src/Illuminate/Cookie/Middleware/EncryptCookies.php(74): Illuminate\\Pipeline\\Pipeline->Illuminate\\Pipeline\\{closure}()
#30 /home/u533806958/domains/a1merchantsolutions.triviio.com/public_html/vendor/laravel/framework/src/Illuminate/Pipeline/Pipeline.php(219): Illuminate\\Cookie\\Middleware\\EncryptCookies->handle()
#31 /home/u533806958/domains/a1merchantsolutions.triviio.com/public_html/vendor/laravel/framework/src/Illuminate/Pipeline/Pipeline.php(137): Illuminate\\Pipeline\\Pipeline->Illuminate\\Pipeline\\{closure}()
#32 /home/u533806958/domains/a1merchantsolutions.triviio.com/public_html/vendor/laravel/framework/src/Illuminate/Routing/Router.php(821): Illuminate\\Pipeline\\Pipeline->then()
#33 /home/u533806958/domains/a1merchantsolutions.triviio.com/public_html/vendor/laravel/framework/src/Illuminate/Routing/Router.php(800): Illuminate\\Routing\\Router->runRouteWithinStack()
#34 /home/u533806958/domains/a1merchantsolutions.triviio.com/public_html/vendor/laravel/framework/src/Illuminate/Routing/Router.php(764): Illuminate\\Routing\\Router->runRoute()
#35 /home/u533806958/domains/a1merchantsolutions.triviio.com/public_html/vendor/laravel/framework/src/Illuminate/Routing/Router.php(753): Illuminate\\Routing\\Router->dispatchToRoute()
#36 /home/u533806958/domains/a1merchantsolutions.triviio.com/public_html/vendor/laravel/framework/src/Illuminate/Foundation/Http/Kernel.php(200): Illuminate\\Routing\\Router->dispatch()
#37 /home/u533806958/domains/a1merchantsolutions.triviio.com/public_html/vendor/laravel/framework/src/Illuminate/Pipeline/Pipeline.php(180): Illuminate\\Foundation\\Http\\Kernel->Illuminate\\Foundation\\Http\\{closure}()
#38 /home/u533806958/domains/a1merchantsolutions.triviio.com/public_html/vendor/laravel/framework/src/Illuminate/Foundation/Http/Middleware/TransformsRequest.php(21): Illuminate\\Pipeline\\Pipeline->Illuminate\\Pipeline\\{closure}()
#39 /home/u533806958/domains/a1merchantsolutions.triviio.com/public_html/vendor/laravel/framework/src/Illuminate/Foundation/Http/Middleware/ConvertEmptyStringsToNull.php(31): Illuminate\\Foundation\\Http\\Middleware\\TransformsRequest->handle()
#40 /home/u533806958/domains/a1merchantsolutions.triviio.com/public_html/vendor/laravel/framework/src/Illuminate/Pipeline/Pipeline.php(219): Illuminate\\Foundation\\Http\\Middleware\\ConvertEmptyStringsToNull->handle()
#41 /home/u533806958/domains/a1merchantsolutions.triviio.com/public_html/vendor/laravel/framework/src/Illuminate/Foundation/Http/Middleware/TransformsRequest.php(21): Illuminate\\Pipeline\\Pipeline->Illuminate\\Pipeline\\{closure}()
#42 /home/u533806958/domains/a1merchantsolutions.triviio.com/public_html/vendor/laravel/framework/src/Illuminate/Foundation/Http/Middleware/TrimStrings.php(51): Illuminate\\Foundation\\Http\\Middleware\\TransformsRequest->handle()
#43 /home/u533806958/domains/a1merchantsolutions.triviio.com/public_html/vendor/laravel/framework/src/Illuminate/Pipeline/Pipeline.php(219): Illuminate\\Foundation\\Http\\Middleware\\TrimStrings->handle()
#44 /home/u533806958/domains/a1merchantsolutions.triviio.com/public_html/vendor/laravel/framework/src/Illuminate/Http/Middleware/ValidatePostSize.php(27): Illuminate\\Pipeline\\Pipeline->Illuminate\\Pipeline\\{closure}()
#45 /home/u533806958/domains/a1merchantsolutions.triviio.com/public_html/vendor/laravel/framework/src/Illuminate/Pipeline/Pipeline.php(219): Illuminate\\Http\\Middleware\\ValidatePostSize->handle()
#46 /home/u533806958/domains/a1merchantsolutions.triviio.com/public_html/vendor/laravel/framework/src/Illuminate/Foundation/Http/Middleware/PreventRequestsDuringMaintenance.php(109): Illuminate\\Pipeline\\Pipeline->Illuminate\\Pipeline\\{closure}()
#47 /home/u533806958/domains/a1merchantsolutions.triviio.com/public_html/vendor/laravel/framework/src/Illuminate/Pipeline/Pipeline.php(219): Illuminate\\Foundation\\Http\\Middleware\\PreventRequestsDuringMaintenance->handle()
#48 /home/u533806958/domains/a1merchantsolutions.triviio.com/public_html/vendor/laravel/framework/src/Illuminate/Http/Middleware/HandleCors.php(61): Illuminate\\Pipeline\\Pipeline->Illuminate\\Pipeline\\{closure}()
#49 /home/u533806958/domains/a1merchantsolutions.triviio.com/public_html/vendor/laravel/framework/src/Illuminate/Pipeline/Pipeline.php(219): Illuminate\\Http\\Middleware\\HandleCors->handle()
#50 /home/u533806958/domains/a1merchantsolutions.triviio.com/public_html/vendor/laravel/framework/src/Illuminate/Http/Middleware/TrustProxies.php(58): Illuminate\\Pipeline\\Pipeline->Illuminate\\Pipeline\\{closure}()
#51 /home/u533806958/domains/a1merchantsolutions.triviio.com/public_html/vendor/laravel/framework/src/Illuminate/Pipeline/Pipeline.php(219): Illuminate\\Http\\Middleware\\TrustProxies->handle()
#52 /home/u533806958/domains/a1merchantsolutions.triviio.com/public_html/vendor/laravel/framework/src/Illuminate/Foundation/Http/Middleware/InvokeDeferredCallbacks.php(22): Illuminate\\Pipeline\\Pipeline->Illuminate\\Pipeline\\{closure}()
#53 /home/u533806958/domains/a1merchantsolutions.triviio.com/public_html/vendor/laravel/framework/src/Illuminate/Pipeline/Pipeline.php(219): Illuminate\\Foundation\\Http\\Middleware\\InvokeDeferredCallbacks->handle()
#54 /home/u533806958/domains/a1merchantsolutions.triviio.com/public_html/vendor/laravel/framework/src/Illuminate/Http/Middleware/ValidatePathEncoding.php(26): Illuminate\\Pipeline\\Pipeline->Illuminate\\Pipeline\\{closure}()
#55 /home/u533806958/domains/a1merchantsolutions.triviio.com/public_html/vendor/laravel/framework/src/Illuminate/Pipeline/Pipeline.php(219): Illuminate\\Http\\Middleware\\ValidatePathEncoding->handle()
#56 /home/u533806958/domains/a1merchantsolutions.triviio.com/public_html/vendor/laravel/framework/src/Illuminate/Pipeline/Pipeline.php(137): Illuminate\\Pipeline\\Pipeline->Illuminate\\Pipeline\\{closure}()
#57 /home/u533806958/domains/a1merchantsolutions.triviio.com/public_html/vendor/laravel/framework/src/Illuminate/Foundation/Http/Kernel.php(175): Illuminate\\Pipeline\\Pipeline->then()
#58 /home/u533806958/domains/a1merchantsolutions.triviio.com/public_html/vendor/laravel/framework/src/Illuminate/Foundation/Http/Kernel.php(144): Illuminate\\Foundation\\Http\\Kernel->sendRequestThroughRouter()
#59 /home/u533806958/domains/a1merchantsolutions.triviio.com/public_html/vendor/laravel/framework/src/Illuminate/Foundation/Application.php(1220): Illuminate\\Foundation\\Http\\Kernel->handle()
#60 /home/u533806958/domains/a1merchantsolutions.triviio.com/public_html/public/index.php(15): Illuminate\\Foundation\\Application->handleRequest()
#61 {main}
"} 
[2026-08-13 10:06:37] local.ERROR: SQLSTATE[HY000] [2002] Operation not permitted (Connection: mysql, Host: 127.0.0.1, Port: 3306, Database: u533806958_adcoupon, SQL: select * from `sessions` where `id` = QulFhHMXKY2R1hgegmEMjxV1t16Kgz8fSP4weIF8 limit 1) {"exception":"[object] (Illuminate\\Database\\QueryException(code: 2002): SQLSTATE[HY000] [2002] Operation not permitted (Connection: mysql, Host: 127.0.0.1, Port: 3306, Database: u533806958_adcoupon, SQL: select * from `sessions` where `id` = QulFhHMXKY2R1hgegmEMjxV1t16Kgz8fSP4weIF8 limit 1) at /home/u533806958/domains/a1merchantsolutions.triviio.com/public_html/vendor/laravel/framework/src/Illuminate/Database/Connection.php:838)
[stacktrace]
#0 /home/u533806958/domains/a1merchantsolutions.triviio.com/public_html/vendor/laravel/framework/src/Illuminate/Database/Connection.php(794): Illuminate\\Database\\Connection->runQueryCallback()
#1 /home/u533806958/domains/a1merchantsolutions.triviio.com/public_html/vendor/laravel/framework/src/Illuminate/Database/Connection.php(411): Illuminate\\Database\\Connection->run()
#2 /home/u533806958/domains/a1merchantsolutions.triviio.com/public_html/vendor/laravel/framework/src/Illuminate/Database/Query/Builder.php(3505): Illuminate\\Database\\Connection->select()
#3 /home/u533806958/domains/a1merchantsolutions.triviio.com/public_html/vendor/laravel/framework/src/Illuminate/Database/Query/Builder.php(3490): Illuminate\\Database\\Query\\Builder->runSelect()
#4 /home/u533806958/domains/a1merchantsolutions.triviio.com/public_html/vendor/laravel/framework/src/Illuminate/Database/Query/Builder.php(4080): Illuminate\\Database\\Query\\Builder->Illuminate\\Database\\Query\\{closure}()
#5 /home/u533806958/domains/a1merchantsolutions.triviio.com/public_html/vendor/laravel/framework/src/Illuminate/Database/Query/Builder.php(3489): Illuminate\\Database\\Query\\Builder->onceWithColumns()
#6 /home/u533806958/domains/a1merchantsolutions.triviio.com/public_html/vendor/laravel/framework/src/Illuminate/Database/Concerns/BuildsQueries.php(366): Illuminate\\Database\\Query\\Builder->get()
#7 /home/u533806958/domains/a1merchantsolutions.triviio.com/public_html/vendor/laravel/framework/src/Illuminate/Database/Query/Builder.php(3412): Illuminate\\Database\\Query\\Builder->first()
#8 /home/u533806958/domains/a1merchantsolutions.triviio.com/public_html/vendor/laravel/framework/src/Illuminate/Session/DatabaseSessionHandler.php(96): Illuminate\\Database\\Query\\Builder->find()
#9 /home/u533806958/domains/a1merchantsolutions.triviio.com/public_html/vendor/laravel/framework/src/Illuminate/Session/Store.php(128): Illuminate\\Session\\DatabaseSessionHandler->read()
#10 /home/u533806958/domains/a1merchantsolutions.triviio.com/public_html/vendor/laravel/framework/src/Illuminate/Session/Store.php(116): Illuminate\\Session\\Store->readFromHandler()
#11 /home/u533806958/domains/a1merchantsolutions.triviio.com/public_html/vendor/laravel/framework/src/Illuminate/Session/Store.php(100): Illuminate\\Session\\Store->loadSession()
#12 /home/u533806958/domains/a1merchantsolutions.triviio.com/public_html/vendor/laravel/framework/src/Illuminate/Session/Middleware/StartSession.php(146): Illuminate\\Session\\Store->start()
#13 /home/u533806958/domains/a1merchantsolutions.triviio.com/public_html/vendor/laravel/framework/src/Illuminate/Support/helpers.php(393): Illuminate\\Session\\Middleware\\StartSession->Illuminate\\Session\\Middleware\\{closure}()
#14 /home/u533806958/domains/a1merchantsolutions.triviio.com/public_html/vendor/laravel/framework/src/Illuminate/Session/Middleware/StartSession.php(143): tap()
#15 /home/u533806958/domains/a1merchantsolutions.triviio.com/public_html/vendor/laravel/framework/src/Illuminate/Session/Middleware/StartSession.php(115): Illuminate\\Session\\Middleware\\StartSession->startSession()
#16 /home/u533806958/domains/a1merchantsolutions.triviio.com/public_html/vendor/laravel/framework/src/Illuminate/Session/Middleware/StartSession.php(63): Illuminate\\Session\\Middleware\\StartSession->handleStatefulRequest()
#17 /home/u533806958/domains/a1merchantsolutions.triviio.com/public_html/vendor/laravel/framework/src/Illuminate/Pipeline/Pipeline.php(219): Illuminate\\Session\\Middleware\\StartSession->handle()
#18 /home/u533806958/domains/a1merchantsolutions.triviio.com/public_html/vendor/laravel/framework/src/Illuminate/Cookie/Middleware/AddQueuedCookiesToResponse.php(36): Illuminate\\Pipeline\\Pipeline->Illuminate\\Pipeline\\{closure}()
#19 /home/u533806958/domains/a1merchantsolutions.triviio.com/public_html/vendor/laravel/framework/src/Illuminate/Pipeline/Pipeline.php(219): Illuminate\\Cookie\\Middleware\\AddQueuedCookiesToResponse->handle()
#20 /home/u533806958/domains/a1merchantsolutions.triviio.com/public_html/vendor/laravel/framework/src/Illuminate/Cookie/Middleware/EncryptCookies.php(74): Illuminate\\Pipeline\\Pipeline->Illuminate\\Pipeline\\{closure}()
#21 /home/u533806958/domains/a1merchantsolutions.triviio.com/public_html/vendor/laravel/framework/src/Illuminate/Pipeline/Pipeline.php(219): Illuminate\\Cookie\\Middleware\\EncryptCookies->handle()
#22 /home/u533806958/domains/a1merchantsolutions.triviio.com/public_html/vendor/laravel/framework/src/Illuminate/Pipeline/Pipeline.php(137): Illuminate\\Pipeline\\Pipeline->Illuminate\\Pipeline\\{closure}()
#23 /home/u533806958/domains/a1merchantsolutions.triviio.com/public_html/vendor/laravel/framework/src/Illuminate/Routing/Router.php(821): Illuminate\\Pipeline\\Pipeline->then()
#24 /home/u533806958/domains/a1merchantsolutions.triviio.com/public_html/vendor/laravel/framework/src/Illuminate/Routing/Router.php(800): Illuminate\\Routing\\Router->runRouteWithinStack()
#25 /home/u533806958/domains/a1merchantsolutions.triviio.com/public_html/vendor/laravel/framework/src/Illuminate/Routing/Router.php(764): Illuminate\\Routing\\Router->runRoute()
#26 /home/u533806958/domains/a1merchantsolutions.triviio.com/public_html/vendor/laravel/framework/src/Illuminate/Routing/Router.php(753): Illuminate\\Routing\\Router->dispatchToRoute()
#27 /home/u533806958/domains/a1merchantsolutions.triviio.com/public_html/vendor/laravel/framework/src/Illuminate/Foundation/Http/Kernel.php(200): Illuminate\\Routing\\Router->dispatch()
#28 /home/u533806958/domains/a1merchantsolutions.triviio.com/public_html/vendor/laravel/framework/src/Illuminate/Pipeline/Pipeline.php(180): Illuminate\\Foundation\\Http\\Kernel->Illuminate\\Foundation\\Http\\{closure}()
#29 /home/u533806958/domains/a1merchantsolutions.triviio.com/public_html/vendor/laravel/framework/src/Illuminate/Foundation/Http/Middleware/TransformsRequest.php(21): Illuminate\\Pipeline\\Pipeline->Illuminate\\Pipeline\\{closure}()
#30 /home/u533806958/domains/a1merchantsolutions.triviio.com/public_html/vendor/laravel/framework/src/Illuminate/Foundation/Http/Middleware/ConvertEmptyStringsToNull.php(31): Illuminate\\Foundation\\Http\\Middleware\\TransformsRequest->handle()
#31 /home/u533806958/domains/a1merchantsolutions.triviio.com/public_html/vendor/laravel/framework/src/Illuminate/Pipeline/Pipeline.php(219): Illuminate\\Foundation\\Http\\Middleware\\ConvertEmptyStringsToNull->handle()
#32 /home/u533806958/domains/a1merchantsolutions.triviio.com/public_html/vendor/laravel/framework/src/Illuminate/Foundation/Http/Middleware/TransformsRequest.php(21): Illuminate\\Pipeline\\Pipeline->Illuminate\\Pipeline\\{closure}()
#33 /home/u533806958/domains/a1merchantsolutions.triviio.com/public_html/vendor/laravel/framework/src/Illuminate/Foundation/Http/Middleware/TrimStrings.php(51): Illuminate\\Foundation\\Http\\Middleware\\TransformsRequest->handle()
#34 /home/u533806958/domains/a1merchantsolutions.triviio.com/public_html/vendor/laravel/framework/src/Illuminate/Pipeline/Pipeline.php(219): Illuminate\\Foundation\\Http\\Middleware\\TrimStrings->handle()
#35 /home/u533806958/domains/a1merchantsolutions.triviio.com/public_html/vendor/laravel/framework/src/Illuminate/Http/Middleware/ValidatePostSize.php(27): Illuminate\\Pipeline\\Pipeline->Illuminate\\Pipeline\\{closure}()
#36 /home/u533806958/domains/a1merchantsolutions.triviio.com/public_html/vendor/laravel/framework/src/Illuminate/Pipeline/Pipeline.php(219): Illuminate\\Http\\Middleware\\ValidatePostSize->handle()
#37 /home/u533806958/domains/a1merchantsolutions.triviio.com/public_html/vendor/laravel/framework/src/Illuminate/Foundation/Http/Middleware/PreventRequestsDuringMaintenance.php(109): Illuminate\\Pipeline\\Pipeline->Illuminate\\Pipeline\\{closure}()
#38 /home/u533806958/domains/a1merchantsolutions.triviio.com/public_html/vendor/laravel/framework/src/Illuminate/Pipeline/Pipeline.php(219): Illuminate\\Foundation\\Http\\Middleware\\PreventRequestsDuringMaintenance->handle()
#39 /home/u533806958/domains/a1merchantsolutions.triviio.com/public_html/vendor/laravel/framework/src/Illuminate/Http/Middleware/HandleCors.php(61): Illuminate\\Pipeline\\Pipeline->Illuminate\\Pipeline\\{closure}()
#40 /home/u533806958/domains/a1merchantsolutions.triviio.com/public_html/vendor/laravel/framework/src/Illuminate/Pipeline/Pipeline.php(219): Illuminate\\Http\\Middleware\\HandleCors->handle()
#41 /home/u533806958/domains/a1merchantsolutions.triviio.com/public_html/vendor/laravel/framework/src/Illuminate/Http/Middleware/TrustProxies.php(58): Illuminate\\Pipeline\\Pipeline->Illuminate\\Pipeline\\{closure}()
#42 /home/u533806958/domains/a1merchantsolutions.triviio.com/public_html/vendor/laravel/framework/src/Illuminate/Pipeline/Pipeline.php(219): Illuminate\\Http\\Middleware\\TrustProxies->handle()
#43 /home/u533806958/domains/a1merchantsolutions.triviio.com/public_html/vendor/laravel/framework/src/Illuminate/Foundation/Http/Middleware/InvokeDeferredCallbacks.php(22): Illuminate\\Pipeline\\Pipeline->Illuminate\\Pipeline\\{closure}()
#44 /home/u533806958/domains/a1merchantsolutions.triviio.com/public_html/vendor/laravel/framework/src/Illuminate/Pipeline/Pipeline.php(219): Illuminate\\Foundation\\Http\\Middleware\\InvokeDeferredCallbacks->handle()
#45 /home/u533806958/domains/a1merchantsolutions.triviio.com/public_html/vendor/laravel/framework/src/Illuminate/Http/Middleware/ValidatePathEncoding.php(26): Illuminate\\Pipeline\\Pipeline->Illuminate\\Pipeline\\{closure}()
#46 /home/u533806958/domains/a1merchantsolutions.triviio.com/public_html/vendor/laravel/framework/src/Illuminate/Pipeline/Pipeline.php(219): Illuminate\\Http\\Middleware\\ValidatePathEncoding->handle()
#47 /home/u533806958/domains/a1merchantsolutions.triviio.com/public_html/vendor/laravel/framework/src/Illuminate/Pipeline/Pipeline.php(137): Illuminate\\Pipeline\\Pipeline->Illuminate\\Pipeline\\{closure}()
#48 /home/u533806958/domains/a1merchantsolutions.triviio.com/public_html/vendor/laravel/framework/src/Illuminate/Foundation/Http/Kernel.php(175): Illuminate\\Pipeline\\Pipeline->then()
#49 /home/u533806958/domains/a1merchantsolutions.triviio.com/public_html/vendor/laravel/framework/src/Illuminate/Foundation/Http/Kernel.php(144): Illuminate\\Foundation\\Http\\Kernel->sendRequestThroughRouter()
#50 /home/u533806958/domains/a1merchantsolutions.triviio.com/public_html/vendor/laravel/framework/src/Illuminate/Foundation/Application.php(1220): Illuminate\\Foundation\\Http\\Kernel->handle()
#51 /home/u533806958/domains/a1merchantsolutions.triviio.com/public_html/public/index.php(15): Illuminate\\Foundation\\Application->handleRequest()
#52 {main}

[previous exception] [object] (PDOException(code: 2002): SQLSTATE[HY000] [2002] Operation not permitted at /home/u533806958/domains/a1merchantsolutions.triviio.com/public_html/vendor/laravel/framework/src/Illuminate/Database/Connectors/Connector.php:66)
[stacktrace]
#0 /home/u533806958/domains/a1merchantsolutions.triviio.com/public_html/vendor/laravel/framework/src/Illuminate/Database/Connectors/Connector.php(66): PDO->__construct()
#1 /home/u533806958/domains/a1merchantsolutions.triviio.com/public_html/vendor/laravel/framework/src/Illuminate/Database/Connectors/Connector.php(44): Illuminate\\Database\\Connectors\\Connector->createPdoConnection()
#2 /home/u533806958/domains/a1merchantsolutions.triviio.com/public_html/vendor/laravel/framework/src/Illuminate/Database/Connectors/MySqlConnector.php(24): Illuminate\\Database\\Connectors\\Connector->createConnection()
#3 /home/u533806958/domains/a1merchantsolutions.triviio.com/public_html/vendor/laravel/framework/src/Illuminate/Database/Connectors/ConnectionFactory.php(186): Illuminate\\Database\\Connectors\\MySqlConnector->connect()
#4 [internal function]: Illuminate\\Database\\Connectors\\ConnectionFactory->Illuminate\\Database\\Connectors\\{closure}()
#5 /home/u533806958/domains/a1merchantsolutions.triviio.com/public_html/vendor/laravel/framework/src/Illuminate/Database/Connection.php(1257): call_user_func()
#6 /home/u533806958/domains/a1merchantsolutions.triviio.com/public_html/vendor/laravel/framework/src/Illuminate/Database/Connection.php(525): Illuminate\\Database\\Connection->getPdo()
#7 /home/u533806958/domains/a1merchantsolutions.triviio.com/public_html/vendor/laravel/framework/src/Illuminate/Database/Connection.php(420): Illuminate\\Database\\Connection->getPdoForSelect()
#8 /home/u533806958/domains/a1merchantsolutions.triviio.com/public_html/vendor/laravel/framework/src/Illuminate/Database/Connection.php(827): Illuminate\\Database\\Connection->Illuminate\\Database\\{closure}()
#9 /home/u533806958/domains/a1merchantsolutions.triviio.com/public_html/vendor/laravel/framework/src/Illuminate/Database/Connection.php(794): Illuminate\\Database\\Connection->runQueryCallback()
#10 /home/u533806958/domains/a1merchantsolutions.triviio.com/public_html/vendor/laravel/framework/src/Illuminate/Database/Connection.php(411): Illuminate\\Database\\Connection->run()
#11 /home/u533806958/domains/a1merchantsolutions.triviio.com/public_html/vendor/laravel/framework/src/Illuminate/Database/Query/Builder.php(3505): Illuminate\\Database\\Connection->select()
#12 /home/u533806958/domains/a1merchantsolutions.triviio.com/public_html/vendor/laravel/framework/src/Illuminate/Database/Query/Builder.php(3490): Illuminate\\Database\\Query\\Builder->runSelect()
#13 /home/u533806958/domains/a1merchantsolutions.triviio.com/public_html/vendor/laravel/framework/src/Illuminate/Database/Query/Builder.php(4080): Illuminate\\Database\\Query\\Builder->Illuminate\\Database\\Query\\{closure}()
#14 /home/u533806958/domains/a1merchantsolutions.triviio.com/public_html/vendor/laravel/framework/src/Illuminate/Database/Query/Builder.php(3489): Illuminate\\Database\\Query\\Builder->onceWithColumns()
#15 /home/u533806958/domains/a1merchantsolutions.triviio.com/public_html/vendor/laravel/framework/src/Illuminate/Database/Concerns/BuildsQueries.php(366): Illuminate\\Database\\Query\\Builder->get()
#16 /home/u533806958/domains/a1merchantsolutions.triviio.com/public_html/vendor/laravel/framework/src/Illuminate/Database/Query/Builder.php(3412): Illuminate\\Database\\Query\\Builder->first()
#17 /home/u533806958/domains/a1merchantsolutions.triviio.com/public_html/vendor/laravel/framework/src/Illuminate/Session/DatabaseSessionHandler.php(96): Illuminate\\Database\\Query\\Builder->find()
#18 /home/u533806958/domains/a1merchantsolutions.triviio.com/public_html/vendor/laravel/framework/src/Illuminate/Session/Store.php(128): Illuminate\\Session\\DatabaseSessionHandler->read()
#19 /home/u533806958/domains/a1merchantsolutions.triviio.com/public_html/vendor/laravel/framework/src/Illuminate/Session/Store.php(116): Illuminate\\Session\\Store->readFromHandler()
#20 /home/u533806958/domains/a1merchantsolutions.triviio.com/public_html/vendor/laravel/framework/src/Illuminate/Session/Store.php(100): Illuminate\\Session\\Store->loadSession()
#21 /home/u533806958/domains/a1merchantsolutions.triviio.com/public_html/vendor/laravel/framework/src/Illuminate/Session/Middleware/StartSession.php(146): Illuminate\\Session\\Store->start()
#22 /home/u533806958/domains/a1merchantsolutions.triviio.com/public_html/vendor/laravel/framework/src/Illuminate/Support/helpers.php(393): Illuminate\\Session\\Middleware\\StartSession->Illuminate\\Session\\Middleware\\{closure}()
#23 /home/u533806958/domains/a1merchantsolutions.triviio.com/public_html/vendor/laravel/framework/src/Illuminate/Session/Middleware/StartSession.php(143): tap()
#24 /home/u533806958/domains/a1merchantsolutions.triviio.com/public_html/vendor/laravel/framework/src/Illuminate/Session/Middleware/StartSession.php(115): Illuminate\\Session\\Middleware\\StartSession->startSession()
#25 /home/u533806958/domains/a1merchantsolutions.triviio.com/public_html/vendor/laravel/framework/src/Illuminate/Session/Middleware/StartSession.php(63): Illuminate\\Session\\Middleware\\StartSession->handleStatefulRequest()
#26 /home/u533806958/domains/a1merchantsolutions.triviio.com/public_html/vendor/laravel/framework/src/Illuminate/Pipeline/Pipeline.php(219): Illuminate\\Session\\Middleware\\StartSession->handle()
#27 /home/u533806958/domains/a1merchantsolutions.triviio.com/public_html/vendor/laravel/framework/src/Illuminate/Cookie/Middleware/AddQueuedCookiesToResponse.php(36): Illuminate\\Pipeline\\Pipeline->Illuminate\\Pipeline\\{closure}()
#28 /home/u533806958/domains/a1merchantsolutions.triviio.com/public_html/vendor/laravel/framework/src/Illuminate/Pipeline/Pipeline.php(219): Illuminate\\Cookie\\Middleware\\AddQueuedCookiesToResponse->handle()
#29 /home/u533806958/domains/a1merchantsolutions.triviio.com/public_html/vendor/laravel/framework/src/Illuminate/Cookie/Middleware/EncryptCookies.php(74): Illuminate\\Pipeline\\Pipeline->Illuminate\\Pipeline\\{closure}()
#30 /home/u533806958/domains/a1merchantsolutions.triviio.com/public_html/vendor/laravel/framework/src/Illuminate/Pipeline/Pipeline.php(219): Illuminate\\Cookie\\Middleware\\EncryptCookies->handle()
#31 /home/u533806958/domains/a1merchantsolutions.triviio.com/public_html/vendor/laravel/framework/src/Illuminate/Pipeline/Pipeline.php(137): Illuminate\\Pipeline\\Pipeline->Illuminate\\Pipeline\\{closure}()
#32 /home/u533806958/domains/a1merchantsolutions.triviio.com/public_html/vendor/laravel/framework/src/Illuminate/Routing/Router.php(821): Illuminate\\Pipeline\\Pipeline->then()
#33 /home/u533806958/domains/a1merchantsolutions.triviio.com/public_html/vendor/laravel/framework/src/Illuminate/Routing/Router.php(800): Illuminate\\Routing\\Router->runRouteWithinStack()
#34 /home/u533806958/domains/a1merchantsolutions.triviio.com/public_html/vendor/laravel/framework/src/Illuminate/Routing/Router.php(764): Illuminate\\Routing\\Router->runRoute()
#35 /home/u533806958/domains/a1merchantsolutions.triviio.com/public_html/vendor/laravel/framework/src/Illuminate/Routing/Router.php(753): Illuminate\\Routing\\Router->dispatchToRoute()
#36 /home/u533806958/domains/a1merchantsolutions.triviio.com/public_html/vendor/laravel/framework/src/Illuminate/Foundation/Http/Kernel.php(200): Illuminate\\Routing\\Router->dispatch()
#37 /home/u533806958/domains/a1merchantsolutions.triviio.com/public_html/vendor/laravel/framework/src/Illuminate/Pipeline/Pipeline.php(180): Illuminate\\Foundation\\Http\\Kernel->Illuminate\\Foundation\\Http\\{closure}()
#38 /home/u533806958/domains/a1merchantsolutions.triviio.com/public_html/vendor/laravel/framework/src/Illuminate/Foundation/Http/Middleware/TransformsRequest.php(21): Illuminate\\Pipeline\\Pipeline->Illuminate\\Pipeline\\{closure}()
#39 /home/u533806958/domains/a1merchantsolutions.triviio.com/public_html/vendor/laravel/framework/src/Illuminate/Foundation/Http/Middleware/ConvertEmptyStringsToNull.php(31): Illuminate\\Foundation\\Http\\Middleware\\TransformsRequest->handle()
#40 /home/u533806958/domains/a1merchantsolutions.triviio.com/public_html/vendor/laravel/framework/src/Illuminate/Pipeline/Pipeline.php(219): Illuminate\\Foundation\\Http\\Middleware\\ConvertEmptyStringsToNull->handle()
#41 /home/u533806958/domains/a1merchantsolutions.triviio.com/public_html/vendor/laravel/framework/src/Illuminate/Foundation/Http/Middleware/TransformsRequest.php(21): Illuminate\\Pipeline\\Pipeline->Illuminate\\Pipeline\\{closure}()
#42 /home/u533806958/domains/a1merchantsolutions.triviio.com/public_html/vendor/laravel/framework/src/Illuminate/Foundation/Http/Middleware/TrimStrings.php(51): Illuminate\\Foundation\\Http\\Middleware\\TransformsRequest->handle()
#43 /home/u533806958/domains/a1merchantsolutions.triviio.com/public_html/vendor/laravel/framework/src/Illuminate/Pipeline/Pipeline.php(219): Illuminate\\Foundation\\Http\\Middleware\\TrimStrings->handle()
#44 /home/u533806958/domains/a1merchantsolutions.triviio.com/public_html/vendor/laravel/framework/src/Illuminate/Http/Middleware/ValidatePostSize.php(27): Illuminate\\Pipeline\\Pipeline->Illuminate\\Pipeline\\{closure}()
#45 /home/u533806958/domains/a1merchantsolutions.triviio.com/public_html/vendor/laravel/framework/src/Illuminate/Pipeline/Pipeline.php(219): Illuminate\\Http\\Middleware\\ValidatePostSize->handle()
#46 /home/u533806958/domains/a1merchantsolutions.triviio.com/public_html/vendor/laravel/framework/src/Illuminate/Foundation/Http/Middleware/PreventRequestsDuringMaintenance.php(109): Illuminate\\Pipeline\\Pipeline->Illuminate\\Pipeline\\{closure}()
#47 /home/u533806958/domains/a1merchantsolutions.triviio.com/public_html/vendor/laravel/framework/src/Illuminate/Pipeline/Pipeline.php(219): Illuminate\\Foundation\\Http\\Middleware\\PreventRequestsDuringMaintenance->handle()
#48 /home/u533806958/domains/a1merchantsolutions.triviio.com/public_html/vendor/laravel/framework/src/Illuminate/Http/Middleware/HandleCors.php(61): Illuminate\\Pipeline\\Pipeline->Illuminate\\Pipeline\\{closure}()
#49 /home/u533806958/domains/a1merchantsolutions.triviio.com/public_html/vendor/laravel/framework/src/Illuminate/Pipeline/Pipeline.php(219): Illuminate\\Http\\Middleware\\HandleCors->handle()
#50 /home/u533806958/domains/a1merchantsolutions.triviio.com/public_html/vendor/laravel/framework/src/Illuminate/Http/Middleware/TrustProxies.php(58): Illuminate\\Pipeline\\Pipeline->Illuminate\\Pipeline\\{closure}()
#51 /home/u533806958/domains/a1merchantsolutions.triviio.com/public_html/vendor/laravel/framework/src/Illuminate/Pipeline/Pipeline.php(219): Illuminate\\Http\\Middleware\\TrustProxies->handle()
#52 /home/u533806958/domains/a1merchantsolutions.triviio.com/public_html/vendor/laravel/framework/src/Illuminate/Foundation/Http/Middleware/InvokeDeferredCallbacks.php(22): Illuminate\\Pipeline\\Pipeline->Illuminate\\Pipeline\\{closure}()
#53 /home/u533806958/domains/a1merchantsolutions.triviio.com/public_html/vendor/laravel/framework/src/Illuminate/Pipeline/Pipeline.php(219): Illuminate\\Foundation\\Http\\Middleware\\InvokeDeferredCallbacks->handle()
#54 /home/u533806958/domains/a1merchantsolutions.triviio.com/public_html/vendor/laravel/framework/src/Illuminate/Http/Middleware/ValidatePathEncoding.php(26): Illuminate\\Pipeline\\Pipeline->Illuminate\\Pipeline\\{closure}()
#55 /home/u533806958/domains/a1merchantsolutions.triviio.com/public_html/vendor/laravel/framework/src/Illuminate/Pipeline/Pipeline.php(219): Illuminate\\Http\\Middleware\\ValidatePathEncoding->handle()
#56 /home/u533806958/domains/a1merchantsolutions.triviio.com/public_html/vendor/laravel/framework/src/Illuminate/Pipeline/Pipeline.php(137): Illuminate\\Pipeline\\Pipeline->Illuminate\\Pipeline\\{closure}()
#57 /home/u533806958/domains/a1merchantsolutions.triviio.com/public_html/vendor/laravel/framework/src/Illuminate/Foundation/Http/Kernel.php(175): Illuminate\\Pipeline\\Pipeline->then()
#58 /home/u533806958/domains/a1merchantsolutions.triviio.com/public_html/vendor/laravel/framework/src/Illuminate/Foundation/Http/Kernel.php(144): Illuminate\\Foundation\\Http\\Kernel->sendRequestThroughRouter()
#59 /home/u533806958/domains/a1merchantsolutions.triviio.com/public_html/vendor/laravel/framework/src/Illuminate/Foundation/Application.php(1220): Illuminate\\Foundation\\Http\\Kernel->handle()
#60 /home/u533806958/domains/a1merchantsolutions.triviio.com/public_html/public/index.php(15): Illuminate\\Foundation\\Application->handleRequest()
#61 {main}
"} 
[2026-08-13 10:06:37] local.ERROR: SQLSTATE[HY000] [2002] Operation not permitted (Connection: mysql, Host: 127.0.0.1, Port: 3306, Database: u533806958_adcoupon, SQL: select * from `sessions` where `id` = QulFhHMXKY2R1hgegmEMjxV1t16Kgz8fSP4weIF8 limit 1) {"exception":"[object] (Illuminate\\Database\\QueryException(code: 2002): SQLSTATE[HY000] [2002] Operation not permitted (Connection: mysql, Host: 127.0.0.1, Port: 3306, Database: u533806958_adcoupon, SQL: select * from `sessions` where `id` = QulFhHMXKY2R1hgegmEMjxV1t16Kgz8fSP4weIF8 limit 1) at /home/u533806958/domains/a1merchantsolutions.triviio.com/public_html/vendor/laravel/framework/src/Illuminate/Database/Connection.php:838)
[stacktrace]
#0 /home/u533806958/domains/a1merchantsolutions.triviio.com/public_html/vendor/laravel/framework/src/Illuminate/Database/Connection.php(794): Illuminate\\Database\\Connection->runQueryCallback()
#1 /home/u533806958/domains/a1merchantsolutions.triviio.com/public_html/vendor/laravel/framework/src/Illuminate/Database/Connection.php(411): Illuminate\\Database\\Connection->run()
#2 /home/u533806958/domains/a1merchantsolutions.triviio.com/public_html/vendor/laravel/framework/src/Illuminate/Database/Query/Builder.php(3505): Illuminate\\Database\\Connection->select()
#3 /home/u533806958/domains/a1merchantsolutions.triviio.com/public_html/vendor/laravel/framework/src/Illuminate/Database/Query/Builder.php(3490): Illuminate\\Database\\Query\\Builder->runSelect()
#4 /home/u533806958/domains/a1merchantsolutions.triviio.com/public_html/vendor/laravel/framework/src/Illuminate/Database/Query/Builder.php(4080): Illuminate\\Database\\Query\\Builder->Illuminate\\Database\\Query\\{closure}()
#5 /home/u533806958/domains/a1merchantsolutions.triviio.com/public_html/vendor/laravel/framework/src/Illuminate/Database/Query/Builder.php(3489): Illuminate\\Database\\Query\\Builder->onceWithColumns()
#6 /home/u533806958/domains/a1merchantsolutions.triviio.com/public_html/vendor/laravel/framework/src/Illuminate/Database/Concerns/BuildsQueries.php(366): Illuminate\\Database\\Query\\Builder->get()
#7 /home/u533806958/domains/a1merchantsolutions.triviio.com/public_html/vendor/laravel/framework/src/Illuminate/Database/Query/Builder.php(3412): Illuminate\\Database\\Query\\Builder->first()
#8 /home/u533806958/domains/a1merchantsolutions.triviio.com/public_html/vendor/laravel/framework/src/Illuminate/Session/DatabaseSessionHandler.php(96): Illuminate\\Database\\Query\\Builder->find()
#9 /home/u533806958/domains/a1merchantsolutions.triviio.com/public_html/vendor/laravel/framework/src/Illuminate/Session/Store.php(128): Illuminate\\Session\\DatabaseSessionHandler->read()
#10 /home/u533806958/domains/a1merchantsolutions.triviio.com/public_html/vendor/laravel/framework/src/Illuminate/Session/Store.php(116): Illuminate\\Session\\Store->readFromHandler()
#11 /home/u533806958/domains/a1merchantsolutions.triviio.com/public_html/vendor/laravel/framework/src/Illuminate/Session/Store.php(100): Illuminate\\Session\\Store->loadSession()
#12 /home/u533806958/domains/a1merchantsolutions.triviio.com/public_html/vendor/laravel/framework/src/Illuminate/Session/Middleware/StartSession.php(146): Illuminate\\Session\\Store->start()
#13 /home/u533806958/domains/a1merchantsolutions.triviio.com/public_html/vendor/laravel/framework/src/Illuminate/Support/helpers.php(393): Illuminate\\Session\\Middleware\\StartSession->Illuminate\\Session\\Middleware\\{closure}()
#14 /home/u533806958/domains/a1merchantsolutions.triviio.com/public_html/vendor/laravel/framework/src/Illuminate/Session/Middleware/StartSession.php(143): tap()
#15 /home/u533806958/domains/a1merchantsolutions.triviio.com/public_html/vendor/laravel/framework/src/Illuminate/Session/Middleware/StartSession.php(115): Illuminate\\Session\\Middleware\\StartSession->startSession()
#16 /home/u533806958/domains/a1merchantsolutions.triviio.com/public_html/vendor/laravel/framework/src/Illuminate/Session/Middleware/StartSession.php(63): Illuminate\\Session\\Middleware\\StartSession->handleStatefulRequest()
#17 /home/u533806958/domains/a1merchantsolutions.triviio.com/public_html/vendor/laravel/framework/src/Illuminate/Pipeline/Pipeline.php(219): Illuminate\\Session\\Middleware\\StartSession->handle()
#18 /home/u533806958/domains/a1merchantsolutions.triviio.com/public_html/vendor/laravel/framework/src/Illuminate/Cookie/Middleware/AddQueuedCookiesToResponse.php(36): Illuminate\\Pipeline\\Pipeline->Illuminate\\Pipeline\\{closure}()
#19 /home/u533806958/domains/a1merchantsolutions.triviio.com/public_html/vendor/laravel/framework/src/Illuminate/Pipeline/Pipeline.php(219): Illuminate\\Cookie\\Middleware\\AddQueuedCookiesToResponse->handle()
#20 /home/u533806958/domains/a1merchantsolutions.triviio.com/public_html/vendor/laravel/framework/src/Illuminate/Cookie/Middleware/EncryptCookies.php(74): Illuminate\\Pipeline\\Pipeline->Illuminate\\Pipeline\\{closure}()
#21 /home/u533806958/domains/a1merchantsolutions.triviio.com/public_html/vendor/laravel/framework/src/Illuminate/Pipeline/Pipeline.php(219): Illuminate\\Cookie\\Middleware\\EncryptCookies->handle()
#22 /home/u533806958/domains/a1merchantsolutions.triviio.com/public_html/vendor/laravel/framework/src/Illuminate/Pipeline/Pipeline.php(137): Illuminate\\Pipeline\\Pipeline->Illuminate\\Pipeline\\{closure}()
#23 /home/u533806958/domains/a1merchantsolutions.triviio.com/public_html/vendor/laravel/framework/src/Illuminate/Routing/Router.php(821): Illuminate\\Pipeline\\Pipeline->then()
#24 /home/u533806958/domains/a1merchantsolutions.triviio.com/public_html/vendor/laravel/framework/src/Illuminate/Routing/Router.php(800): Illuminate\\Routing\\Router->runRouteWithinStack()
#25 /home/u533806958/domains/a1merchantsolutions.triviio.com/public_html/vendor/laravel/framework/src/Illuminate/Routing/Router.php(764): Illuminate\\Routing\\Router->runRoute()
#26 /home/u533806958/domains/a1merchantsolutions.triviio.com/public_html/vendor/laravel/framework/src/Illuminate/Routing/Router.php(753): Illuminate\\Routing\\Router->dispatchToRoute()
#27 /home/u533806958/domains/a1merchantsolutions.triviio.com/public_html/vendor/laravel/framework/src/Illuminate/Foundation/Http/Kernel.php(200): Illuminate\\Routing\\Router->dispatch()
#28 /home/u533806958/domains/a1merchantsolutions.triviio.com/public_html/vendor/laravel/framework/src/Illuminate/Pipeline/Pipeline.php(180): Illuminate\\Foundation\\Http\\Kernel->Illuminate\\Foundation\\Http\\{closure}()
#29 /home/u533806958/domains/a1merchantsolutions.triviio.com/public_html/vendor/laravel/framework/src/Illuminate/Foundation/Http/Middleware/TransformsRequest.php(21): Illuminate\\Pipeline\\Pipeline->Illuminate\\Pipeline\\{closure}()
#30 /home/u533806958/domains/a1merchantsolutions.triviio.com/public_html/vendor/laravel/framework/src/Illuminate/Foundation/Http/Middleware/ConvertEmptyStringsToNull.php(31): Illuminate\\Foundation\\Http\\Middleware\\TransformsRequest->handle()
#31 /home/u533806958/domains/a1merchantsolutions.triviio.com/public_html/vendor/laravel/framework/src/Illuminate/Pipeline/Pipeline.php(219): Illuminate\\Foundation\\Http\\Middleware\\ConvertEmptyStringsToNull->handle()
#32 /home/u533806958/domains/a1merchantsolutions.triviio.com/public_html/vendor/laravel/framework/src/Illuminate/Foundation/Http/Middleware/TransformsRequest.php(21): Illuminate\\Pipeline\\Pipeline->Illuminate\\Pipeline\\{closure}()
#33 /home/u533806958/domains/a1merchantsolutions.triviio.com/public_html/vendor/laravel/framework/src/Illuminate/Foundation/Http/Middleware/TrimStrings.php(51): Illuminate\\Foundation\\Http\\Middleware\\TransformsRequest->handle()
#34 /home/u533806958/domains/a1merchantsolutions.triviio.com/public_html/vendor/laravel/framework/src/Illuminate/Pipeline/Pipeline.php(219): Illuminate\\Foundation\\Http\\Middleware\\TrimStrings->handle()
#35 /home/u533806958/domains/a1merchantsolutions.triviio.com/public_html/vendor/laravel/framework/src/Illuminate/Http/Middleware/ValidatePostSize.php(27): Illuminate\\Pipeline\\Pipeline->Illuminate\\Pipeline\\{closure}()
#36 /home/u533806958/domains/a1merchantsolutions.triviio.com/public_html/vendor/laravel/framework/src/Illuminate/Pipeline/Pipeline.php(219): Illuminate\\Http\\Middleware\\ValidatePostSize->handle()
#37 /home/u533806958/domains/a1merchantsolutions.triviio.com/public_html/vendor/laravel/framework/src/Illuminate/Foundation/Http/Middleware/PreventRequestsDuringMaintenance.php(109): Illuminate\\Pipeline\\Pipeline->Illuminate\\Pipeline\\{closure}()
#38 /home/u533806958/domains/a1merchantsolutions.triviio.com/public_html/vendor/laravel/framework/src/Illuminate/Pipeline/Pipeline.php(219): Illuminate\\Foundation\\Http\\Middleware\\PreventRequestsDuringMaintenance->handle()
#39 /home/u533806958/domains/a1merchantsolutions.triviio.com/public_html/vendor/laravel/framework/src/Illuminate/Http/Middleware/HandleCors.php(61): Illuminate\\Pipeline\\Pipeline->Illuminate\\Pipeline\\{closure}()
#40 /home/u533806958/domains/a1merchantsolutions.triviio.com/public_html/vendor/laravel/framework/src/Illuminate/Pipeline/Pipeline.php(219): Illuminate\\Http\\Middleware\\HandleCors->handle()
#41 /home/u533806958/domains/a1merchantsolutions.triviio.com/public_html/vendor/laravel/framework/src/Illuminate/Http/Middleware/TrustProxies.php(58): Illuminate\\Pipeline\\Pipeline->Illuminate\\Pipeline\\{closure}()
#42 /home/u533806958/domains/a1merchantsolutions.triviio.com/public_html/vendor/laravel/framework/src/Illuminate/Pipeline/Pipeline.php(219): Illuminate\\Http\\Middleware\\TrustProxies->handle()
#43 /home/u533806958/domains/a1merchantsolutions.triviio.com/public_html/vendor/laravel/framework/src/Illuminate/Foundation/Http/Middleware/InvokeDeferredCallbacks.php(22): Illuminate\\Pipeline\\Pipeline->Illuminate\\Pipeline\\{closure}()
#44 /home/u533806958/domains/a1merchantsolutions.triviio.com/public_html/vendor/laravel/framework/src/Illuminate/Pipeline/Pipeline.php(219): Illuminate\\Foundation\\Http\\Middleware\\InvokeDeferredCallbacks->handle()
#45 /home/u533806958/domains/a1merchantsolutions.triviio.com/public_html/vendor/laravel/framework/src/Illuminate/Http/Middleware/ValidatePathEncoding.php(26): Illuminate\\Pipeline\\Pipeline->Illuminate\\Pipeline\\{closure}()
#46 /home/u533806958/domains/a1merchantsolutions.triviio.com/public_html/vendor/laravel/framework/src/Illuminate/Pipeline/Pipeline.php(219): Illuminate\\Http\\Middleware\\ValidatePathEncoding->handle()
#47 /home/u533806958/domains/a1merchantsolutions.triviio.com/public_html/vendor/laravel/framework/src/Illuminate/Pipeline/Pipeline.php(137): Illuminate\\Pipeline\\Pipeline->Illuminate\\Pipeline\\{closure}()
#48 /home/u533806958/domains/a1merchantsolutions.triviio.com/public_html/vendor/laravel/framework/src/Illuminate/Foundation/Http/Kernel.php(175): Illuminate\\Pipeline\\Pipeline->then()
#49 /home/u533806958/domains/a1merchantsolutions.triviio.com/public_html/vendor/laravel/framework/src/Illuminate/Foundation/Http/Kernel.php(144): Illuminate\\Foundation\\Http\\Kernel->sendRequestThroughRouter()
#50 /home/u533806958/domains/a1merchantsolutions.triviio.com/public_html/vendor/laravel/framework/src/Illuminate/Foundation/Application.php(1220): Illuminate\\Foundation\\Http\\Kernel->handle()
#51 /home/u533806958/domains/a1merchantsolutions.triviio.com/public_html/public/index.php(15): Illuminate\\Foundation\\Application->handleRequest()
#52 {main}

[previous exception] [object] (PDOException(code: 2002): SQLSTATE[HY000] [2002] Operation not permitted at /home/u533806958/domains/a1merchantsolutions.triviio.com/public_html/vendor/laravel/framework/src/Illuminate/Database/Connectors/Connector.php:66)
[stacktrace]
#0 /home/u533806958/domains/a1merchantsolutions.triviio.com/public_html/vendor/laravel/framework/src/Illuminate/Database/Connectors/Connector.php(66): PDO->__construct()
#1 /home/u533806958/domains/a1merchantsolutions.triviio.com/public_html/vendor/laravel/framework/src/Illuminate/Database/Connectors/Connector.php(44): Illuminate\\Database\\Connectors\\Connector->createPdoConnection()
#2 /home/u533806958/domains/a1merchantsolutions.triviio.com/public_html/vendor/laravel/framework/src/Illuminate/Database/Connectors/MySqlConnector.php(24): Illuminate\\Database\\Connectors\\Connector->createConnection()
#3 /home/u533806958/domains/a1merchantsolutions.triviio.com/public_html/vendor/laravel/framework/src/Illuminate/Database/Connectors/ConnectionFactory.php(186): Illuminate\\Database\\Connectors\\MySqlConnector->connect()
#4 [internal function]: Illuminate\\Database\\Connectors\\ConnectionFactory->Illuminate\\Database\\Connectors\\{closure}()
#5 /home/u533806958/domains/a1merchantsolutions.triviio.com/public_html/vendor/laravel/framework/src/Illuminate/Database/Connection.php(1257): call_user_func()
#6 /home/u533806958/domains/a1merchantsolutions.triviio.com/public_html/vendor/laravel/framework/src/Illuminate/Database/Connection.php(525): Illuminate\\Database\\Connection->getPdo()
#7 /home/u533806958/domains/a1merchantsolutions.triviio.com/public_html/vendor/laravel/framework/src/Illuminate/Database/Connection.php(420): Illuminate\\Database\\Connection->getPdoForSelect()
#8 /home/u533806958/domains/a1merchantsolutions.triviio.com/public_html/vendor/laravel/framework/src/Illuminate/Database/Connection.php(827): Illuminate\\Database\\Connection->Illuminate\\Database\\{closure}()
#9 /home/u533806958/domains/a1merchantsolutions.triviio.com/public_html/vendor/laravel/framework/src/Illuminate/Database/Connection.php(794): Illuminate\\Database\\Connection->runQueryCallback()
#10 /home/u533806958/domains/a1merchantsolutions.triviio.com/public_html/vendor/laravel/framework/src/Illuminate/Database/Connection.php(411): Illuminate\\Database\\Connection->run()
#11 /home/u533806958/domains/a1merchantsolutions.triviio.com/public_html/vendor/laravel/framework/src/Illuminate/Database/Query/Builder.php(3505): Illuminate\\Database\\Connection->select()
#12 /home/u533806958/domains/a1merchantsolutions.triviio.com/public_html/vendor/laravel/framework/src/Illuminate/Database/Query/Builder.php(3490): Illuminate\\Database\\Query\\Builder->runSelect()
#13 /home/u533806958/domains/a1merchantsolutions.triviio.com/public_html/vendor/laravel/framework/src/Illuminate/Database/Query/Builder.php(4080): Illuminate\\Database\\Query\\Builder->Illuminate\\Database\\Query\\{closure}()
#14 /home/u533806958/domains/a1merchantsolutions.triviio.com/public_html/vendor/laravel/framework/src/Illuminate/Database/Query/Builder.php(3489): Illuminate\\Database\\Query\\Builder->onceWithColumns()
#15 /home/u533806958/domains/a1merchantsolutions.triviio.com/public_html/vendor/laravel/framework/src/Illuminate/Database/Concerns/BuildsQueries.php(366): Illuminate\\Database\\Query\\Builder->get()
#16 /home/u533806958/domains/a1merchantsolutions.triviio.com/public_html/vendor/laravel/framework/src/Illuminate/Database/Query/Builder.php(3412): Illuminate\\Database\\Query\\Builder->first()
#17 /home/u533806958/domains/a1merchantsolutions.triviio.com/public_html/vendor/laravel/framework/src/Illuminate/Session/DatabaseSessionHandler.php(96): Illuminate\\Database\\Query\\Builder->find()
#18 /home/u533806958/domains/a1merchantsolutions.triviio.com/public_html/vendor/laravel/framework/src/Illuminate/Session/Store.php(128): Illuminate\\Session\\DatabaseSessionHandler->read()
#19 /home/u533806958/domains/a1merchantsolutions.triviio.com/public_html/vendor/laravel/framework/src/Illuminate/Session/Store.php(116): Illuminate\\Session\\Store->readFromHandler()
#20 /home/u533806958/domains/a1merchantsolutions.triviio.com/public_html/vendor/laravel/framework/src/Illuminate/Session/Store.php(100): Illuminate\\Session\\Store->loadSession()
#21 /home/u533806958/domains/a1merchantsolutions.triviio.com/public_html/vendor/laravel/framework/src/Illuminate/Session/Middleware/StartSession.php(146): Illuminate\\Session\\Store->start()
#22 /home/u533806958/domains/a1merchantsolutions.triviio.com/public_html/vendor/laravel/framework/src/Illuminate/Support/helpers.php(393): Illuminate\\Session\\Middleware\\StartSession->Illuminate\\Session\\Middleware\\{closure}()
#23 /home/u533806958/domains/a1merchantsolutions.triviio.com/public_html/vendor/laravel/framework/src/Illuminate/Session/Middleware/StartSession.php(143): tap()
#24 /home/u533806958/domains/a1merchantsolutions.triviio.com/public_html/vendor/laravel/framework/src/Illuminate/Session/Middleware/StartSession.php(115): Illuminate\\Session\\Middleware\\StartSession->startSession()
#25 /home/u533806958/domains/a1merchantsolutions.triviio.com/public_html/vendor/laravel/framework/src/Illuminate/Session/Middleware/StartSession.php(63): Illuminate\\Session\\Middleware\\StartSession->handleStatefulRequest()
#26 /home/u533806958/domains/a1merchantsolutions.triviio.com/public_html/vendor/laravel/framework/src/Illuminate/Pipeline/Pipeline.php(219): Illuminate\\Session\\Middleware\\StartSession->handle()
#27 /home/u533806958/domains/a1merchantsolutions.triviio.com/public_html/vendor/laravel/framework/src/Illuminate/Cookie/Middleware/AddQueuedCookiesToResponse.php(36): Illuminate\\Pipeline\\Pipeline->Illuminate\\Pipeline\\{closure}()
#28 /home/u533806958/domains/a1merchantsolutions.triviio.com/public_html/vendor/laravel/framework/src/Illuminate/Pipeline/Pipeline.php(219): Illuminate\\Cookie\\Middleware\\AddQueuedCookiesToResponse->handle()
#29 /home/u533806958/domains/a1merchantsolutions.triviio.com/public_html/vendor/laravel/framework/src/Illuminate/Cookie/Middleware/EncryptCookies.php(74): Illuminate\\Pipeline\\Pipeline->Illuminate\\Pipeline\\{closure}()
#30 /home/u533806958/domains/a1merchantsolutions.triviio.com/public_html/vendor/laravel/framework/src/Illuminate/Pipeline/Pipeline.php(219): Illuminate\\Cookie\\Middleware\\EncryptCookies->handle()
#31 /home/u533806958/domains/a1merchantsolutions.triviio.com/public_html/vendor/laravel/framework/src/Illuminate/Pipeline/Pipeline.php(137): Illuminate\\Pipeline\\Pipeline->Illuminate\\Pipeline\\{closure}()
#32 /home/u533806958/domains/a1merchantsolutions.triviio.com/public_html/vendor/laravel/framework/src/Illuminate/Routing/Router.php(821): Illuminate\\Pipeline\\Pipeline->then()
#33 /home/u533806958/domains/a1merchantsolutions.triviio.com/public_html/vendor/laravel/framework/src/Illuminate/Routing/Router.php(800): Illuminate\\Routing\\Router->runRouteWithinStack()
#34 /home/u533806958/domains/a1merchantsolutions.triviio.com/public_html/vendor/laravel/framework/src/Illuminate/Routing/Router.php(764): Illuminate\\Routing\\Router->runRoute()
#35 /home/u533806958/domains/a1merchantsolutions.triviio.com/public_html/vendor/laravel/framework/src/Illuminate/Routing/Router.php(753): Illuminate\\Routing\\Router->dispatchToRoute()
#36 /home/u533806958/domains/a1merchantsolutions.triviio.com/public_html/vendor/laravel/framework/src/Illuminate/Foundation/Http/Kernel.php(200): Illuminate\\Routing\\Router->dispatch()
#37 /home/u533806958/domains/a1merchantsolutions.triviio.com/public_html/vendor/laravel/framework/src/Illuminate/Pipeline/Pipeline.php(180): Illuminate\\Foundation\\Http\\Kernel->Illuminate\\Foundation\\Http\\{closure}()
#38 /home/u533806958/domains/a1merchantsolutions.triviio.com/public_html/vendor/laravel/framework/src/Illuminate/Foundation/Http/Middleware/TransformsRequest.php(21): Illuminate\\Pipeline\\Pipeline->Illuminate\\Pipeline\\{closure}()
#39 /home/u533806958/domains/a1merchantsolutions.triviio.com/public_html/vendor/laravel/framework/src/Illuminate/Foundation/Http/Middleware/ConvertEmptyStringsToNull.php(31): Illuminate\\Foundation\\Http\\Middleware\\TransformsRequest->handle()
#40 /home/u533806958/domains/a1merchantsolutions.triviio.com/public_html/vendor/laravel/framework/src/Illuminate/Pipeline/Pipeline.php(219): Illuminate\\Foundation\\Http\\Middleware\\ConvertEmptyStringsToNull->handle()
#41 /home/u533806958/domains/a1merchantsolutions.triviio.com/public_html/vendor/laravel/framework/src/Illuminate/Foundation/Http/Middleware/TransformsRequest.php(21): Illuminate\\Pipeline\\Pipeline->Illuminate\\Pipeline\\{closure}()
#42 /home/u533806958/domains/a1merchantsolutions.triviio.com/public_html/vendor/laravel/framework/src/Illuminate/Foundation/Http/Middleware/TrimStrings.php(51): Illuminate\\Foundation\\Http\\Middleware\\TransformsRequest->handle()
#43 /home/u533806958/domains/a1merchantsolutions.triviio.com/public_html/vendor/laravel/framework/src/Illuminate/Pipeline/Pipeline.php(219): Illuminate\\Foundation\\Http\\Middleware\\TrimStrings->handle()
#44 /home/u533806958/domains/a1merchantsolutions.triviio.com/public_html/vendor/laravel/framework/src/Illuminate/Http/Middleware/ValidatePostSize.php(27): Illuminate\\Pipeline\\Pipeline->Illuminate\\Pipeline\\{closure}()
#45 /home/u533806958/domains/a1merchantsolutions.triviio.com/public_html/vendor/laravel/framework/src/Illuminate/Pipeline/Pipeline.php(219): Illuminate\\Http\\Middleware\\ValidatePostSize->handle()
#46 /home/u533806958/domains/a1merchantsolutions.triviio.com/public_html/vendor/laravel/framework/src/Illuminate/Foundation/Http/Middleware/PreventRequestsDuringMaintenance.php(109): Illuminate\\Pipeline\\Pipeline->Illuminate\\Pipeline\\{closure}()
#47 /home/u533806958/domains/a1merchantsolutions.triviio.com/public_html/vendor/laravel/framework/src/Illuminate/Pipeline/Pipeline.php(219): Illuminate\\Foundation\\Http\\Middleware\\PreventRequestsDuringMaintenance->handle()
#48 /home/u533806958/domains/a1merchantsolutions.triviio.com/public_html/vendor/laravel/framework/src/Illuminate/Http/Middleware/HandleCors.php(61): Illuminate\\Pipeline\\Pipeline->Illuminate\\Pipeline\\{closure}()
#49 /home/u533806958/domains/a1merchantsolutions.triviio.com/public_html/vendor/laravel/framework/src/Illuminate/Pipeline/Pipeline.php(219): Illuminate\\Http\\Middleware\\HandleCors->handle()
#50 /home/u533806958/domains/a1merchantsolutions.triviio.com/public_html/vendor/laravel/framework/src/Illuminate/Http/Middleware/TrustProxies.php(58): Illuminate\\Pipeline\\Pipeline->Illuminate\\Pipeline\\{closure}()
#51 /home/u533806958/domains/a1merchantsolutions.triviio.com/public_html/vendor/laravel/framework/src/Illuminate/Pipeline/Pipeline.php(219): Illuminate\\Http\\Middleware\\TrustProxies->handle()
#52 /home/u533806958/domains/a1merchantsolutions.triviio.com/public_html/vendor/laravel/framework/src/Illuminate/Foundation/Http/Middleware/InvokeDeferredCallbacks.php(22): Illuminate\\Pipeline\\Pipeline->Illuminate\\Pipeline\\{closure}()
#53 /home/u533806958/domains/a1merchantsolutions.triviio.com/public_html/vendor/laravel/framework/src/Illuminate/Pipeline/Pipeline.php(219): Illuminate\\Foundation\\Http\\Middleware\\InvokeDeferredCallbacks->handle()
#54 /home/u533806958/domains/a1merchantsolutions.triviio.com/public_html/vendor/laravel/framework/src/Illuminate/Http/Middleware/ValidatePathEncoding.php(26): Illuminate\\Pipeline\\Pipeline->Illuminate\\Pipeline\\{closure}()
#55 /home/u533806958/domains/a1merchantsolutions.triviio.com/public_html/vendor/laravel/framework/src/Illuminate/Pipeline/Pipeline.php(219): Illuminate\\Http\\Middleware\\ValidatePathEncoding->handle()
#56 /home/u533806958/domains/a1merchantsolutions.triviio.com/public_html/vendor/laravel/framework/src/Illuminate/Pipeline/Pipeline.php(137): Illuminate\\Pipeline\\Pipeline->Illuminate\\Pipeline\\{closure}()
#57 /home/u533806958/domains/a1merchantsolutions.triviio.com/public_html/vendor/laravel/framework/src/Illuminate/Foundation/Http/Kernel.php(175): Illuminate\\Pipeline\\Pipeline->then()
#58 /home/u533806958/domains/a1merchantsolutions.triviio.com/public_html/vendor/laravel/framework/src/Illuminate/Foundation/Http/Kernel.php(144): Illuminate\\Foundation\\Http\\Kernel->sendRequestThroughRouter()
#59 /home/u533806958/domains/a1merchantsolutions.triviio.com/public_html/vendor/laravel/framework/src/Illuminate/Foundation/Application.php(1220): Illuminate\\Foundation\\Http\\Kernel->handle()
#60 /home/u533806958/domains/a1merchantsolutions.triviio.com/public_html/public/index.php(15): Illuminate\\Foundation\\Application->handleRequest()
#61 {main}
"} 
[2026-08-13 10:06:37] local.ERROR: SQLSTATE[HY000] [2002] Operation not permitted (Connection: mysql, Host: 127.0.0.1, Port: 3306, Database: u533806958_adcoupon, SQL: select * from `sessions` where `id` = QulFhHMXKY2R1hgegmEMjxV1t16Kgz8fSP4weIF8 limit 1) {"exception":"[object] (Illuminate\\Database\\QueryException(code: 2002): SQLSTATE[HY000] [2002] Operation not permitted (Connection: mysql, Host: 127.0.0.1, Port: 3306, Database: u533806958_adcoupon, SQL: select * from `sessions` where `id` = QulFhHMXKY2R1hgegmEMjxV1t16Kgz8fSP4weIF8 limit 1) at /home/u533806958/domains/a1merchantsolutions.triviio.com/public_html/vendor/laravel/framework/src/Illuminate/Database/Connection.php:838)
[stacktrace]
#0 /home/u533806958/domains/a1merchantsolutions.triviio.com/public_html/vendor/laravel/framework/src/Illuminate/Database/Connection.php(794): Illuminate\\Database\\Connection->runQueryCallback()
#1 /home/u533806958/domains/a1merchantsolutions.triviio.com/public_html/vendor/laravel/framework/src/Illuminate/Database/Connection.php(411): Illuminate\\Database\\Connection->run()
#2 /home/u533806958/domains/a1merchantsolutions.triviio.com/public_html/vendor/laravel/framework/src/Illuminate/Database/Query/Builder.php(3505): Illuminate\\Database\\Connection->select()
#3 /home/u533806958/domains/a1merchantsolutions.triviio.com/public_html/vendor/laravel/framework/src/Illuminate/Database/Query/Builder.php(3490): Illuminate\\Database\\Query\\Builder->runSelect()
#4 /home/u533806958/domains/a1merchantsolutions.triviio.com/public_html/vendor/laravel/framework/src/Illuminate/Database/Query/Builder.php(4080): Illuminate\\Database\\Query\\Builder->Illuminate\\Database\\Query\\{closure}()
#5 /home/u533806958/domains/a1merchantsolutions.triviio.com/public_html/vendor/laravel/framework/src/Illuminate/Database/Query/Builder.php(3489): Illuminate\\Database\\Query\\Builder->onceWithColumns()
#6 /home/u533806958/domains/a1merchantsolutions.triviio.com/public_html/vendor/laravel/framework/src/Illuminate/Database/Concerns/BuildsQueries.php(366): Illuminate\\Database\\Query\\Builder->get()
#7 /home/u533806958/domains/a1merchantsolutions.triviio.com/public_html/vendor/laravel/framework/src/Illuminate/Database/Query/Builder.php(3412): Illuminate\\Database\\Query\\Builder->first()
#8 /home/u533806958/domains/a1merchantsolutions.triviio.com/public_html/vendor/laravel/framework/src/Illuminate/Session/DatabaseSessionHandler.php(96): Illuminate\\Database\\Query\\Builder->find()
#9 /home/u533806958/domains/a1merchantsolutions.triviio.com/public_html/vendor/laravel/framework/src/Illuminate/Session/Store.php(128): Illuminate\\Session\\DatabaseSessionHandler->read()
#10 /home/u533806958/domains/a1merchantsolutions.triviio.com/public_html/vendor/laravel/framework/src/Illuminate/Session/Store.php(116): Illuminate\\Session\\Store->readFromHandler()
#11 /home/u533806958/domains/a1merchantsolutions.triviio.com/public_html/vendor/laravel/framework/src/Illuminate/Session/Store.php(100): Illuminate\\Session\\Store->loadSession()
#12 /home/u533806958/domains/a1merchantsolutions.triviio.com/public_html/vendor/laravel/framework/src/Illuminate/Session/Middleware/StartSession.php(146): Illuminate\\Session\\Store->start()
#13 /home/u533806958/domains/a1merchantsolutions.triviio.com/public_html/vendor/laravel/framework/src/Illuminate/Support/helpers.php(393): Illuminate\\Session\\Middleware\\StartSession->Illuminate\\Session\\Middleware\\{closure}()
#14 /home/u533806958/domains/a1merchantsolutions.triviio.com/public_html/vendor/laravel/framework/src/Illuminate/Session/Middleware/StartSession.php(143): tap()
#15 /home/u533806958/domains/a1merchantsolutions.triviio.com/public_html/vendor/laravel/framework/src/Illuminate/Session/Middleware/StartSession.php(115): Illuminate\\Session\\Middleware\\StartSession->startSession()
#16 /home/u533806958/domains/a1merchantsolutions.triviio.com/public_html/vendor/laravel/framework/src/Illuminate/Session/Middleware/StartSession.php(63): Illuminate\\Session\\Middleware\\StartSession->handleStatefulRequest()
#17 /home/u533806958/domains/a1merchantsolutions.triviio.com/public_html/vendor/laravel/framework/src/Illuminate/Pipeline/Pipeline.php(219): Illuminate\\Session\\Middleware\\StartSession->handle()
#18 /home/u533806958/domains/a1merchantsolutions.triviio.com/public_html/vendor/laravel/framework/src/Illuminate/Cookie/Middleware/AddQueuedCookiesToResponse.php(36): Illuminate\\Pipeline\\Pipeline->Illuminate\\Pipeline\\{closure}()
#19 /home/u533806958/domains/a1merchantsolutions.triviio.com/public_html/vendor/laravel/framework/src/Illuminate/Pipeline/Pipeline.php(219): Illuminate\\Cookie\\Middleware\\AddQueuedCookiesToResponse->handle()
#20 /home/u533806958/domains/a1merchantsolutions.triviio.com/public_html/vendor/laravel/framework/src/Illuminate/Cookie/Middleware/EncryptCookies.php(74): Illuminate\\Pipeline\\Pipeline->Illuminate\\Pipeline\\{closure}()
#21 /home/u533806958/domains/a1merchantsolutions.triviio.com/public_html/vendor/laravel/framework/src/Illuminate/Pipeline/Pipeline.php(219): Illuminate\\Cookie\\Middleware\\EncryptCookies->handle()
#22 /home/u533806958/domains/a1merchantsolutions.triviio.com/public_html/vendor/laravel/framework/src/Illuminate/Pipeline/Pipeline.php(137): Illuminate\\Pipeline\\Pipeline->Illuminate\\Pipeline\\{closure}()
#23 /home/u533806958/domains/a1merchantsolutions.triviio.com/public_html/vendor/laravel/framework/src/Illuminate/Routing/Router.php(821): Illuminate\\Pipeline\\Pipeline->then()
#24 /home/u533806958/domains/a1merchantsolutions.triviio.com/public_html/vendor/laravel/framework/src/Illuminate/Routing/Router.php(800): Illuminate\\Routing\\Router->runRouteWithinStack()
#25 /home/u533806958/domains/a1merchantsolutions.triviio.com/public_html/vendor/laravel/framework/src/Illuminate/Routing/Router.php(764): Illuminate\\Routing\\Router->runRoute()
#26 /home/u533806958/domains/a1merchantsolutions.triviio.com/public_html/vendor/laravel/framework/src/Illuminate/Routing/Router.php(753): Illuminate\\Routing\\Router->dispatchToRoute()
#27 /home/u533806958/domains/a1merchantsolutions.triviio.com/public_html/vendor/laravel/framework/src/Illuminate/Foundation/Http/Kernel.php(200): Illuminate\\Routing\\Router->dispatch()
#28 /home/u533806958/domains/a1merchantsolutions.triviio.com/public_html/vendor/laravel/framework/src/Illuminate/Pipeline/Pipeline.php(180): Illuminate\\Foundation\\Http\\Kernel->Illuminate\\Foundation\\Http\\{closure}()
#29 /home/u533806958/domains/a1merchantsolutions.triviio.com/public_html/vendor/laravel/framework/src/Illuminate/Foundation/Http/Middleware/TransformsRequest.php(21): Illuminate\\Pipeline\\Pipeline->Illuminate\\Pipeline\\{closure}()
#30 /home/u533806958/domains/a1merchantsolutions.triviio.com/public_html/vendor/laravel/framework/src/Illuminate/Foundation/Http/Middleware/ConvertEmptyStringsToNull.php(31): Illuminate\\Foundation\\Http\\Middleware\\TransformsRequest->handle()
#31 /home/u533806958/domains/a1merchantsolutions.triviio.com/public_html/vendor/laravel/framework/src/Illuminate/Pipeline/Pipeline.php(219): Illuminate\\Foundation\\Http\\Middleware\\ConvertEmptyStringsToNull->handle()
#32 /home/u533806958/domains/a1merchantsolutions.triviio.com/public_html/vendor/laravel/framework/src/Illuminate/Foundation/Http/Middleware/TransformsRequest.php(21): Illuminate\\Pipeline\\Pipeline->Illuminate\\Pipeline\\{closure}()
#33 /home/u533806958/domains/a1merchantsolutions.triviio.com/public_html/vendor/laravel/framework/src/Illuminate/Foundation/Http/Middleware/TrimStrings.php(51): Illuminate\\Foundation\\Http\\Middleware\\TransformsRequest->handle()
#34 /home/u533806958/domains/a1merchantsolutions.triviio.com/public_html/vendor/laravel/framework/src/Illuminate/Pipeline/Pipeline.php(219): Illuminate\\Foundation\\Http\\Middleware\\TrimStrings->handle()
#35 /home/u533806958/domains/a1merchantsolutions.triviio.com/public_html/vendor/laravel/framework/src/Illuminate/Http/Middleware/ValidatePostSize.php(27): Illuminate\\Pipeline\\Pipeline->Illuminate\\Pipeline\\{closure}()
#36 /home/u533806958/domains/a1merchantsolutions.triviio.com/public_html/vendor/laravel/framework/src/Illuminate/Pipeline/Pipeline.php(219): Illuminate\\Http\\Middleware\\ValidatePostSize->handle()
#37 /home/u533806958/domains/a1merchantsolutions.triviio.com/public_html/vendor/laravel/framework/src/Illuminate/Foundation/Http/Middleware/PreventRequestsDuringMaintenance.php(109): Illuminate\\Pipeline\\Pipeline->Illuminate\\Pipeline\\{closure}()
#38 /home/u533806958/domains/a1merchantsolutions.triviio.com/public_html/vendor/laravel/framework/src/Illuminate/Pipeline/Pipeline.php(219): Illuminate\\Foundation\\Http\\Middleware\\PreventRequestsDuringMaintenance->handle()
#39 /home/u533806958/domains/a1merchantsolutions.triviio.com/public_html/vendor/laravel/framework/src/Illuminate/Http/Middleware/HandleCors.php(61): Illuminate\\Pipeline\\Pipeline->Illuminate\\Pipeline\\{closure}()
#40 /home/u533806958/domains/a1merchantsolutions.triviio.com/public_html/vendor/laravel/framework/src/Illuminate/Pipeline/Pipeline.php(219): Illuminate\\Http\\Middleware\\HandleCors->handle()
#41 /home/u533806958/domains/a1merchantsolutions.triviio.com/public_html/vendor/laravel/framework/src/Illuminate/Http/Middleware/TrustProxies.php(58): Illuminate\\Pipeline\\Pipeline->Illuminate\\Pipeline\\{closure}()
#42 /home/u533806958/domains/a1merchantsolutions.triviio.com/public_html/vendor/laravel/framework/src/Illuminate/Pipeline/Pipeline.php(219): Illuminate\\Http\\Middleware\\TrustProxies->handle()
#43 /home/u533806958/domains/a1merchantsolutions.triviio.com/public_html/vendor/laravel/framework/src/Illuminate/Foundation/Http/Middleware/InvokeDeferredCallbacks.php(22): Illuminate\\Pipeline\\Pipeline->Illuminate\\Pipeline\\{closure}()
#44 /home/u533806958/domains/a1merchantsolutions.triviio.com/public_html/vendor/laravel/framework/src/Illuminate/Pipeline/Pipeline.php(219): Illuminate\\Foundation\\Http\\Middleware\\InvokeDeferredCallbacks->handle()
#45 /home/u533806958/domains/a1merchantsolutions.triviio.com/public_html/vendor/laravel/framework/src/Illuminate/Http/Middleware/ValidatePathEncoding.php(26): Illuminate\\Pipeline\\Pipeline->Illuminate\\Pipeline\\{closure}()
#46 /home/u533806958/domains/a1merchantsolutions.triviio.com/public_html/vendor/laravel/framework/src/Illuminate/Pipeline/Pipeline.php(219): Illuminate\\Http\\Middleware\\ValidatePathEncoding->handle()
#47 /home/u533806958/domains/a1merchantsolutions.triviio.com/public_html/vendor/laravel/framework/src/Illuminate/Pipeline/Pipeline.php(137): Illuminate\\Pipeline\\Pipeline->Illuminate\\Pipeline\\{closure}()
#48 /home/u533806958/domains/a1merchantsolutions.triviio.com/public_html/vendor/laravel/framework/src/Illuminate/Foundation/Http/Kernel.php(175): Illuminate\\Pipeline\\Pipeline->then()
#49 /home/u533806958/domains/a1merchantsolutions.triviio.com/public_html/vendor/laravel/framework/src/Illuminate/Foundation/Http/Kernel.php(144): Illuminate\\Foundation\\Http\\Kernel->sendRequestThroughRouter()
#50 /home/u533806958/domains/a1merchantsolutions.triviio.com/public_html/vendor/laravel/framework/src/Illuminate/Foundation/Application.php(1220): Illuminate\\Foundation\\Http\\Kernel->handle()
#51 /home/u533806958/domains/a1merchantsolutions.triviio.com/public_html/public/index.php(15): Illuminate\\Foundation\\Application->handleRequest()
#52 {main}

[previous exception] [object] (PDOException(code: 2002): SQLSTATE[HY000] [2002] Operation not permitted at /home/u533806958/domains/a1merchantsolutions.triviio.com/public_html/vendor/laravel/framework/src/Illuminate/Database/Connectors/Connector.php:66)
[stacktrace]
#0 /home/u533806958/domains/a1merchantsolutions.triviio.com/public_html/vendor/laravel/framework/src/Illuminate/Database/Connectors/Connector.php(66): PDO->__construct()
#1 /home/u533806958/domains/a1merchantsolutions.triviio.com/public_html/vendor/laravel/framework/src/Illuminate/Database/Connectors/Connector.php(44): Illuminate\\Database\\Connectors\\Connector->createPdoConnection()
#2 /home/u533806958/domains/a1merchantsolutions.triviio.com/public_html/vendor/laravel/framework/src/Illuminate/Database/Connectors/MySqlConnector.php(24): Illuminate\\Database\\Connectors\\Connector->createConnection()
#3 /home/u533806958/domains/a1merchantsolutions.triviio.com/public_html/vendor/laravel/framework/src/Illuminate/Database/Connectors/ConnectionFactory.php(186): Illuminate\\Database\\Connectors\\MySqlConnector->connect()
#4 [internal function]: Illuminate\\Database\\Connectors\\ConnectionFactory->Illuminate\\Database\\Connectors\\{closure}()
#5 /home/u533806958/domains/a1merchantsolutions.triviio.com/public_html/vendor/laravel/framework/src/Illuminate/Database/Connection.php(1257): call_user_func()
#6 /home/u533806958/domains/a1merchantsolutions.triviio.com/public_html/vendor/laravel/framework/src/Illuminate/Database/Connection.php(525): Illuminate\\Database\\Connection->getPdo()
#7 /home/u533806958/domains/a1merchantsolutions.triviio.com/public_html/vendor/laravel/framework/src/Illuminate/Database/Connection.php(420): Illuminate\\Database\\Connection->getPdoForSelect()
#8 /home/u533806958/domains/a1merchantsolutions.triviio.com/public_html/vendor/laravel/framework/src/Illuminate/Database/Connection.php(827): Illuminate\\Database\\Connection->Illuminate\\Database\\{closure}()
#9 /home/u533806958/domains/a1merchantsolutions.triviio.com/public_html/vendor/laravel/framework/src/Illuminate/Database/Connection.php(794): Illuminate\\Database\\Connection->runQueryCallback()
#10 /home/u533806958/domains/a1merchantsolutions.triviio.com/public_html/vendor/laravel/framework/src/Illuminate/Database/Connection.php(411): Illuminate\\Database\\Connection->run()
#11 /home/u533806958/domains/a1merchantsolutions.triviio.com/public_html/vendor/laravel/framework/src/Illuminate/Database/Query/Builder.php(3505): Illuminate\\Database\\Connection->select()
#12 /home/u533806958/domains/a1merchantsolutions.triviio.com/public_html/vendor/laravel/framework/src/Illuminate/Database/Query/Builder.php(3490): Illuminate\\Database\\Query\\Builder->runSelect()
#13 /home/u533806958/domains/a1merchantsolutions.triviio.com/public_html/vendor/laravel/framework/src/Illuminate/Database/Query/Builder.php(4080): Illuminate\\Database\\Query\\Builder->Illuminate\\Database\\Query\\{closure}()
#14 /home/u533806958/domains/a1merchantsolutions.triviio.com/public_html/vendor/laravel/framework/src/Illuminate/Database/Query/Builder.php(3489): Illuminate\\Database\\Query\\Builder->onceWithColumns()
#15 /home/u533806958/domains/a1merchantsolutions.triviio.com/public_html/vendor/laravel/framework/src/Illuminate/Database/Concerns/BuildsQueries.php(366): Illuminate\\Database\\Query\\Builder->get()
#16 /home/u533806958/domains/a1merchantsolutions.triviio.com/public_html/vendor/laravel/framework/src/Illuminate/Database/Query/Builder.php(3412): Illuminate\\Database\\Query\\Builder->first()
#17 /home/u533806958/domains/a1merchantsolutions.triviio.com/public_html/vendor/laravel/framework/src/Illuminate/Session/DatabaseSessionHandler.php(96): Illuminate\\Database\\Query\\Builder->find()
#18 /home/u533806958/domains/a1merchantsolutions.triviio.com/public_html/vendor/laravel/framework/src/Illuminate/Session/Store.php(128): Illuminate\\Session\\DatabaseSessionHandler->read()
#19 /home/u533806958/domains/a1merchantsolutions.triviio.com/public_html/vendor/laravel/framework/src/Illuminate/Session/Store.php(116): Illuminate\\Session\\Store->readFromHandler()
#20 /home/u533806958/domains/a1merchantsolutions.triviio.com/public_html/vendor/laravel/framework/src/Illuminate/Session/Store.php(100): Illuminate\\Session\\Store->loadSession()
#21 /home/u533806958/domains/a1merchantsolutions.triviio.com/public_html/vendor/laravel/framework/src/Illuminate/Session/Middleware/StartSession.php(146): Illuminate\\Session\\Store->start()
#22 /home/u533806958/domains/a1merchantsolutions.triviio.com/public_html/vendor/laravel/framework/src/Illuminate/Support/helpers.php(393): Illuminate\\Session\\Middleware\\StartSession->Illuminate\\Session\\Middleware\\{closure}()
#23 /home/u533806958/domains/a1merchantsolutions.triviio.com/public_html/vendor/laravel/framework/src/Illuminate/Session/Middleware/StartSession.php(143): tap()
#24 /home/u533806958/domains/a1merchantsolutions.triviio.com/public_html/vendor/laravel/framework/src/Illuminate/Session/Middleware/StartSession.php(115): Illuminate\\Session\\Middleware\\StartSession->startSession()
#25 /home/u533806958/domains/a1merchantsolutions.triviio.com/public_html/vendor/laravel/framework/src/Illuminate/Session/Middleware/StartSession.php(63): Illuminate\\Session\\Middleware\\StartSession->handleStatefulRequest()
#26 /home/u533806958/domains/a1merchantsolutions.triviio.com/public_html/vendor/laravel/framework/src/Illuminate/Pipeline/Pipeline.php(219): Illuminate\\Session\\Middleware\\StartSession->handle()
#27 /home/u533806958/domains/a1merchantsolutions.triviio.com/public_html/vendor/laravel/framework/src/Illuminate/Cookie/Middleware/AddQueuedCookiesToResponse.php(36): Illuminate\\Pipeline\\Pipeline->Illuminate\\Pipeline\\{closure}()
#28 /home/u533806958/domains/a1merchantsolutions.triviio.com/public_html/vendor/laravel/framework/src/Illuminate/Pipeline/Pipeline.php(219): Illuminate\\Cookie\\Middleware\\AddQueuedCookiesToResponse->handle()
#29 /home/u533806958/domains/a1merchantsolutions.triviio.com/public_html/vendor/laravel/framework/src/Illuminate/Cookie/Middleware/EncryptCookies.php(74): Illuminate\\Pipeline\\Pipeline->Illuminate\\Pipeline\\{closure}()
#30 /home/u533806958/domains/a1merchantsolutions.triviio.com/public_html/vendor/laravel/framework/src/Illuminate/Pipeline/Pipeline.php(219): Illuminate\\Cookie\\Middleware\\EncryptCookies->handle()
#31 /home/u533806958/domains/a1merchantsolutions.triviio.com/public_html/vendor/laravel/framework/src/Illuminate/Pipeline/Pipeline.php(137): Illuminate\\Pipeline\\Pipeline->Illuminate\\Pipeline\\{closure}()
#32 /home/u533806958/domains/a1merchantsolutions.triviio.com/public_html/vendor/laravel/framework/src/Illuminate/Routing/Router.php(821): Illuminate\\Pipeline\\Pipeline->then()
#33 /home/u533806958/domains/a1merchantsolutions.triviio.com/public_html/vendor/laravel/framework/src/Illuminate/Routing/Router.php(800): Illuminate\\Routing\\Router->runRouteWithinStack()
#34 /home/u533806958/domains/a1merchantsolutions.triviio.com/public_html/vendor/laravel/framework/src/Illuminate/Routing/Router.php(764): Illuminate\\Routing\\Router->runRoute()
#35 /home/u533806958/domains/a1merchantsolutions.triviio.com/public_html/vendor/laravel/framework/src/Illuminate/Routing/Router.php(753): Illuminate\\Routing\\Router->dispatchToRoute()
#36 /home/u533806958/domains/a1merchantsolutions.triviio.com/public_html/vendor/laravel/framework/src/Illuminate/Foundation/Http/Kernel.php(200): Illuminate\\Routing\\Router->dispatch()
#37 /home/u533806958/domains/a1merchantsolutions.triviio.com/public_html/vendor/laravel/framework/src/Illuminate/Pipeline/Pipeline.php(180): Illuminate\\Foundation\\Http\\Kernel->Illuminate\\Foundation\\Http\\{closure}()
#38 /home/u533806958/domains/a1merchantsolutions.triviio.com/public_html/vendor/laravel/framework/src/Illuminate/Foundation/Http/Middleware/TransformsRequest.php(21): Illuminate\\Pipeline\\Pipeline->Illuminate\\Pipeline\\{closure}()
#39 /home/u533806958/domains/a1merchantsolutions.triviio.com/public_html/vendor/laravel/framework/src/Illuminate/Foundation/Http/Middleware/ConvertEmptyStringsToNull.php(31): Illuminate\\Foundation\\Http\\Middleware\\TransformsRequest->handle()
#40 /home/u533806958/domains/a1merchantsolutions.triviio.com/public_html/vendor/laravel/framework/src/Illuminate/Pipeline/Pipeline.php(219): Illuminate\\Foundation\\Http\\Middleware\\ConvertEmptyStringsToNull->handle()
#41 /home/u533806958/domains/a1merchantsolutions.triviio.com/public_html/vendor/laravel/framework/src/Illuminate/Foundation/Http/Middleware/TransformsRequest.php(21): Illuminate\\Pipeline\\Pipeline->Illuminate\\Pipeline\\{closure}()
#42 /home/u533806958/domains/a1merchantsolutions.triviio.com/public_html/vendor/laravel/framework/src/Illuminate/Foundation/Http/Middleware/TrimStrings.php(51): Illuminate\\Foundation\\Http\\Middleware\\TransformsRequest->handle()
#43 /home/u533806958/domains/a1merchantsolutions.triviio.com/public_html/vendor/laravel/framework/src/Illuminate/Pipeline/Pipeline.php(219): Illuminate\\Foundation\\Http\\Middleware\\TrimStrings->handle()
#44 /home/u533806958/domains/a1merchantsolutions.triviio.com/public_html/vendor/laravel/framework/src/Illuminate/Http/Middleware/ValidatePostSize.php(27): Illuminate\\Pipeline\\Pipeline->Illuminate\\Pipeline\\{closure}()
#45 /home/u533806958/domains/a1merchantsolutions.triviio.com/public_html/vendor/laravel/framework/src/Illuminate/Pipeline/Pipeline.php(219): Illuminate\\Http\\Middleware\\ValidatePostSize->handle()
#46 /home/u533806958/domains/a1merchantsolutions.triviio.com/public_html/vendor/laravel/framework/src/Illuminate/Foundation/Http/Middleware/PreventRequestsDuringMaintenance.php(109): Illuminate\\Pipeline\\Pipeline->Illuminate\\Pipeline\\{closure}()
#47 /home/u533806958/domains/a1merchantsolutions.triviio.com/public_html/vendor/laravel/framework/src/Illuminate/Pipeline/Pipeline.php(219): Illuminate\\Foundation\\Http\\Middleware\\PreventRequestsDuringMaintenance->handle()
#48 /home/u533806958/domains/a1merchantsolutions.triviio.com/public_html/vendor/laravel/framework/src/Illuminate/Http/Middleware/HandleCors.php(61): Illuminate\\Pipeline\\Pipeline->Illuminate\\Pipeline\\{closure}()
#49 /home/u533806958/domains/a1merchantsolutions.triviio.com/public_html/vendor/laravel/framework/src/Illuminate/Pipeline/Pipeline.php(219): Illuminate\\Http\\Middleware\\HandleCors->handle()
#50 /home/u533806958/domains/a1merchantsolutions.triviio.com/public_html/vendor/laravel/framework/src/Illuminate/Http/Middleware/TrustProxies.php(58): Illuminate\\Pipeline\\Pipeline->Illuminate\\Pipeline\\{closure}()
#51 /home/u533806958/domains/a1merchantsolutions.triviio.com/public_html/vendor/laravel/framework/src/Illuminate/Pipeline/Pipeline.php(219): Illuminate\\Http\\Middleware\\TrustProxies->handle()
#52 /home/u533806958/domains/a1merchantsolutions.triviio.com/public_html/vendor/laravel/framework/src/Illuminate/Foundation/Http/Middleware/InvokeDeferredCallbacks.php(22): Illuminate\\Pipeline\\Pipeline->Illuminate\\Pipeline\\{closure}()
#53 /home/u533806958/domains/a1merchantsolutions.triviio.com/public_html/vendor/laravel/framework/src/Illuminate/Pipeline/Pipeline.php(219): Illuminate\\Foundation\\Http\\Middleware\\InvokeDeferredCallbacks->handle()
#54 /home/u533806958/domains/a1merchantsolutions.triviio.com/public_html/vendor/laravel/framework/src/Illuminate/Http/Middleware/ValidatePathEncoding.php(26): Illuminate\\Pipeline\\Pipeline->Illuminate\\Pipeline\\{closure}()
#55 /home/u533806958/domains/a1merchantsolutions.triviio.com/public_html/vendor/laravel/framework/src/Illuminate/Pipeline/Pipeline.php(219): Illuminate\\Http\\Middleware\\ValidatePathEncoding->handle()
#56 /home/u533806958/domains/a1merchantsolutions.triviio.com/public_html/vendor/laravel/framework/src/Illuminate/Pipeline/Pipeline.php(137): Illuminate\\Pipeline\\Pipeline->Illuminate\\Pipeline\\{closure}()
#57 /home/u533806958/domains/a1merchantsolutions.triviio.com/public_html/vendor/laravel/framework/src/Illuminate/Foundation/Http/Kernel.php(175): Illuminate\\Pipeline\\Pipeline->then()
#58 /home/u533806958/domains/a1merchantsolutions.triviio.com/public_html/vendor/laravel/framework/src/Illuminate/Foundation/Http/Kernel.php(144): Illuminate\\Foundation\\Http\\Kernel->sendRequestThroughRouter()
#59 /home/u533806958/domains/a1merchantsolutions.triviio.com/public_html/vendor/laravel/framework/src/Illuminate/Foundation/Application.php(1220): Illuminate\\Foundation\\Http\\Kernel->handle()
#60 /home/u533806958/domains/a1merchantsolutions.triviio.com/public_html/public/index.php(15): Illuminate\\Foundation\\Application->handleRequest()
#61 {main}
"} 
[2026-08-13 10:06:37] local.ERROR: SQLSTATE[HY000] [2002] Operation not permitted (Connection: mysql, Host: 127.0.0.1, Port: 3306, Database: u533806958_adcoupon, SQL: select * from `sessions` where `id` = QulFhHMXKY2R1hgegmEMjxV1t16Kgz8fSP4weIF8 limit 1) {"exception":"[object] (Illuminate\\Database\\QueryException(code: 2002): SQLSTATE[HY000] [2002] Operation not permitted (Connection: mysql, Host: 127.0.0.1, Port: 3306, Database: u533806958_adcoupon, SQL: select * from `sessions` where `id` = QulFhHMXKY2R1hgegmEMjxV1t16Kgz8fSP4weIF8 limit 1) at /home/u533806958/domains/a1merchantsolutions.triviio.com/public_html/vendor/laravel/framework/src/Illuminate/Database/Connection.php:838)
[stacktrace]
#0 /home/u533806958/domains/a1merchantsolutions.triviio.com/public_html/vendor/laravel/framework/src/Illuminate/Database/Connection.php(794): Illuminate\\Database\\Connection->runQueryCallback()
#1 /home/u533806958/domains/a1merchantsolutions.triviio.com/public_html/vendor/laravel/framework/src/Illuminate/Database/Connection.php(411): Illuminate\\Database\\Connection->run()
#2 /home/u533806958/domains/a1merchantsolutions.triviio.com/public_html/vendor/laravel/framework/src/Illuminate/Database/Query/Builder.php(3505): Illuminate\\Database\\Connection->select()
#3 /home/u533806958/domains/a1merchantsolutions.triviio.com/public_html/vendor/laravel/framework/src/Illuminate/Database/Query/Builder.php(3490): Illuminate\\Database\\Query\\Builder->runSelect()
#4 /home/u533806958/domains/a1merchantsolutions.triviio.com/public_html/vendor/laravel/framework/src/Illuminate/Database/Query/Builder.php(4080): Illuminate\\Database\\Query\\Builder->Illuminate\\Database\\Query\\{closure}()
#5 /home/u533806958/domains/a1merchantsolutions.triviio.com/public_html/vendor/laravel/framework/src/Illuminate/Database/Query/Builder.php(3489): Illuminate\\Database\\Query\\Builder->onceWithColumns()
#6 /home/u533806958/domains/a1merchantsolutions.triviio.com/public_html/vendor/laravel/framework/src/Illuminate/Database/Concerns/BuildsQueries.php(366): Illuminate\\Database\\Query\\Builder->get()
#7 /home/u533806958/domains/a1merchantsolutions.triviio.com/public_html/vendor/laravel/framework/src/Illuminate/Database/Query/Builder.php(3412): Illuminate\\Database\\Query\\Builder->first()
#8 /home/u533806958/domains/a1merchantsolutions.triviio.com/public_html/vendor/laravel/framework/src/Illuminate/Session/DatabaseSessionHandler.php(96): Illuminate\\Database\\Query\\Builder->find()
#9 /home/u533806958/domains/a1merchantsolutions.triviio.com/public_html/vendor/laravel/framework/src/Illuminate/Session/Store.php(128): Illuminate\\Session\\DatabaseSessionHandler->read()
#10 /home/u533806958/domains/a1merchantsolutions.triviio.com/public_html/vendor/laravel/framework/src/Illuminate/Session/Store.php(116): Illuminate\\Session\\Store->readFromHandler()
#11 /home/u533806958/domains/a1merchantsolutions.triviio.com/public_html/vendor/laravel/framework/src/Illuminate/Session/Store.php(100): Illuminate\\Session\\Store->loadSession()
#12 /home/u533806958/domains/a1merchantsolutions.triviio.com/public_html/vendor/laravel/framework/src/Illuminate/Session/Middleware/StartSession.php(146): Illuminate\\Session\\Store->start()
#13 /home/u533806958/domains/a1merchantsolutions.triviio.com/public_html/vendor/laravel/framework/src/Illuminate/Support/helpers.php(393): Illuminate\\Session\\Middleware\\StartSession->Illuminate\\Session\\Middleware\\{closure}()
#14 /home/u533806958/domains/a1merchantsolutions.triviio.com/public_html/vendor/laravel/framework/src/Illuminate/Session/Middleware/StartSession.php(143): tap()
#15 /home/u533806958/domains/a1merchantsolutions.triviio.com/public_html/vendor/laravel/framework/src/Illuminate/Session/Middleware/StartSession.php(115): Illuminate\\Session\\Middleware\\StartSession->startSession()
#16 /home/u533806958/domains/a1merchantsolutions.triviio.com/public_html/vendor/laravel/framework/src/Illuminate/Session/Middleware/StartSession.php(63): Illuminate\\Session\\Middleware\\StartSession->handleStatefulRequest()
#17 /home/u533806958/domains/a1merchantsolutions.triviio.com/public_html/vendor/laravel/framework/src/Illuminate/Pipeline/Pipeline.php(219): Illuminate\\Session\\Middleware\\StartSession->handle()
#18 /home/u533806958/domains/a1merchantsolutions.triviio.com/public_html/vendor/laravel/framework/src/Illuminate/Cookie/Middleware/AddQueuedCookiesToResponse.php(36): Illuminate\\Pipeline\\Pipeline->Illuminate\\Pipeline\\{closure}()
#19 /home/u533806958/domains/a1merchantsolutions.triviio.com/public_html/vendor/laravel/framework/src/Illuminate/Pipeline/Pipeline.php(219): Illuminate\\Cookie\\Middleware\\AddQueuedCookiesToResponse->handle()
#20 /home/u533806958/domains/a1merchantsolutions.triviio.com/public_html/vendor/laravel/framework/src/Illuminate/Cookie/Middleware/EncryptCookies.php(74): Illuminate\\Pipeline\\Pipeline->Illuminate\\Pipeline\\{closure}()
#21 /home/u533806958/domains/a1merchantsolutions.triviio.com/public_html/vendor/laravel/framework/src/Illuminate/Pipeline/Pipeline.php(219): Illuminate\\Cookie\\Middleware\\EncryptCookies->handle()
#22 /home/u533806958/domains/a1merchantsolutions.triviio.com/public_html/vendor/laravel/framework/src/Illuminate/Pipeline/Pipeline.php(137): Illuminate\\Pipeline\\Pipeline->Illuminate\\Pipeline\\{closure}()
#23 /home/u533806958/domains/a1merchantsolutions.triviio.com/public_html/vendor/laravel/framework/src/Illuminate/Routing/Router.php(821): Illuminate\\Pipeline\\Pipeline->then()
#24 /home/u533806958/domains/a1merchantsolutions.triviio.com/public_html/vendor/laravel/framework/src/Illuminate/Routing/Router.php(800): Illuminate\\Routing\\Router->runRouteWithinStack()
#25 /home/u533806958/domains/a1merchantsolutions.triviio.com/public_html/vendor/laravel/framework/src/Illuminate/Routing/Router.php(764): Illuminate\\Routing\\Router->runRoute()
#26 /home/u533806958/domains/a1merchantsolutions.triviio.com/public_html/vendor/laravel/framework/src/Illuminate/Routing/Router.php(753): Illuminate\\Routing\\Router->dispatchToRoute()
#27 /home/u533806958/domains/a1merchantsolutions.triviio.com/public_html/vendor/laravel/framework/src/Illuminate/Foundation/Http/Kernel.php(200): Illuminate\\Routing\\Router->dispatch()
#28 /home/u533806958/domains/a1merchantsolutions.triviio.com/public_html/vendor/laravel/framework/src/Illuminate/Pipeline/Pipeline.php(180): Illuminate\\Foundation\\Http\\Kernel->Illuminate\\Foundation\\Http\\{closure}()
#29 /home/u533806958/domains/a1merchantsolutions.triviio.com/public_html/vendor/laravel/framework/src/Illuminate/Foundation/Http/Middleware/TransformsRequest.php(21): Illuminate\\Pipeline\\Pipeline->Illuminate\\Pipeline\\{closure}()
#30 /home/u533806958/domains/a1merchantsolutions.triviio.com/public_html/vendor/laravel/framework/src/Illuminate/Foundation/Http/Middleware/ConvertEmptyStringsToNull.php(31): Illuminate\\Foundation\\Http\\Middleware\\TransformsRequest->handle()
#31 /home/u533806958/domains/a1merchantsolutions.triviio.com/public_html/vendor/laravel/framework/src/Illuminate/Pipeline/Pipeline.php(219): Illuminate\\Foundation\\Http\\Middleware\\ConvertEmptyStringsToNull->handle()
#32 /home/u533806958/domains/a1merchantsolutions.triviio.com/public_html/vendor/laravel/framework/src/Illuminate/Foundation/Http/Middleware/TransformsRequest.php(21): Illuminate\\Pipeline\\Pipeline->Illuminate\\Pipeline\\{closure}()
#33 /home/u533806958/domains/a1merchantsolutions.triviio.com/public_html/vendor/laravel/framework/src/Illuminate/Foundation/Http/Middleware/TrimStrings.php(51): Illuminate\\Foundation\\Http\\Middleware\\TransformsRequest->handle()
#34 /home/u533806958/domains/a1merchantsolutions.triviio.com/public_html/vendor/laravel/framework/src/Illuminate/Pipeline/Pipeline.php(219): Illuminate\\Foundation\\Http\\Middleware\\TrimStrings->handle()
#35 /home/u533806958/domains/a1merchantsolutions.triviio.com/public_html/vendor/laravel/framework/src/Illuminate/Http/Middleware/ValidatePostSize.php(27): Illuminate\\Pipeline\\Pipeline->Illuminate\\Pipeline\\{closure}()
#36 /home/u533806958/domains/a1merchantsolutions.triviio.com/public_html/vendor/laravel/framework/src/Illuminate/Pipeline/Pipeline.php(219): Illuminate\\Http\\Middleware\\ValidatePostSize->handle()
#37 /home/u533806958/domains/a1merchantsolutions.triviio.com/public_html/vendor/laravel/framework/src/Illuminate/Foundation/Http/Middleware/PreventRequestsDuringMaintenance.php(109): Illuminate\\Pipeline\\Pipeline->Illuminate\\Pipeline\\{closure}()
#38 /home/u533806958/domains/a1merchantsolutions.triviio.com/public_html/vendor/laravel/framework/src/Illuminate/Pipeline/Pipeline.php(219): Illuminate\\Foundation\\Http\\Middleware\\PreventRequestsDuringMaintenance->handle()
#39 /home/u533806958/domains/a1merchantsolutions.triviio.com/public_html/vendor/laravel/framework/src/Illuminate/Http/Middleware/HandleCors.php(61): Illuminate\\Pipeline\\Pipeline->Illuminate\\Pipeline\\{closure}()
#40 /home/u533806958/domains/a1merchantsolutions.triviio.com/public_html/vendor/laravel/framework/src/Illuminate/Pipeline/Pipeline.php(219): Illuminate\\Http\\Middleware\\HandleCors->handle()
#41 /home/u533806958/domains/a1merchantsolutions.triviio.com/public_html/vendor/laravel/framework/src/Illuminate/Http/Middleware/TrustProxies.php(58): Illuminate\\Pipeline\\Pipeline->Illuminate\\Pipeline\\{closure}()
#42 /home/u533806958/domains/a1merchantsolutions.triviio.com/public_html/vendor/laravel/framework/src/Illuminate/Pipeline/Pipeline.php(219): Illuminate\\Http\\Middleware\\TrustProxies->handle()
#43 /home/u533806958/domains/a1merchantsolutions.triviio.com/public_html/vendor/laravel/framework/src/Illuminate/Foundation/Http/Middleware/InvokeDeferredCallbacks.php(22): Illuminate\\Pipeline\\Pipeline->Illuminate\\Pipeline\\{closure}()
#44 /home/u533806958/domains/a1merchantsolutions.triviio.com/public_html/vendor/laravel/framework/src/Illuminate/Pipeline/Pipeline.php(219): Illuminate\\Foundation\\Http\\Middleware\\InvokeDeferredCallbacks->handle()
#45 /home/u533806958/domains/a1merchantsolutions.triviio.com/public_html/vendor/laravel/framework/src/Illuminate/Http/Middleware/ValidatePathEncoding.php(26): Illuminate\\Pipeline\\Pipeline->Illuminate\\Pipeline\\{closure}()
#46 /home/u533806958/domains/a1merchantsolutions.triviio.com/public_html/vendor/laravel/framework/src/Illuminate/Pipeline/Pipeline.php(219): Illuminate\\Http\\Middleware\\ValidatePathEncoding->handle()
#47 /home/u533806958/domains/a1merchantsolutions.triviio.com/public_html/vendor/laravel/framework/src/Illuminate/Pipeline/Pipeline.php(137): Illuminate\\Pipeline\\Pipeline->Illuminate\\Pipeline\\{closure}()
#48 /home/u533806958/domains/a1merchantsolutions.triviio.com/public_html/vendor/laravel/framework/src/Illuminate/Foundation/Http/Kernel.php(175): Illuminate\\Pipeline\\Pipeline->then()
#49 /home/u533806958/domains/a1merchantsolutions.triviio.com/public_html/vendor/laravel/framework/src/Illuminate/Foundation/Http/Kernel.php(144): Illuminate\\Foundation\\Http\\Kernel->sendRequestThroughRouter()
#50 /home/u533806958/domains/a1merchantsolutions.triviio.com/public_html/vendor/laravel/framework/src/Illuminate/Foundation/Application.php(1220): Illuminate\\Foundation\\Http\\Kernel->handle()
#51 /home/u533806958/domains/a1merchantsolutions.triviio.com/public_html/public/index.php(15): Illuminate\\Foundation\\Application->handleRequest()
#52 {main}

[previous exception] [object] (PDOException(code: 2002): SQLSTATE[HY000] [2002] Operation not permitted at /home/u533806958/domains/a1merchantsolutions.triviio.com/public_html/vendor/laravel/framework/src/Illuminate/Database/Connectors/Connector.php:66)
[stacktrace]
#0 /home/u533806958/domains/a1merchantsolutions.triviio.com/public_html/vendor/laravel/framework/src/Illuminate/Database/Connectors/Connector.php(66): PDO->__construct()
#1 /home/u533806958/domains/a1merchantsolutions.triviio.com/public_html/vendor/laravel/framework/src/Illuminate/Database/Connectors/Connector.php(44): Illuminate\\Database\\Connectors\\Connector->createPdoConnection()
#2 /home/u533806958/domains/a1merchantsolutions.triviio.com/public_html/vendor/laravel/framework/src/Illuminate/Database/Connectors/MySqlConnector.php(24): Illuminate\\Database\\Connectors\\Connector->createConnection()
#3 /home/u533806958/domains/a1merchantsolutions.triviio.com/public_html/vendor/laravel/framework/src/Illuminate/Database/Connectors/ConnectionFactory.php(186): Illuminate\\Database\\Connectors\\MySqlConnector->connect()
#4 [internal function]: Illuminate\\Database\\Connectors\\ConnectionFactory->Illuminate\\Database\\Connectors\\{closure}()
#5 /home/u533806958/domains/a1merchantsolutions.triviio.com/public_html/vendor/laravel/framework/src/Illuminate/Database/Connection.php(1257): call_user_func()
#6 /home/u533806958/domains/a1merchantsolutions.triviio.com/public_html/vendor/laravel/framework/src/Illuminate/Database/Connection.php(525): Illuminate\\Database\\Connection->getPdo()
#7 /home/u533806958/domains/a1merchantsolutions.triviio.com/public_html/vendor/laravel/framework/src/Illuminate/Database/Connection.php(420): Illuminate\\Database\\Connection->getPdoForSelect()
#8 /home/u533806958/domains/a1merchantsolutions.triviio.com/public_html/vendor/laravel/framework/src/Illuminate/Database/Connection.php(827): Illuminate\\Database\\Connection->Illuminate\\Database\\{closure}()
#9 /home/u533806958/domains/a1merchantsolutions.triviio.com/public_html/vendor/laravel/framework/src/Illuminate/Database/Connection.php(794): Illuminate\\Database\\Connection->runQueryCallback()
#10 /home/u533806958/domains/a1merchantsolutions.triviio.com/public_html/vendor/laravel/framework/src/Illuminate/Database/Connection.php(411): Illuminate\\Database\\Connection->run()
#11 /home/u533806958/domains/a1merchantsolutions.triviio.com/public_html/vendor/laravel/framework/src/Illuminate/Database/Query/Builder.php(3505): Illuminate\\Database\\Connection->select()
#12 /home/u533806958/domains/a1merchantsolutions.triviio.com/public_html/vendor/laravel/framework/src/Illuminate/Database/Query/Builder.php(3490): Illuminate\\Database\\Query\\Builder->runSelect()
#13 /home/u533806958/domains/a1merchantsolutions.triviio.com/public_html/vendor/laravel/framework/src/Illuminate/Database/Query/Builder.php(4080): Illuminate\\Database\\Query\\Builder->Illuminate\\Database\\Query\\{closure}()
#14 /home/u533806958/domains/a1merchantsolutions.triviio.com/public_html/vendor/laravel/framework/src/Illuminate/Database/Query/Builder.php(3489): Illuminate\\Database\\Query\\Builder->onceWithColumns()
#15 /home/u533806958/domains/a1merchantsolutions.triviio.com/public_html/vendor/laravel/framework/src/Illuminate/Database/Concerns/BuildsQueries.php(366): Illuminate\\Database\\Query\\Builder->get()
#16 /home/u533806958/domains/a1merchantsolutions.triviio.com/public_html/vendor/laravel/framework/src/Illuminate/Database/Query/Builder.php(3412): Illuminate\\Database\\Query\\Builder->first()
#17 /home/u533806958/domains/a1merchantsolutions.triviio.com/public_html/vendor/laravel/framework/src/Illuminate/Session/DatabaseSessionHandler.php(96): Illuminate\\Database\\Query\\Builder->find()
#18 /home/u533806958/domains/a1merchantsolutions.triviio.com/public_html/vendor/laravel/framework/src/Illuminate/Session/Store.php(128): Illuminate\\Session\\DatabaseSessionHandler->read()
#19 /home/u533806958/domains/a1merchantsolutions.triviio.com/public_html/vendor/laravel/framework/src/Illuminate/Session/Store.php(116): Illuminate\\Session\\Store->readFromHandler()
#20 /home/u533806958/domains/a1merchantsolutions.triviio.com/public_html/vendor/laravel/framework/src/Illuminate/Session/Store.php(100): Illuminate\\Session\\Store->loadSession()
#21 /home/u533806958/domains/a1merchantsolutions.triviio.com/public_html/vendor/laravel/framework/src/Illuminate/Session/Middleware/StartSession.php(146): Illuminate\\Session\\Store->start()
#22 /home/u533806958/domains/a1merchantsolutions.triviio.com/public_html/vendor/laravel/framework/src/Illuminate/Support/helpers.php(393): Illuminate\\Session\\Middleware\\StartSession->Illuminate\\Session\\Middleware\\{closure}()
#23 /home/u533806958/domains/a1merchantsolutions.triviio.com/public_html/vendor/laravel/framework/src/Illuminate/Session/Middleware/StartSession.php(143): tap()
#24 /home/u533806958/domains/a1merchantsolutions.triviio.com/public_html/vendor/laravel/framework/src/Illuminate/Session/Middleware/StartSession.php(115): Illuminate\\Session\\Middleware\\StartSession->startSession()
#25 /home/u533806958/domains/a1merchantsolutions.triviio.com/public_html/vendor/laravel/framework/src/Illuminate/Session/Middleware/StartSession.php(63): Illuminate\\Session\\Middleware\\StartSession->handleStatefulRequest()
#26 /home/u533806958/domains/a1merchantsolutions.triviio.com/public_html/vendor/laravel/framework/src/Illuminate/Pipeline/Pipeline.php(219): Illuminate\\Session\\Middleware\\StartSession->handle()
#27 /home/u533806958/domains/a1merchantsolutions.triviio.com/public_html/vendor/laravel/framework/src/Illuminate/Cookie/Middleware/AddQueuedCookiesToResponse.php(36): Illuminate\\Pipeline\\Pipeline->Illuminate\\Pipeline\\{closure}()
#28 /home/u533806958/domains/a1merchantsolutions.triviio.com/public_html/vendor/laravel/framework/src/Illuminate/Pipeline/Pipeline.php(219): Illuminate\\Cookie\\Middleware\\AddQueuedCookiesToResponse->handle()
#29 /home/u533806958/domains/a1merchantsolutions.triviio.com/public_html/vendor/laravel/framework/src/Illuminate/Cookie/Middleware/EncryptCookies.php(74): Illuminate\\Pipeline\\Pipeline->Illuminate\\Pipeline\\{closure}()
#30 /home/u533806958/domains/a1merchantsolutions.triviio.com/public_html/vendor/laravel/framework/src/Illuminate/Pipeline/Pipeline.php(219): Illuminate\\Cookie\\Middleware\\EncryptCookies->handle()
#31 /home/u533806958/domains/a1merchantsolutions.triviio.com/public_html/vendor/laravel/framework/src/Illuminate/Pipeline/Pipeline.php(137): Illuminate\\Pipeline\\Pipeline->Illuminate\\Pipeline\\{closure}()
#32 /home/u533806958/domains/a1merchantsolutions.triviio.com/public_html/vendor/laravel/framework/src/Illuminate/Routing/Router.php(821): Illuminate\\Pipeline\\Pipeline->then()
#33 /home/u533806958/domains/a1merchantsolutions.triviio.com/public_html/vendor/laravel/framework/src/Illuminate/Routing/Router.php(800): Illuminate\\Routing\\Router->runRouteWithinStack()
#34 /home/u533806958/domains/a1merchantsolutions.triviio.com/public_html/vendor/laravel/framework/src/Illuminate/Routing/Router.php(764): Illuminate\\Routing\\Router->runRoute()
#35 /home/u533806958/domains/a1merchantsolutions.triviio.com/public_html/vendor/laravel/framework/src/Illuminate/Routing/Router.php(753): Illuminate\\Routing\\Router->dispatchToRoute()
#36 /home/u533806958/domains/a1merchantsolutions.triviio.com/public_html/vendor/laravel/framework/src/Illuminate/Foundation/Http/Kernel.php(200): Illuminate\\Routing\\Router->dispatch()
#37 /home/u533806958/domains/a1merchantsolutions.triviio.com/public_html/vendor/laravel/framework/src/Illuminate/Pipeline/Pipeline.php(180): Illuminate\\Foundation\\Http\\Kernel->Illuminate\\Foundation\\Http\\{closure}()
#38 /home/u533806958/domains/a1merchantsolutions.triviio.com/public_html/vendor/laravel/framework/src/Illuminate/Foundation/Http/Middleware/TransformsRequest.php(21): Illuminate\\Pipeline\\Pipeline->Illuminate\\Pipeline\\{closure}()
#39 /home/u533806958/domains/a1merchantsolutions.triviio.com/public_html/vendor/laravel/framework/src/Illuminate/Foundation/Http/Middleware/ConvertEmptyStringsToNull.php(31): Illuminate\\Foundation\\Http\\Middleware\\TransformsRequest->handle()
#40 /home/u533806958/domains/a1merchantsolutions.triviio.com/public_html/vendor/laravel/framework/src/Illuminate/Pipeline/Pipeline.php(219): Illuminate\\Foundation\\Http\\Middleware\\ConvertEmptyStringsToNull->handle()
#41 /home/u533806958/domains/a1merchantsolutions.triviio.com/public_html/vendor/laravel/framework/src/Illuminate/Foundation/Http/Middleware/TransformsRequest.php(21): Illuminate\\Pipeline\\Pipeline->Illuminate\\Pipeline\\{closure}()
#42 /home/u533806958/domains/a1merchantsolutions.triviio.com/public_html/vendor/laravel/framework/src/Illuminate/Foundation/Http/Middleware/TrimStrings.php(51): Illuminate\\Foundation\\Http\\Middleware\\TransformsRequest->handle()
#43 /home/u533806958/domains/a1merchantsolutions.triviio.com/public_html/vendor/laravel/framework/src/Illuminate/Pipeline/Pipeline.php(219): Illuminate\\Foundation\\Http\\Middleware\\TrimStrings->handle()
#44 /home/u533806958/domains/a1merchantsolutions.triviio.com/public_html/vendor/laravel/framework/src/Illuminate/Http/Middleware/ValidatePostSize.php(27): Illuminate\\Pipeline\\Pipeline->Illuminate\\Pipeline\\{closure}()
#45 /home/u533806958/domains/a1merchantsolutions.triviio.com/public_html/vendor/laravel/framework/src/Illuminate/Pipeline/Pipeline.php(219): Illuminate\\Http\\Middleware\\ValidatePostSize->handle()
#46 /home/u533806958/domains/a1merchantsolutions.triviio.com/public_html/vendor/laravel/framework/src/Illuminate/Foundation/Http/Middleware/PreventRequestsDuringMaintenance.php(109): Illuminate\\Pipeline\\Pipeline->Illuminate\\Pipeline\\{closure}()
#47 /home/u533806958/domains/a1merchantsolutions.triviio.com/public_html/vendor/laravel/framework/src/Illuminate/Pipeline/Pipeline.php(219): Illuminate\\Foundation\\Http\\Middleware\\PreventRequestsDuringMaintenance->handle()
#48 /home/u533806958/domains/a1merchantsolutions.triviio.com/public_html/vendor/laravel/framework/src/Illuminate/Http/Middleware/HandleCors.php(61): Illuminate\\Pipeline\\Pipeline->Illuminate\\Pipeline\\{closure}()
#49 /home/u533806958/domains/a1merchantsolutions.triviio.com/public_html/vendor/laravel/framework/src/Illuminate/Pipeline/Pipeline.php(219): Illuminate\\Http\\Middleware\\HandleCors->handle()
#50 /home/u533806958/domains/a1merchantsolutions.triviio.com/public_html/vendor/laravel/framework/src/Illuminate/Http/Middleware/TrustProxies.php(58): Illuminate\\Pipeline\\Pipeline->Illuminate\\Pipeline\\{closure}()
#51 /home/u533806958/domains/a1merchantsolutions.triviio.com/public_html/vendor/laravel/framework/src/Illuminate/Pipeline/Pipeline.php(219): Illuminate\\Http\\Middleware\\TrustProxies->handle()
#52 /home/u533806958/domains/a1merchantsolutions.triviio.com/public_html/vendor/laravel/framework/src/Illuminate/Foundation/Http/Middleware/InvokeDeferredCallbacks.php(22): Illuminate\\Pipeline\\Pipeline->Illuminate\\Pipeline\\{closure}()
#53 /home/u533806958/domains/a1merchantsolutions.triviio.com/public_html/vendor/laravel/framework/src/Illuminate/Pipeline/Pipeline.php(219): Illuminate\\Foundation\\Http\\Middleware\\InvokeDeferredCallbacks->handle()
#54 /home/u533806958/domains/a1merchantsolutions.triviio.com/public_html/vendor/laravel/framework/src/Illuminate/Http/Middleware/ValidatePathEncoding.php(26): Illuminate\\Pipeline\\Pipeline->Illuminate\\Pipeline\\{closure}()
#55 /home/u533806958/domains/a1merchantsolutions.triviio.com/public_html/vendor/laravel/framework/src/Illuminate/Pipeline/Pipeline.php(219): Illuminate\\Http\\Middleware\\ValidatePathEncoding->handle()
#56 /home/u533806958/domains/a1merchantsolutions.triviio.com/public_html/vendor/laravel/framework/src/Illuminate/Pipeline/Pipeline.php(137): Illuminate\\Pipeline\\Pipeline->Illuminate\\Pipeline\\{closure}()
#57 /home/u533806958/domains/a1merchantsolutions.triviio.com/public_html/vendor/laravel/framework/src/Illuminate/Foundation/Http/Kernel.php(175): Illuminate\\Pipeline\\Pipeline->then()
#58 /home/u533806958/domains/a1merchantsolutions.triviio.com/public_html/vendor/laravel/framework/src/Illuminate/Foundation/Http/Kernel.php(144): Illuminate\\Foundation\\Http\\Kernel->sendRequestThroughRouter()
#59 /home/u533806958/domains/a1merchantsolutions.triviio.com/public_html/vendor/laravel/framework/src/Illuminate/Foundation/Application.php(1220): Illuminate\\Foundation\\Http\\Kernel->handle()
#60 /home/u533806958/domains/a1merchantsolutions.triviio.com/public_html/public/index.php(15): Illuminate\\Foundation\\Application->handleRequest()
#61 {main}
"} 
[2026-08-13 10:06:37] local.ERROR: SQLSTATE[HY000] [2002] Operation not permitted (Connection: mysql, Host: 127.0.0.1, Port: 3306, Database: u533806958_adcoupon, SQL: select * from `sessions` where `id` = QulFhHMXKY2R1hgegmEMjxV1t16Kgz8fSP4weIF8 limit 1) {"exception":"[object] (Illuminate\\Database\\QueryException(code: 2002): SQLSTATE[HY000] [2002] Operation not permitted (Connection: mysql, Host: 127.0.0.1, Port: 3306, Database: u533806958_adcoupon, SQL: select * from `sessions` where `id` = QulFhHMXKY2R1hgegmEMjxV1t16Kgz8fSP4weIF8 limit 1) at /home/u533806958/domains/a1merchantsolutions.triviio.com/public_html/vendor/laravel/framework/src/Illuminate/Database/Connection.php:838)
[stacktrace]
#0 /home/u533806958/domains/a1merchantsolutions.triviio.com/public_html/vendor/laravel/framework/src/Illuminate/Database/Connection.php(794): Illuminate\\Database\\Connection->runQueryCallback()
#1 /home/u533806958/domains/a1merchantsolutions.triviio.com/public_html/vendor/laravel/framework/src/Illuminate/Database/Connection.php(411): Illuminate\\Database\\Connection->run()
#2 /home/u533806958/domains/a1merchantsolutions.triviio.com/public_html/vendor/laravel/framework/src/Illuminate/Database/Query/Builder.php(3505): Illuminate\\Database\\Connection->select()
#3 /home/u533806958/domains/a1merchantsolutions.triviio.com/public_html/vendor/laravel/framework/src/Illuminate/Database/Query/Builder.php(3490): Illuminate\\Database\\Query\\Builder->runSelect()
#4 /home/u533806958/domains/a1merchantsolutions.triviio.com/public_html/vendor/laravel/framework/src/Illuminate/Database/Query/Builder.php(4080): Illuminate\\Database\\Query\\Builder->Illuminate\\Database\\Query\\{closure}()
#5 /home/u533806958/domains/a1merchantsolutions.triviio.com/public_html/vendor/laravel/framework/src/Illuminate/Database/Query/Builder.php(3489): Illuminate\\Database\\Query\\Builder->onceWithColumns()
#6 /home/u533806958/domains/a1merchantsolutions.triviio.com/public_html/vendor/laravel/framework/src/Illuminate/Database/Concerns/BuildsQueries.php(366): Illuminate\\Database\\Query\\Builder->get()
#7 /home/u533806958/domains/a1merchantsolutions.triviio.com/public_html/vendor/laravel/framework/src/Illuminate/Database/Query/Builder.php(3412): Illuminate\\Database\\Query\\Builder->first()
#8 /home/u533806958/domains/a1merchantsolutions.triviio.com/public_html/vendor/laravel/framework/src/Illuminate/Session/DatabaseSessionHandler.php(96): Illuminate\\Database\\Query\\Builder->find()
#9 /home/u533806958/domains/a1merchantsolutions.triviio.com/public_html/vendor/laravel/framework/src/Illuminate/Session/Store.php(128): Illuminate\\Session\\DatabaseSessionHandler->read()
#10 /home/u533806958/domains/a1merchantsolutions.triviio.com/public_html/vendor/laravel/framework/src/Illuminate/Session/Store.php(116): Illuminate\\Session\\Store->readFromHandler()
#11 /home/u533806958/domains/a1merchantsolutions.triviio.com/public_html/vendor/laravel/framework/src/Illuminate/Session/Store.php(100): Illuminate\\Session\\Store->loadSession()
#12 /home/u533806958/domains/a1merchantsolutions.triviio.com/public_html/vendor/laravel/framework/src/Illuminate/Session/Middleware/StartSession.php(146): Illuminate\\Session\\Store->start()
#13 /home/u533806958/domains/a1merchantsolutions.triviio.com/public_html/vendor/laravel/framework/src/Illuminate/Support/helpers.php(393): Illuminate\\Session\\Middleware\\StartSession->Illuminate\\Session\\Middleware\\{closure}()
#14 /home/u533806958/domains/a1merchantsolutions.triviio.com/public_html/vendor/laravel/framework/src/Illuminate/Session/Middleware/StartSession.php(143): tap()
#15 /home/u533806958/domains/a1merchantsolutions.triviio.com/public_html/vendor/laravel/framework/src/Illuminate/Session/Middleware/StartSession.php(115): Illuminate\\Session\\Middleware\\StartSession->startSession()
#16 /home/u533806958/domains/a1merchantsolutions.triviio.com/public_html/vendor/laravel/framework/src/Illuminate/Session/Middleware/StartSession.php(63): Illuminate\\Session\\Middleware\\StartSession->handleStatefulRequest()
#17 /home/u533806958/domains/a1merchantsolutions.triviio.com/public_html/vendor/laravel/framework/src/Illuminate/Pipeline/Pipeline.php(219): Illuminate\\Session\\Middleware\\StartSession->handle()
#18 /home/u533806958/domains/a1merchantsolutions.triviio.com/public_html/vendor/laravel/framework/src/Illuminate/Cookie/Middleware/AddQueuedCookiesToResponse.php(36): Illuminate\\Pipeline\\Pipeline->Illuminate\\Pipeline\\{closure}()
#19 /home/u533806958/domains/a1merchantsolutions.triviio.com/public_html/vendor/laravel/framework/src/Illuminate/Pipeline/Pipeline.php(219): Illuminate\\Cookie\\Middleware\\AddQueuedCookiesToResponse->handle()
#20 /home/u533806958/domains/a1merchantsolutions.triviio.com/public_html/vendor/laravel/framework/src/Illuminate/Cookie/Middleware/EncryptCookies.php(74): Illuminate\\Pipeline\\Pipeline->Illuminate\\Pipeline\\{closure}()
#21 /home/u533806958/domains/a1merchantsolutions.triviio.com/public_html/vendor/laravel/framework/src/Illuminate/Pipeline/Pipeline.php(219): Illuminate\\Cookie\\Middleware\\EncryptCookies->handle()
#22 /home/u533806958/domains/a1merchantsolutions.triviio.com/public_html/vendor/laravel/framework/src/Illuminate/Pipeline/Pipeline.php(137): Illuminate\\Pipeline\\Pipeline->Illuminate\\Pipeline\\{closure}()
#23 /home/u533806958/domains/a1merchantsolutions.triviio.com/public_html/vendor/laravel/framework/src/Illuminate/Routing/Router.php(821): Illuminate\\Pipeline\\Pipeline->then()
#24 /home/u533806958/domains/a1merchantsolutions.triviio.com/public_html/vendor/laravel/framework/src/Illuminate/Routing/Router.php(800): Illuminate\\Routing\\Router->runRouteWithinStack()
#25 /home/u533806958/domains/a1merchantsolutions.triviio.com/public_html/vendor/laravel/framework/src/Illuminate/Routing/Router.php(764): Illuminate\\Routing\\Router->runRoute()
#26 /home/u533806958/domains/a1merchantsolutions.triviio.com/public_html/vendor/laravel/framework/src/Illuminate/Routing/Router.php(753): Illuminate\\Routing\\Router->dispatchToRoute()
#27 /home/u533806958/domains/a1merchantsolutions.triviio.com/public_html/vendor/laravel/framework/src/Illuminate/Foundation/Http/Kernel.php(200): Illuminate\\Routing\\Router->dispatch()
#28 /home/u533806958/domains/a1merchantsolutions.triviio.com/public_html/vendor/laravel/framework/src/Illuminate/Pipeline/Pipeline.php(180): Illuminate\\Foundation\\Http\\Kernel->Illuminate\\Foundation\\Http\\{closure}()
#29 /home/u533806958/domains/a1merchantsolutions.triviio.com/public_html/vendor/laravel/framework/src/Illuminate/Foundation/Http/Middleware/TransformsRequest.php(21): Illuminate\\Pipeline\\Pipeline->Illuminate\\Pipeline\\{closure}()
#30 /home/u533806958/domains/a1merchantsolutions.triviio.com/public_html/vendor/laravel/framework/src/Illuminate/Foundation/Http/Middleware/ConvertEmptyStringsToNull.php(31): Illuminate\\Foundation\\Http\\Middleware\\TransformsRequest->handle()
#31 /home/u533806958/domains/a1merchantsolutions.triviio.com/public_html/vendor/laravel/framework/src/Illuminate/Pipeline/Pipeline.php(219): Illuminate\\Foundation\\Http\\Middleware\\ConvertEmptyStringsToNull->handle()
#32 /home/u533806958/domains/a1merchantsolutions.triviio.com/public_html/vendor/laravel/framework/src/Illuminate/Foundation/Http/Middleware/TransformsRequest.php(21): Illuminate\\Pipeline\\Pipeline->Illuminate\\Pipeline\\{closure}()
#33 /home/u533806958/domains/a1merchantsolutions.triviio.com/public_html/vendor/laravel/framework/src/Illuminate/Foundation/Http/Middleware/TrimStrings.php(51): Illuminate\\Foundation\\Http\\Middleware\\TransformsRequest->handle()
#34 /home/u533806958/domains/a1merchantsolutions.triviio.com/public_html/vendor/laravel/framework/src/Illuminate/Pipeline/Pipeline.php(219): Illuminate\\Foundation\\Http\\Middleware\\TrimStrings->handle()
#35 /home/u533806958/domains/a1merchantsolutions.triviio.com/public_html/vendor/laravel/framework/src/Illuminate/Http/Middleware/ValidatePostSize.php(27): Illuminate\\Pipeline\\Pipeline->Illuminate\\Pipeline\\{closure}()
#36 /home/u533806958/domains/a1merchantsolutions.triviio.com/public_html/vendor/laravel/framework/src/Illuminate/Pipeline/Pipeline.php(219): Illuminate\\Http\\Middleware\\ValidatePostSize->handle()
#37 /home/u533806958/domains/a1merchantsolutions.triviio.com/public_html/vendor/laravel/framework/src/Illuminate/Foundation/Http/Middleware/PreventRequestsDuringMaintenance.php(109): Illuminate\\Pipeline\\Pipeline->Illuminate\\Pipeline\\{closure}()
#38 /home/u533806958/domains/a1merchantsolutions.triviio.com/public_html/vendor/laravel/framework/src/Illuminate/Pipeline/Pipeline.php(219): Illuminate\\Foundation\\Http\\Middleware\\PreventRequestsDuringMaintenance->handle()
#39 /home/u533806958/domains/a1merchantsolutions.triviio.com/public_html/vendor/laravel/framework/src/Illuminate/Http/Middleware/HandleCors.php(61): Illuminate\\Pipeline\\Pipeline->Illuminate\\Pipeline\\{closure}()
#40 /home/u533806958/domains/a1merchantsolutions.triviio.com/public_html/vendor/laravel/framework/src/Illuminate/Pipeline/Pipeline.php(219): Illuminate\\Http\\Middleware\\HandleCors->handle()
#41 /home/u533806958/domains/a1merchantsolutions.triviio.com/public_html/vendor/laravel/framework/src/Illuminate/Http/Middleware/TrustProxies.php(58): Illuminate\\Pipeline\\Pipeline->Illuminate\\Pipeline\\{closure}()
#42 /home/u533806958/domains/a1merchantsolutions.triviio.com/public_html/vendor/laravel/framework/src/Illuminate/Pipeline/Pipeline.php(219): Illuminate\\Http\\Middleware\\TrustProxies->handle()
#43 /home/u533806958/domains/a1merchantsolutions.triviio.com/public_html/vendor/laravel/framework/src/Illuminate/Foundation/Http/Middleware/InvokeDeferredCallbacks.php(22): Illuminate\\Pipeline\\Pipeline->Illuminate\\Pipeline\\{closure}()
#44 /home/u533806958/domains/a1merchantsolutions.triviio.com/public_html/vendor/laravel/framework/src/Illuminate/Pipeline/Pipeline.php(219): Illuminate\\Foundation\\Http\\Middleware\\InvokeDeferredCallbacks->handle()
#45 /home/u533806958/domains/a1merchantsolutions.triviio.com/public_html/vendor/laravel/framework/src/Illuminate/Http/Middleware/ValidatePathEncoding.php(26): Illuminate\\Pipeline\\Pipeline->Illuminate\\Pipeline\\{closure}()
#46 /home/u533806958/domains/a1merchantsolutions.triviio.com/public_html/vendor/laravel/framework/src/Illuminate/Pipeline/Pipeline.php(219): Illuminate\\Http\\Middleware\\ValidatePathEncoding->handle()
#47 /home/u533806958/domains/a1merchantsolutions.triviio.com/public_html/vendor/laravel/framework/src/Illuminate/Pipeline/Pipeline.php(137): Illuminate\\Pipeline\\Pipeline->Illuminate\\Pipeline\\{closure}()
#48 /home/u533806958/domains/a1merchantsolutions.triviio.com/public_html/vendor/laravel/framework/src/Illuminate/Foundation/Http/Kernel.php(175): Illuminate\\Pipeline\\Pipeline->then()
#49 /home/u533806958/domains/a1merchantsolutions.triviio.com/public_html/vendor/laravel/framework/src/Illuminate/Foundation/Http/Kernel.php(144): Illuminate\\Foundation\\Http\\Kernel->sendRequestThroughRouter()
#50 /home/u533806958/domains/a1merchantsolutions.triviio.com/public_html/vendor/laravel/framework/src/Illuminate/Foundation/Application.php(1220): Illuminate\\Foundation\\Http\\Kernel->handle()
#51 /home/u533806958/domains/a1merchantsolutions.triviio.com/public_html/public/index.php(15): Illuminate\\Foundation\\Application->handleRequest()
#52 {main}

[previous exception] [object] (PDOException(code: 2002): SQLSTATE[HY000] [2002] Operation not permitted at /home/u533806958/domains/a1merchantsolutions.triviio.com/public_html/vendor/laravel/framework/src/Illuminate/Database/Connectors/Connector.php:66)
[stacktrace]
#0 /home/u533806958/domains/a1merchantsolutions.triviio.com/public_html/vendor/laravel/framework/src/Illuminate/Database/Connectors/Connector.php(66): PDO->__construct()
#1 /home/u533806958/domains/a1merchantsolutions.triviio.com/public_html/vendor/laravel/framework/src/Illuminate/Database/Connectors/Connector.php(44): Illuminate\\Database\\Connectors\\Connector->createPdoConnection()
#2 /home/u533806958/domains/a1merchantsolutions.triviio.com/public_html/vendor/laravel/framework/src/Illuminate/Database/Connectors/MySqlConnector.php(24): Illuminate\\Database\\Connectors\\Connector->createConnection()
#3 /home/u533806958/domains/a1merchantsolutions.triviio.com/public_html/vendor/laravel/framework/src/Illuminate/Database/Connectors/ConnectionFactory.php(186): Illuminate\\Database\\Connectors\\MySqlConnector->connect()
#4 [internal function]: Illuminate\\Database\\Connectors\\ConnectionFactory->Illuminate\\Database\\Connectors\\{closure}()
#5 /home/u533806958/domains/a1merchantsolutions.triviio.com/public_html/vendor/laravel/framework/src/Illuminate/Database/Connection.php(1257): call_user_func()
#6 /home/u533806958/domains/a1merchantsolutions.triviio.com/public_html/vendor/laravel/framework/src/Illuminate/Database/Connection.php(525): Illuminate\\Database\\Connection->getPdo()
#7 /home/u533806958/domains/a1merchantsolutions.triviio.com/public_html/vendor/laravel/framework/src/Illuminate/Database/Connection.php(420): Illuminate\\Database\\Connection->getPdoForSelect()
#8 /home/u533806958/domains/a1merchantsolutions.triviio.com/public_html/vendor/laravel/framework/src/Illuminate/Database/Connection.php(827): Illuminate\\Database\\Connection->Illuminate\\Database\\{closure}()
#9 /home/u533806958/domains/a1merchantsolutions.triviio.com/public_html/vendor/laravel/framework/src/Illuminate/Database/Connection.php(794): Illuminate\\Database\\Connection->runQueryCallback()
#10 /home/u533806958/domains/a1merchantsolutions.triviio.com/public_html/vendor/laravel/framework/src/Illuminate/Database/Connection.php(411): Illuminate\\Database\\Connection->run()
#11 /home/u533806958/domains/a1merchantsolutions.triviio.com/public_html/vendor/laravel/framework/src/Illuminate/Database/Query/Builder.php(3505): Illuminate\\Database\\Connection->select()
#12 /home/u533806958/domains/a1merchantsolutions.triviio.com/public_html/vendor/laravel/framework/src/Illuminate/Database/Query/Builder.php(3490): Illuminate\\Database\\Query\\Builder->runSelect()
#13 /home/u533806958/domains/a1merchantsolutions.triviio.com/public_html/vendor/laravel/framework/src/Illuminate/Database/Query/Builder.php(4080): Illuminate\\Database\\Query\\Builder->Illuminate\\Database\\Query\\{closure}()
#14 /home/u533806958/domains/a1merchantsolutions.triviio.com/public_html/vendor/laravel/framework/src/Illuminate/Database/Query/Builder.php(3489): Illuminate\\Database\\Query\\Builder->onceWithColumns()
#15 /home/u533806958/domains/a1merchantsolutions.triviio.com/public_html/vendor/laravel/framework/src/Illuminate/Database/Concerns/BuildsQueries.php(366): Illuminate\\Database\\Query\\Builder->get()
#16 /home/u533806958/domains/a1merchantsolutions.triviio.com/public_html/vendor/laravel/framework/src/Illuminate/Database/Query/Builder.php(3412): Illuminate\\Database\\Query\\Builder->first()
#17 /home/u533806958/domains/a1merchantsolutions.triviio.com/public_html/vendor/laravel/framework/src/Illuminate/Session/DatabaseSessionHandler.php(96): Illuminate\\Database\\Query\\Builder->find()
#18 /home/u533806958/domains/a1merchantsolutions.triviio.com/public_html/vendor/laravel/framework/src/Illuminate/Session/Store.php(128): Illuminate\\Session\\DatabaseSessionHandler->read()
#19 /home/u533806958/domains/a1merchantsolutions.triviio.com/public_html/vendor/laravel/framework/src/Illuminate/Session/Store.php(116): Illuminate\\Session\\Store->readFromHandler()
#20 /home/u533806958/domains/a1merchantsolutions.triviio.com/public_html/vendor/laravel/framework/src/Illuminate/Session/Store.php(100): Illuminate\\Session\\Store->loadSession()
#21 /home/u533806958/domains/a1merchantsolutions.triviio.com/public_html/vendor/laravel/framework/src/Illuminate/Session/Middleware/StartSession.php(146): Illuminate\\Session\\Store->start()
#22 /home/u533806958/domains/a1merchantsolutions.triviio.com/public_html/vendor/laravel/framework/src/Illuminate/Support/helpers.php(393): Illuminate\\Session\\Middleware\\StartSession->Illuminate\\Session\\Middleware\\{closure}()
#23 /home/u533806958/domains/a1merchantsolutions.triviio.com/public_html/vendor/laravel/framework/src/Illuminate/Session/Middleware/StartSession.php(143): tap()
#24 /home/u533806958/domains/a1merchantsolutions.triviio.com/public_html/vendor/laravel/framework/src/Illuminate/Session/Middleware/StartSession.php(115): Illuminate\\Session\\Middleware\\StartSession->startSession()
#25 /home/u533806958/domains/a1merchantsolutions.triviio.com/public_html/vendor/laravel/framework/src/Illuminate/Session/Middleware/StartSession.php(63): Illuminate\\Session\\Middleware\\StartSession->handleStatefulRequest()
#26 /home/u533806958/domains/a1merchantsolutions.triviio.com/public_html/vendor/laravel/framework/src/Illuminate/Pipeline/Pipeline.php(219): Illuminate\\Session\\Middleware\\StartSession->handle()
#27 /home/u533806958/domains/a1merchantsolutions.triviio.com/public_html/vendor/laravel/framework/src/Illuminate/Cookie/Middleware/AddQueuedCookiesToResponse.php(36): Illuminate\\Pipeline\\Pipeline->Illuminate\\Pipeline\\{closure}()
#28 /home/u533806958/domains/a1merchantsolutions.triviio.com/public_html/vendor/laravel/framework/src/Illuminate/Pipeline/Pipeline.php(219): Illuminate\\Cookie\\Middleware\\AddQueuedCookiesToResponse->handle()
#29 /home/u533806958/domains/a1merchantsolutions.triviio.com/public_html/vendor/laravel/framework/src/Illuminate/Cookie/Middleware/EncryptCookies.php(74): Illuminate\\Pipeline\\Pipeline->Illuminate\\Pipeline\\{closure}()
#30 /home/u533806958/domains/a1merchantsolutions.triviio.com/public_html/vendor/laravel/framework/src/Illuminate/Pipeline/Pipeline.php(219): Illuminate\\Cookie\\Middleware\\EncryptCookies->handle()
#31 /home/u533806958/domains/a1merchantsolutions.triviio.com/public_html/vendor/laravel/framework/src/Illuminate/Pipeline/Pipeline.php(137): Illuminate\\Pipeline\\Pipeline->Illuminate\\Pipeline\\{closure}()
#32 /home/u533806958/domains/a1merchantsolutions.triviio.com/public_html/vendor/laravel/framework/src/Illuminate/Routing/Router.php(821): Illuminate\\Pipeline\\Pipeline->then()
#33 /home/u533806958/domains/a1merchantsolutions.triviio.com/public_html/vendor/laravel/framework/src/Illuminate/Routing/Router.php(800): Illuminate\\Routing\\Router->runRouteWithinStack()
#34 /home/u533806958/domains/a1merchantsolutions.triviio.com/public_html/vendor/laravel/framework/src/Illuminate/Routing/Router.php(764): Illuminate\\Routing\\Router->runRoute()
#35 /home/u533806958/domains/a1merchantsolutions.triviio.com/public_html/vendor/laravel/framework/src/Illuminate/Routing/Router.php(753): Illuminate\\Routing\\Router->dispatchToRoute()
#36 /home/u533806958/domains/a1merchantsolutions.triviio.com/public_html/vendor/laravel/framework/src/Illuminate/Foundation/Http/Kernel.php(200): Illuminate\\Routing\\Router->dispatch()
#37 /home/u533806958/domains/a1merchantsolutions.triviio.com/public_html/vendor/laravel/framework/src/Illuminate/Pipeline/Pipeline.php(180): Illuminate\\Foundation\\Http\\Kernel->Illuminate\\Foundation\\Http\\{closure}()
#38 /home/u533806958/domains/a1merchantsolutions.triviio.com/public_html/vendor/laravel/framework/src/Illuminate/Foundation/Http/Middleware/TransformsRequest.php(21): Illuminate\\Pipeline\\Pipeline->Illuminate\\Pipeline\\{closure}()
#39 /home/u533806958/domains/a1merchantsolutions.triviio.com/public_html/vendor/laravel/framework/src/Illuminate/Foundation/Http/Middleware/ConvertEmptyStringsToNull.php(31): Illuminate\\Foundation\\Http\\Middleware\\TransformsRequest->handle()
#40 /home/u533806958/domains/a1merchantsolutions.triviio.com/public_html/vendor/laravel/framework/src/Illuminate/Pipeline/Pipeline.php(219): Illuminate\\Foundation\\Http\\Middleware\\ConvertEmptyStringsToNull->handle()
#41 /home/u533806958/domains/a1merchantsolutions.triviio.com/public_html/vendor/laravel/framework/src/Illuminate/Foundation/Http/Middleware/TransformsRequest.php(21): Illuminate\\Pipeline\\Pipeline->Illuminate\\Pipeline\\{closure}()
#42 /home/u533806958/domains/a1merchantsolutions.triviio.com/public_html/vendor/laravel/framework/src/Illuminate/Foundation/Http/Middleware/TrimStrings.php(51): Illuminate\\Foundation\\Http\\Middleware\\TransformsRequest->handle()
#43 /home/u533806958/domains/a1merchantsolutions.triviio.com/public_html/vendor/laravel/framework/src/Illuminate/Pipeline/Pipeline.php(219): Illuminate\\Foundation\\Http\\Middleware\\TrimStrings->handle()
#44 /home/u533806958/domains/a1merchantsolutions.triviio.com/public_html/vendor/laravel/framework/src/Illuminate/Http/Middleware/ValidatePostSize.php(27): Illuminate\\Pipeline\\Pipeline->Illuminate\\Pipeline\\{closure}()
#45 /home/u533806958/domains/a1merchantsolutions.triviio.com/public_html/vendor/laravel/framework/src/Illuminate/Pipeline/Pipeline.php(219): Illuminate\\Http\\Middleware\\ValidatePostSize->handle()
#46 /home/u533806958/domains/a1merchantsolutions.triviio.com/public_html/vendor/laravel/framework/src/Illuminate/Foundation/Http/Middleware/PreventRequestsDuringMaintenance.php(109): Illuminate\\Pipeline\\Pipeline->Illuminate\\Pipeline\\{closure}()
#47 /home/u533806958/domains/a1merchantsolutions.triviio.com/public_html/vendor/laravel/framework/src/Illuminate/Pipeline/Pipeline.php(219): Illuminate\\Foundation\\Http\\Middleware\\PreventRequestsDuringMaintenance->handle()
#48 /home/u533806958/domains/a1merchantsolutions.triviio.com/public_html/vendor/laravel/framework/src/Illuminate/Http/Middleware/HandleCors.php(61): Illuminate\\Pipeline\\Pipeline->Illuminate\\Pipeline\\{closure}()
#49 /home/u533806958/domains/a1merchantsolutions.triviio.com/public_html/vendor/laravel/framework/src/Illuminate/Pipeline/Pipeline.php(219): Illuminate\\Http\\Middleware\\HandleCors->handle()
#50 /home/u533806958/domains/a1merchantsolutions.triviio.com/public_html/vendor/laravel/framework/src/Illuminate/Http/Middleware/TrustProxies.php(58): Illuminate\\Pipeline\\Pipeline->Illuminate\\Pipeline\\{closure}()
#51 /home/u533806958/domains/a1merchantsolutions.triviio.com/public_html/vendor/laravel/framework/src/Illuminate/Pipeline/Pipeline.php(219): Illuminate\\Http\\Middleware\\TrustProxies->handle()
#52 /home/u533806958/domains/a1merchantsolutions.triviio.com/public_html/vendor/laravel/framework/src/Illuminate/Foundation/Http/Middleware/InvokeDeferredCallbacks.php(22): Illuminate\\Pipeline\\Pipeline->Illuminate\\Pipeline\\{closure}()
#53 /home/u533806958/domains/a1merchantsolutions.triviio.com/public_html/vendor/laravel/framework/src/Illuminate/Pipeline/Pipeline.php(219): Illuminate\\Foundation\\Http\\Middleware\\InvokeDeferredCallbacks->handle()
#54 /home/u533806958/domains/a1merchantsolutions.triviio.com/public_html/vendor/laravel/framework/src/Illuminate/Http/Middleware/ValidatePathEncoding.php(26): Illuminate\\Pipeline\\Pipeline->Illuminate\\Pipeline\\{closure}()
#55 /home/u533806958/domains/a1merchantsolutions.triviio.com/public_html/vendor/laravel/framework/src/Illuminate/Pipeline/Pipeline.php(219): Illuminate\\Http\\Middleware\\ValidatePathEncoding->handle()
#56 /home/u533806958/domains/a1merchantsolutions.triviio.com/public_html/vendor/laravel/framework/src/Illuminate/Pipeline/Pipeline.php(137): Illuminate\\Pipeline\\Pipeline->Illuminate\\Pipeline\\{closure}()
#57 /home/u533806958/domains/a1merchantsolutions.triviio.com/public_html/vendor/laravel/framework/src/Illuminate/Foundation/Http/Kernel.php(175): Illuminate\\Pipeline\\Pipeline->then()
#58 /home/u533806958/domains/a1merchantsolutions.triviio.com/public_html/vendor/laravel/framework/src/Illuminate/Foundation/Http/Kernel.php(144): Illuminate\\Foundation\\Http\\Kernel->sendRequestThroughRouter()
#59 /home/u533806958/domains/a1merchantsolutions.triviio.com/public_html/vendor/laravel/framework/src/Illuminate/Foundation/Application.php(1220): Illuminate\\Foundation\\Http\\Kernel->handle()
#60 /home/u533806958/domains/a1merchantsolutions.triviio.com/public_html/public/index.php(15): Illuminate\\Foundation\\Application->handleRequest()
#61 {main}
"} 
[2026-08-13 11:18:13] local.ERROR: SQLSTATE[HY000] [2002] Operation not permitted (Connection: mysql, Host: 127.0.0.1, Port: 3306, Database: u533806958_adcoupon, SQL: select * from `sessions` where `id` = QulFhHMXKY2R1hgegmEMjxV1t16Kgz8fSP4weIF8 limit 1) {"exception":"[object] (Illuminate\\Database\\QueryException(code: 2002): SQLSTATE[HY000] [2002] Operation not permitted (Connection: mysql, Host: 127.0.0.1, Port: 3306, Database: u533806958_adcoupon, SQL: select * from `sessions` where `id` = QulFhHMXKY2R1hgegmEMjxV1t16Kgz8fSP4weIF8 limit 1) at /home/u533806958/domains/a1merchantsolutions.triviio.com/public_html/vendor/laravel/framework/src/Illuminate/Database/Connection.php:838)
[stacktrace]
#0 /home/u533806958/domains/a1merchantsolutions.triviio.com/public_html/vendor/laravel/framework/src/Illuminate/Database/Connection.php(794): Illuminate\\Database\\Connection->runQueryCallback()
#1 /home/u533806958/domains/a1merchantsolutions.triviio.com/public_html/vendor/laravel/framework/src/Illuminate/Database/Connection.php(411): Illuminate\\Database\\Connection->run()
#2 /home/u533806958/domains/a1merchantsolutions.triviio.com/public_html/vendor/laravel/framework/src/Illuminate/Database/Query/Builder.php(3505): Illuminate\\Database\\Connection->select()
#3 /home/u533806958/domains/a1merchantsolutions.triviio.com/public_html/vendor/laravel/framework/src/Illuminate/Database/Query/Builder.php(3490): Illuminate\\Database\\Query\\Builder->runSelect()
#4 /home/u533806958/domains/a1merchantsolutions.triviio.com/public_html/vendor/laravel/framework/src/Illuminate/Database/Query/Builder.php(4080): Illuminate\\Database\\Query\\Builder->Illuminate\\Database\\Query\\{closure}()
#5 /home/u533806958/domains/a1merchantsolutions.triviio.com/public_html/vendor/laravel/framework/src/Illuminate/Database/Query/Builder.php(3489): Illuminate\\Database\\Query\\Builder->onceWithColumns()
#6 /home/u533806958/domains/a1merchantsolutions.triviio.com/public_html/vendor/laravel/framework/src/Illuminate/Database/Concerns/BuildsQueries.php(366): Illuminate\\Database\\Query\\Builder->get()
#7 /home/u533806958/domains/a1merchantsolutions.triviio.com/public_html/vendor/laravel/framework/src/Illuminate/Database/Query/Builder.php(3412): Illuminate\\Database\\Query\\Builder->first()
#8 /home/u533806958/domains/a1merchantsolutions.triviio.com/public_html/vendor/laravel/framework/src/Illuminate/Session/DatabaseSessionHandler.php(96): Illuminate\\Database\\Query\\Builder->find()
#9 /home/u533806958/domains/a1merchantsolutions.triviio.com/public_html/vendor/laravel/framework/src/Illuminate/Session/Store.php(128): Illuminate\\Session\\DatabaseSessionHandler->read()
#10 /home/u533806958/domains/a1merchantsolutions.triviio.com/public_html/vendor/laravel/framework/src/Illuminate/Session/Store.php(116): Illuminate\\Session\\Store->readFromHandler()
#11 /home/u533806958/domains/a1merchantsolutions.triviio.com/public_html/vendor/laravel/framework/src/Illuminate/Session/Store.php(100): Illuminate\\Session\\Store->loadSession()
#12 /home/u533806958/domains/a1merchantsolutions.triviio.com/public_html/vendor/laravel/framework/src/Illuminate/Session/Middleware/StartSession.php(146): Illuminate\\Session\\Store->start()
#13 /home/u533806958/domains/a1merchantsolutions.triviio.com/public_html/vendor/laravel/framework/src/Illuminate/Support/helpers.php(393): Illuminate\\Session\\Middleware\\StartSession->Illuminate\\Session\\Middleware\\{closure}()
#14 /home/u533806958/domains/a1merchantsolutions.triviio.com/public_html/vendor/laravel/framework/src/Illuminate/Session/Middleware/StartSession.php(143): tap()
#15 /home/u533806958/domains/a1merchantsolutions.triviio.com/public_html/vendor/laravel/framework/src/Illuminate/Session/Middleware/StartSession.php(115): Illuminate\\Session\\Middleware\\StartSession->startSession()
#16 /home/u533806958/domains/a1merchantsolutions.triviio.com/public_html/vendor/laravel/framework/src/Illuminate/Session/Middleware/StartSession.php(63): Illuminate\\Session\\Middleware\\StartSession->handleStatefulRequest()
#17 /home/u533806958/domains/a1merchantsolutions.triviio.com/public_html/vendor/laravel/framework/src/Illuminate/Pipeline/Pipeline.php(219): Illuminate\\Session\\Middleware\\StartSession->handle()
#18 /home/u533806958/domains/a1merchantsolutions.triviio.com/public_html/vendor/laravel/framework/src/Illuminate/Cookie/Middleware/AddQueuedCookiesToResponse.php(36): Illuminate\\Pipeline\\Pipeline->Illuminate\\Pipeline\\{closure}()
#19 /home/u533806958/domains/a1merchantsolutions.triviio.com/public_html/vendor/laravel/framework/src/Illuminate/Pipeline/Pipeline.php(219): Illuminate\\Cookie\\Middleware\\AddQueuedCookiesToResponse->handle()
#20 /home/u533806958/domains/a1merchantsolutions.triviio.com/public_html/vendor/laravel/framework/src/Illuminate/Cookie/Middleware/EncryptCookies.php(74): Illuminate\\Pipeline\\Pipeline->Illuminate\\Pipeline\\{closure}()
#21 /home/u533806958/domains/a1merchantsolutions.triviio.com/public_html/vendor/laravel/framework/src/Illuminate/Pipeline/Pipeline.php(219): Illuminate\\Cookie\\Middleware\\EncryptCookies->handle()
#22 /home/u533806958/domains/a1merchantsolutions.triviio.com/public_html/vendor/laravel/framework/src/Illuminate/Pipeline/Pipeline.php(137): Illuminate\\Pipeline\\Pipeline->Illuminate\\Pipeline\\{closure}()
#23 /home/u533806958/domains/a1merchantsolutions.triviio.com/public_html/vendor/laravel/framework/src/Illuminate/Routing/Router.php(821): Illuminate\\Pipeline\\Pipeline->then()
#24 /home/u533806958/domains/a1merchantsolutions.triviio.com/public_html/vendor/laravel/framework/src/Illuminate/Routing/Router.php(800): Illuminate\\Routing\\Router->runRouteWithinStack()
#25 /home/u533806958/domains/a1merchantsolutions.triviio.com/public_html/vendor/laravel/framework/src/Illuminate/Routing/Router.php(764): Illuminate\\Routing\\Router->runRoute()
#26 /home/u533806958/domains/a1merchantsolutions.triviio.com/public_html/vendor/laravel/framework/src/Illuminate/Routing/Router.php(753): Illuminate\\Routing\\Router->dispatchToRoute()
#27 /home/u533806958/domains/a1merchantsolutions.triviio.com/public_html/vendor/laravel/framework/src/Illuminate/Foundation/Http/Kernel.php(200): Illuminate\\Routing\\Router->dispatch()
#28 /home/u533806958/domains/a1merchantsolutions.triviio.com/public_html/vendor/laravel/framework/src/Illuminate/Pipeline/Pipeline.php(180): Illuminate\\Foundation\\Http\\Kernel->Illuminate\\Foundation\\Http\\{closure}()
#29 /home/u533806958/domains/a1merchantsolutions.triviio.com/public_html/vendor/laravel/framework/src/Illuminate/Foundation/Http/Middleware/TransformsRequest.php(21): Illuminate\\Pipeline\\Pipeline->Illuminate\\Pipeline\\{closure}()
#30 /home/u533806958/domains/a1merchantsolutions.triviio.com/public_html/vendor/laravel/framework/src/Illuminate/Foundation/Http/Middleware/ConvertEmptyStringsToNull.php(31): Illuminate\\Foundation\\Http\\Middleware\\TransformsRequest->handle()
#31 /home/u533806958/domains/a1merchantsolutions.triviio.com/public_html/vendor/laravel/framework/src/Illuminate/Pipeline/Pipeline.php(219): Illuminate\\Foundation\\Http\\Middleware\\ConvertEmptyStringsToNull->handle()
#32 /home/u533806958/domains/a1merchantsolutions.triviio.com/public_html/vendor/laravel/framework/src/Illuminate/Foundation/Http/Middleware/TransformsRequest.php(21): Illuminate\\Pipeline\\Pipeline->Illuminate\\Pipeline\\{closure}()
#33 /home/u533806958/domains/a1merchantsolutions.triviio.com/public_html/vendor/laravel/framework/src/Illuminate/Foundation/Http/Middleware/TrimStrings.php(51): Illuminate\\Foundation\\Http\\Middleware\\TransformsRequest->handle()
#34 /home/u533806958/domains/a1merchantsolutions.triviio.com/public_html/vendor/laravel/framework/src/Illuminate/Pipeline/Pipeline.php(219): Illuminate\\Foundation\\Http\\Middleware\\TrimStrings->handle()
#35 /home/u533806958/domains/a1merchantsolutions.triviio.com/public_html/vendor/laravel/framework/src/Illuminate/Http/Middleware/ValidatePostSize.php(27): Illuminate\\Pipeline\\Pipeline->Illuminate\\Pipeline\\{closure}()
#36 /home/u533806958/domains/a1merchantsolutions.triviio.com/public_html/vendor/laravel/framework/src/Illuminate/Pipeline/Pipeline.php(219): Illuminate\\Http\\Middleware\\ValidatePostSize->handle()
#37 /home/u533806958/domains/a1merchantsolutions.triviio.com/public_html/vendor/laravel/framework/src/Illuminate/Foundation/Http/Middleware/PreventRequestsDuringMaintenance.php(109): Illuminate\\Pipeline\\Pipeline->Illuminate\\Pipeline\\{closure}()
#38 /home/u533806958/domains/a1merchantsolutions.triviio.com/public_html/vendor/laravel/framework/src/Illuminate/Pipeline/Pipeline.php(219): Illuminate\\Foundation\\Http\\Middleware\\PreventRequestsDuringMaintenance->handle()
#39 /home/u533806958/domains/a1merchantsolutions.triviio.com/public_html/vendor/laravel/framework/src/Illuminate/Http/Middleware/HandleCors.php(61): Illuminate\\Pipeline\\Pipeline->Illuminate\\Pipeline\\{closure}()
#40 /home/u533806958/domains/a1merchantsolutions.triviio.com/public_html/vendor/laravel/framework/src/Illuminate/Pipeline/Pipeline.php(219): Illuminate\\Http\\Middleware\\HandleCors->handle()
#41 /home/u533806958/domains/a1merchantsolutions.triviio.com/public_html/vendor/laravel/framework/src/Illuminate/Http/Middleware/TrustProxies.php(58): Illuminate\\Pipeline\\Pipeline->Illuminate\\Pipeline\\{closure}()
#42 /home/u533806958/domains/a1merchantsolutions.triviio.com/public_html/vendor/laravel/framework/src/Illuminate/Pipeline/Pipeline.php(219): Illuminate\\Http\\Middleware\\TrustProxies->handle()
#43 /home/u533806958/domains/a1merchantsolutions.triviio.com/public_html/vendor/laravel/framework/src/Illuminate/Foundation/Http/Middleware/InvokeDeferredCallbacks.php(22): Illuminate\\Pipeline\\Pipeline->Illuminate\\Pipeline\\{closure}()
#44 /home/u533806958/domains/a1merchantsolutions.triviio.com/public_html/vendor/laravel/framework/src/Illuminate/Pipeline/Pipeline.php(219): Illuminate\\Foundation\\Http\\Middleware\\InvokeDeferredCallbacks->handle()
#45 /home/u533806958/domains/a1merchantsolutions.triviio.com/public_html/vendor/laravel/framework/src/Illuminate/Http/Middleware/ValidatePathEncoding.php(26): Illuminate\\Pipeline\\Pipeline->Illuminate\\Pipeline\\{closure}()
#46 /home/u533806958/domains/a1merchantsolutions.triviio.com/public_html/vendor/laravel/framework/src/Illuminate/Pipeline/Pipeline.php(219): Illuminate\\Http\\Middleware\\ValidatePathEncoding->handle()
#47 /home/u533806958/domains/a1merchantsolutions.triviio.com/public_html/vendor/laravel/framework/src/Illuminate/Pipeline/Pipeline.php(137): Illuminate\\Pipeline\\Pipeline->Illuminate\\Pipeline\\{closure}()
#48 /home/u533806958/domains/a1merchantsolutions.triviio.com/public_html/vendor/laravel/framework/src/Illuminate/Foundation/Http/Kernel.php(175): Illuminate\\Pipeline\\Pipeline->then()
#49 /home/u533806958/domains/a1merchantsolutions.triviio.com/public_html/vendor/laravel/framework/src/Illuminate/Foundation/Http/Kernel.php(144): Illuminate\\Foundation\\Http\\Kernel->sendRequestThroughRouter()
#50 /home/u533806958/domains/a1merchantsolutions.triviio.com/public_html/vendor/laravel/framework/src/Illuminate/Foundation/Application.php(1220): Illuminate\\Foundation\\Http\\Kernel->handle()
#51 /home/u533806958/domains/a1merchantsolutions.triviio.com/public_html/public/index.php(15): Illuminate\\Foundation\\Application->handleRequest()
#52 {main}

[previous exception] [object] (PDOException(code: 2002): SQLSTATE[HY000] [2002] Operation not permitted at /home/u533806958/domains/a1merchantsolutions.triviio.com/public_html/vendor/laravel/framework/src/Illuminate/Database/Connectors/Connector.php:66)
[stacktrace]
#0 /home/u533806958/domains/a1merchantsolutions.triviio.com/public_html/vendor/laravel/framework/src/Illuminate/Database/Connectors/Connector.php(66): PDO->__construct()
#1 /home/u533806958/domains/a1merchantsolutions.triviio.com/public_html/vendor/laravel/framework/src/Illuminate/Database/Connectors/Connector.php(44): Illuminate\\Database\\Connectors\\Connector->createPdoConnection()
#2 /home/u533806958/domains/a1merchantsolutions.triviio.com/public_html/vendor/laravel/framework/src/Illuminate/Database/Connectors/MySqlConnector.php(24): Illuminate\\Database\\Connectors\\Connector->createConnection()
#3 /home/u533806958/domains/a1merchantsolutions.triviio.com/public_html/vendor/laravel/framework/src/Illuminate/Database/Connectors/ConnectionFactory.php(186): Illuminate\\Database\\Connectors\\MySqlConnector->connect()
#4 [internal function]: Illuminate\\Database\\Connectors\\ConnectionFactory->Illuminate\\Database\\Connectors\\{closure}()
#5 /home/u533806958/domains/a1merchantsolutions.triviio.com/public_html/vendor/laravel/framework/src/Illuminate/Database/Connection.php(1257): call_user_func()
#6 /home/u533806958/domains/a1merchantsolutions.triviio.com/public_html/vendor/laravel/framework/src/Illuminate/Database/Connection.php(525): Illuminate\\Database\\Connection->getPdo()
#7 /home/u533806958/domains/a1merchantsolutions.triviio.com/public_html/vendor/laravel/framework/src/Illuminate/Database/Connection.php(420): Illuminate\\Database\\Connection->getPdoForSelect()
#8 /home/u533806958/domains/a1merchantsolutions.triviio.com/public_html/vendor/laravel/framework/src/Illuminate/Database/Connection.php(827): Illuminate\\Database\\Connection->Illuminate\\Database\\{closure}()
#9 /home/u533806958/domains/a1merchantsolutions.triviio.com/public_html/vendor/laravel/framework/src/Illuminate/Database/Connection.php(794): Illuminate\\Database\\Connection->runQueryCallback()
#10 /home/u533806958/domains/a1merchantsolutions.triviio.com/public_html/vendor/laravel/framework/src/Illuminate/Database/Connection.php(411): Illuminate\\Database\\Connection->run()
#11 /home/u533806958/domains/a1merchantsolutions.triviio.com/public_html/vendor/laravel/framework/src/Illuminate/Database/Query/Builder.php(3505): Illuminate\\Database\\Connection->select()
#12 /home/u533806958/domains/a1merchantsolutions.triviio.com/public_html/vendor/laravel/framework/src/Illuminate/Database/Query/Builder.php(3490): Illuminate\\Database\\Query\\Builder->runSelect()
#13 /home/u533806958/domains/a1merchantsolutions.triviio.com/public_html/vendor/laravel/framework/src/Illuminate/Database/Query/Builder.php(4080): Illuminate\\Database\\Query\\Builder->Illuminate\\Database\\Query\\{closure}()
#14 /home/u533806958/domains/a1merchantsolutions.triviio.com/public_html/vendor/laravel/framework/src/Illuminate/Database/Query/Builder.php(3489): Illuminate\\Database\\Query\\Builder->onceWithColumns()
#15 /home/u533806958/domains/a1merchantsolutions.triviio.com/public_html/vendor/laravel/framework/src/Illuminate/Database/Concerns/BuildsQueries.php(366): Illuminate\\Database\\Query\\Builder->get()
#16 /home/u533806958/domains/a1merchantsolutions.triviio.com/public_html/vendor/laravel/framework/src/Illuminate/Database/Query/Builder.php(3412): Illuminate\\Database\\Query\\Builder->first()
#17 /home/u533806958/domains/a1merchantsolutions.triviio.com/public_html/vendor/laravel/framework/src/Illuminate/Session/DatabaseSessionHandler.php(96): Illuminate\\Database\\Query\\Builder->find()
#18 /home/u533806958/domains/a1merchantsolutions.triviio.com/public_html/vendor/laravel/framework/src/Illuminate/Session/Store.php(128): Illuminate\\Session\\DatabaseSessionHandler->read()
#19 /home/u533806958/domains/a1merchantsolutions.triviio.com/public_html/vendor/laravel/framework/src/Illuminate/Session/Store.php(116): Illuminate\\Session\\Store->readFromHandler()
#20 /home/u533806958/domains/a1merchantsolutions.triviio.com/public_html/vendor/laravel/framework/src/Illuminate/Session/Store.php(100): Illuminate\\Session\\Store->loadSession()
#21 /home/u533806958/domains/a1merchantsolutions.triviio.com/public_html/vendor/laravel/framework/src/Illuminate/Session/Middleware/StartSession.php(146): Illuminate\\Session\\Store->start()
#22 /home/u533806958/domains/a1merchantsolutions.triviio.com/public_html/vendor/laravel/framework/src/Illuminate/Support/helpers.php(393): Illuminate\\Session\\Middleware\\StartSession->Illuminate\\Session\\Middleware\\{closure}()
#23 /home/u533806958/domains/a1merchantsolutions.triviio.com/public_html/vendor/laravel/framework/src/Illuminate/Session/Middleware/StartSession.php(143): tap()
#24 /home/u533806958/domains/a1merchantsolutions.triviio.com/public_html/vendor/laravel/framework/src/Illuminate/Session/Middleware/StartSession.php(115): Illuminate\\Session\\Middleware\\StartSession->startSession()
#25 /home/u533806958/domains/a1merchantsolutions.triviio.com/public_html/vendor/laravel/framework/src/Illuminate/Session/Middleware/StartSession.php(63): Illuminate\\Session\\Middleware\\StartSession->handleStatefulRequest()
#26 /home/u533806958/domains/a1merchantsolutions.triviio.com/public_html/vendor/laravel/framework/src/Illuminate/Pipeline/Pipeline.php(219): Illuminate\\Session\\Middleware\\StartSession->handle()
#27 /home/u533806958/domains/a1merchantsolutions.triviio.com/public_html/vendor/laravel/framework/src/Illuminate/Cookie/Middleware/AddQueuedCookiesToResponse.php(36): Illuminate\\Pipeline\\Pipeline->Illuminate\\Pipeline\\{closure}()
#28 /home/u533806958/domains/a1merchantsolutions.triviio.com/public_html/vendor/laravel/framework/src/Illuminate/Pipeline/Pipeline.php(219): Illuminate\\Cookie\\Middleware\\AddQueuedCookiesToResponse->handle()
#29 /home/u533806958/domains/a1merchantsolutions.triviio.com/public_html/vendor/laravel/framework/src/Illuminate/Cookie/Middleware/EncryptCookies.php(74): Illuminate\\Pipeline\\Pipeline->Illuminate\\Pipeline\\{closure}()
#30 /home/u533806958/domains/a1merchantsolutions.triviio.com/public_html/vendor/laravel/framework/src/Illuminate/Pipeline/Pipeline.php(219): Illuminate\\Cookie\\Middleware\\EncryptCookies->handle()
#31 /home/u533806958/domains/a1merchantsolutions.triviio.com/public_html/vendor/laravel/framework/src/Illuminate/Pipeline/Pipeline.php(137): Illuminate\\Pipeline\\Pipeline->Illuminate\\Pipeline\\{closure}()
#32 /home/u533806958/domains/a1merchantsolutions.triviio.com/public_html/vendor/laravel/framework/src/Illuminate/Routing/Router.php(821): Illuminate\\Pipeline\\Pipeline->then()
#33 /home/u533806958/domains/a1merchantsolutions.triviio.com/public_html/vendor/laravel/framework/src/Illuminate/Routing/Router.php(800): Illuminate\\Routing\\Router->runRouteWithinStack()
#34 /home/u533806958/domains/a1merchantsolutions.triviio.com/public_html/vendor/laravel/framework/src/Illuminate/Routing/Router.php(764): Illuminate\\Routing\\Router->runRoute()
#35 /home/u533806958/domains/a1merchantsolutions.triviio.com/public_html/vendor/laravel/framework/src/Illuminate/Routing/Router.php(753): Illuminate\\Routing\\Router->dispatchToRoute()
#36 /home/u533806958/domains/a1merchantsolutions.triviio.com/public_html/vendor/laravel/framework/src/Illuminate/Foundation/Http/Kernel.php(200): Illuminate\\Routing\\Router->dispatch()
#37 /home/u533806958/domains/a1merchantsolutions.triviio.com/public_html/vendor/laravel/framework/src/Illuminate/Pipeline/Pipeline.php(180): Illuminate\\Foundation\\Http\\Kernel->Illuminate\\Foundation\\Http\\{closure}()
#38 /home/u533806958/domains/a1merchantsolutions.triviio.com/public_html/vendor/laravel/framework/src/Illuminate/Foundation/Http/Middleware/TransformsRequest.php(21): Illuminate\\Pipeline\\Pipeline->Illuminate\\Pipeline\\{closure}()
#39 /home/u533806958/domains/a1merchantsolutions.triviio.com/public_html/vendor/laravel/framework/src/Illuminate/Foundation/Http/Middleware/ConvertEmptyStringsToNull.php(31): Illuminate\\Foundation\\Http\\Middleware\\TransformsRequest->handle()
#40 /home/u533806958/domains/a1merchantsolutions.triviio.com/public_html/vendor/laravel/framework/src/Illuminate/Pipeline/Pipeline.php(219): Illuminate\\Foundation\\Http\\Middleware\\ConvertEmptyStringsToNull->handle()
#41 /home/u533806958/domains/a1merchantsolutions.triviio.com/public_html/vendor/laravel/framework/src/Illuminate/Foundation/Http/Middleware/TransformsRequest.php(21): Illuminate\\Pipeline\\Pipeline->Illuminate\\Pipeline\\{closure}()
#42 /home/u533806958/domains/a1merchantsolutions.triviio.com/public_html/vendor/laravel/framework/src/Illuminate/Foundation/Http/Middleware/TrimStrings.php(51): Illuminate\\Foundation\\Http\\Middleware\\TransformsRequest->handle()
#43 /home/u533806958/domains/a1merchantsolutions.triviio.com/public_html/vendor/laravel/framework/src/Illuminate/Pipeline/Pipeline.php(219): Illuminate\\Foundation\\Http\\Middleware\\TrimStrings->handle()
#44 /home/u533806958/domains/a1merchantsolutions.triviio.com/public_html/vendor/laravel/framework/src/Illuminate/Http/Middleware/ValidatePostSize.php(27): Illuminate\\Pipeline\\Pipeline->Illuminate\\Pipeline\\{closure}()
#45 /home/u533806958/domains/a1merchantsolutions.triviio.com/public_html/vendor/laravel/framework/src/Illuminate/Pipeline/Pipeline.php(219): Illuminate\\Http\\Middleware\\ValidatePostSize->handle()
#46 /home/u533806958/domains/a1merchantsolutions.triviio.com/public_html/vendor/laravel/framework/src/Illuminate/Foundation/Http/Middleware/PreventRequestsDuringMaintenance.php(109): Illuminate\\Pipeline\\Pipeline->Illuminate\\Pipeline\\{closure}()
#47 /home/u533806958/domains/a1merchantsolutions.triviio.com/public_html/vendor/laravel/framework/src/Illuminate/Pipeline/Pipeline.php(219): Illuminate\\Foundation\\Http\\Middleware\\PreventRequestsDuringMaintenance->handle()
#48 /home/u533806958/domains/a1merchantsolutions.triviio.com/public_html/vendor/laravel/framework/src/Illuminate/Http/Middleware/HandleCors.php(61): Illuminate\\Pipeline\\Pipeline->Illuminate\\Pipeline\\{closure}()
#49 /home/u533806958/domains/a1merchantsolutions.triviio.com/public_html/vendor/laravel/framework/src/Illuminate/Pipeline/Pipeline.php(219): Illuminate\\Http\\Middleware\\HandleCors->handle()
#50 /home/u533806958/domains/a1merchantsolutions.triviio.com/public_html/vendor/laravel/framework/src/Illuminate/Http/Middleware/TrustProxies.php(58): Illuminate\\Pipeline\\Pipeline->Illuminate\\Pipeline\\{closure}()
#51 /home/u533806958/domains/a1merchantsolutions.triviio.com/public_html/vendor/laravel/framework/src/Illuminate/Pipeline/Pipeline.php(219): Illuminate\\Http\\Middleware\\TrustProxies->handle()
#52 /home/u533806958/domains/a1merchantsolutions.triviio.com/public_html/vendor/laravel/framework/src/Illuminate/Foundation/Http/Middleware/InvokeDeferredCallbacks.php(22): Illuminate\\Pipeline\\Pipeline->Illuminate\\Pipeline\\{closure}()
#53 /home/u533806958/domains/a1merchantsolutions.triviio.com/public_html/vendor/laravel/framework/src/Illuminate/Pipeline/Pipeline.php(219): Illuminate\\Foundation\\Http\\Middleware\\InvokeDeferredCallbacks->handle()
#54 /home/u533806958/domains/a1merchantsolutions.triviio.com/public_html/vendor/laravel/framework/src/Illuminate/Http/Middleware/ValidatePathEncoding.php(26): Illuminate\\Pipeline\\Pipeline->Illuminate\\Pipeline\\{closure}()
#55 /home/u533806958/domains/a1merchantsolutions.triviio.com/public_html/vendor/laravel/framework/src/Illuminate/Pipeline/Pipeline.php(219): Illuminate\\Http\\Middleware\\ValidatePathEncoding->handle()
#56 /home/u533806958/domains/a1merchantsolutions.triviio.com/public_html/vendor/laravel/framework/src/Illuminate/Pipeline/Pipeline.php(137): Illuminate\\Pipeline\\Pipeline->Illuminate\\Pipeline\\{closure}()
#57 /home/u533806958/domains/a1merchantsolutions.triviio.com/public_html/vendor/laravel/framework/src/Illuminate/Foundation/Http/Kernel.php(175): Illuminate\\Pipeline\\Pipeline->then()
#58 /home/u533806958/domains/a1merchantsolutions.triviio.com/public_html/vendor/laravel/framework/src/Illuminate/Foundation/Http/Kernel.php(144): Illuminate\\Foundation\\Http\\Kernel->sendRequestThroughRouter()
#59 /home/u533806958/domains/a1merchantsolutions.triviio.com/public_html/vendor/laravel/framework/src/Illuminate/Foundation/Application.php(1220): Illuminate\\Foundation\\Http\\Kernel->handle()
#60 /home/u533806958/domains/a1merchantsolutions.triviio.com/public_html/public/index.php(15): Illuminate\\Foundation\\Application->handleRequest()
#61 {main}
"} 
[2026-08-13 11:18:13] local.ERROR: SQLSTATE[HY000] [2002] Operation not permitted (Connection: mysql, Host: 127.0.0.1, Port: 3306, Database: u533806958_adcoupon, SQL: select * from `sessions` where `id` = QulFhHMXKY2R1hgegmEMjxV1t16Kgz8fSP4weIF8 limit 1) {"exception":"[object] (Illuminate\\Database\\QueryException(code: 2002): SQLSTATE[HY000] [2002] Operation not permitted (Connection: mysql, Host: 127.0.0.1, Port: 3306, Database: u533806958_adcoupon, SQL: select * from `sessions` where `id` = QulFhHMXKY2R1hgegmEMjxV1t16Kgz8fSP4weIF8 limit 1) at /home/u533806958/domains/a1merchantsolutions.triviio.com/public_html/vendor/laravel/framework/src/Illuminate/Database/Connection.php:838)
[stacktrace]
#0 /home/u533806958/domains/a1merchantsolutions.triviio.com/public_html/vendor/laravel/framework/src/Illuminate/Database/Connection.php(794): Illuminate\\Database\\Connection->runQueryCallback()
#1 /home/u533806958/domains/a1merchantsolutions.triviio.com/public_html/vendor/laravel/framework/src/Illuminate/Database/Connection.php(411): Illuminate\\Database\\Connection->run()
#2 /home/u533806958/domains/a1merchantsolutions.triviio.com/public_html/vendor/laravel/framework/src/Illuminate/Database/Query/Builder.php(3505): Illuminate\\Database\\Connection->select()
#3 /home/u533806958/domains/a1merchantsolutions.triviio.com/public_html/vendor/laravel/framework/src/Illuminate/Database/Query/Builder.php(3490): Illuminate\\Database\\Query\\Builder->runSelect()
#4 /home/u533806958/domains/a1merchantsolutions.triviio.com/public_html/vendor/laravel/framework/src/Illuminate/Database/Query/Builder.php(4080): Illuminate\\Database\\Query\\Builder->Illuminate\\Database\\Query\\{closure}()
#5 /home/u533806958/domains/a1merchantsolutions.triviio.com/public_html/vendor/laravel/framework/src/Illuminate/Database/Query/Builder.php(3489): Illuminate\\Database\\Query\\Builder->onceWithColumns()
#6 /home/u533806958/domains/a1merchantsolutions.triviio.com/public_html/vendor/laravel/framework/src/Illuminate/Database/Concerns/BuildsQueries.php(366): Illuminate\\Database\\Query\\Builder->get()
#7 /home/u533806958/domains/a1merchantsolutions.triviio.com/public_html/vendor/laravel/framework/src/Illuminate/Database/Query/Builder.php(3412): Illuminate\\Database\\Query\\Builder->first()
#8 /home/u533806958/domains/a1merchantsolutions.triviio.com/public_html/vendor/laravel/framework/src/Illuminate/Session/DatabaseSessionHandler.php(96): Illuminate\\Database\\Query\\Builder->find()
#9 /home/u533806958/domains/a1merchantsolutions.triviio.com/public_html/vendor/laravel/framework/src/Illuminate/Session/Store.php(128): Illuminate\\Session\\DatabaseSessionHandler->read()
#10 /home/u533806958/domains/a1merchantsolutions.triviio.com/public_html/vendor/laravel/framework/src/Illuminate/Session/Store.php(116): Illuminate\\Session\\Store->readFromHandler()
#11 /home/u533806958/domains/a1merchantsolutions.triviio.com/public_html/vendor/laravel/framework/src/Illuminate/Session/Store.php(100): Illuminate\\Session\\Store->loadSession()
#12 /home/u533806958/domains/a1merchantsolutions.triviio.com/public_html/vendor/laravel/framework/src/Illuminate/Session/Middleware/StartSession.php(146): Illuminate\\Session\\Store->start()
#13 /home/u533806958/domains/a1merchantsolutions.triviio.com/public_html/vendor/laravel/framework/src/Illuminate/Support/helpers.php(393): Illuminate\\Session\\Middleware\\StartSession->Illuminate\\Session\\Middleware\\{closure}()
#14 /home/u533806958/domains/a1merchantsolutions.triviio.com/public_html/vendor/laravel/framework/src/Illuminate/Session/Middleware/StartSession.php(143): tap()
#15 /home/u533806958/domains/a1merchantsolutions.triviio.com/public_html/vendor/laravel/framework/src/Illuminate/Session/Middleware/StartSession.php(115): Illuminate\\Session\\Middleware\\StartSession->startSession()
#16 /home/u533806958/domains/a1merchantsolutions.triviio.com/public_html/vendor/laravel/framework/src/Illuminate/Session/Middleware/StartSession.php(63): Illuminate\\Session\\Middleware\\StartSession->handleStatefulRequest()
#17 /home/u533806958/domains/a1merchantsolutions.triviio.com/public_html/vendor/laravel/framework/src/Illuminate/Pipeline/Pipeline.php(219): Illuminate\\Session\\Middleware\\StartSession->handle()
#18 /home/u533806958/domains/a1merchantsolutions.triviio.com/public_html/vendor/laravel/framework/src/Illuminate/Cookie/Middleware/AddQueuedCookiesToResponse.php(36): Illuminate\\Pipeline\\Pipeline->Illuminate\\Pipeline\\{closure}()
#19 /home/u533806958/domains/a1merchantsolutions.triviio.com/public_html/vendor/laravel/framework/src/Illuminate/Pipeline/Pipeline.php(219): Illuminate\\Cookie\\Middleware\\AddQueuedCookiesToResponse->handle()
#20 /home/u533806958/domains/a1merchantsolutions.triviio.com/public_html/vendor/laravel/framework/src/Illuminate/Cookie/Middleware/EncryptCookies.php(74): Illuminate\\Pipeline\\Pipeline->Illuminate\\Pipeline\\{closure}()
#21 /home/u533806958/domains/a1merchantsolutions.triviio.com/public_html/vendor/laravel/framework/src/Illuminate/Pipeline/Pipeline.php(219): Illuminate\\Cookie\\Middleware\\EncryptCookies->handle()
#22 /home/u533806958/domains/a1merchantsolutions.triviio.com/public_html/vendor/laravel/framework/src/Illuminate/Pipeline/Pipeline.php(137): Illuminate\\Pipeline\\Pipeline->Illuminate\\Pipeline\\{closure}()
#23 /home/u533806958/domains/a1merchantsolutions.triviio.com/public_html/vendor/laravel/framework/src/Illuminate/Routing/Router.php(821): Illuminate\\Pipeline\\Pipeline->then()
#24 /home/u533806958/domains/a1merchantsolutions.triviio.com/public_html/vendor/laravel/framework/src/Illuminate/Routing/Router.php(800): Illuminate\\Routing\\Router->runRouteWithinStack()
#25 /home/u533806958/domains/a1merchantsolutions.triviio.com/public_html/vendor/laravel/framework/src/Illuminate/Routing/Router.php(764): Illuminate\\Routing\\Router->runRoute()
#26 /home/u533806958/domains/a1merchantsolutions.triviio.com/public_html/vendor/laravel/framework/src/Illuminate/Routing/Router.php(753): Illuminate\\Routing\\Router->dispatchToRoute()
#27 /home/u533806958/domains/a1merchantsolutions.triviio.com/public_html/vendor/laravel/framework/src/Illuminate/Foundation/Http/Kernel.php(200): Illuminate\\Routing\\Router->dispatch()
#28 /home/u533806958/domains/a1merchantsolutions.triviio.com/public_html/vendor/laravel/framework/src/Illuminate/Pipeline/Pipeline.php(180): Illuminate\\Foundation\\Http\\Kernel->Illuminate\\Foundation\\Http\\{closure}()
#29 /home/u533806958/domains/a1merchantsolutions.triviio.com/public_html/vendor/laravel/framework/src/Illuminate/Foundation/Http/Middleware/TransformsRequest.php(21): Illuminate\\Pipeline\\Pipeline->Illuminate\\Pipeline\\{closure}()
#30 /home/u533806958/domains/a1merchantsolutions.triviio.com/public_html/vendor/laravel/framework/src/Illuminate/Foundation/Http/Middleware/ConvertEmptyStringsToNull.php(31): Illuminate\\Foundation\\Http\\Middleware\\TransformsRequest->handle()
#31 /home/u533806958/domains/a1merchantsolutions.triviio.com/public_html/vendor/laravel/framework/src/Illuminate/Pipeline/Pipeline.php(219): Illuminate\\Foundation\\Http\\Middleware\\ConvertEmptyStringsToNull->handle()
#32 /home/u533806958/domains/a1merchantsolutions.triviio.com/public_html/vendor/laravel/framework/src/Illuminate/Foundation/Http/Middleware/TransformsRequest.php(21): Illuminate\\Pipeline\\Pipeline->Illuminate\\Pipeline\\{closure}()
#33 /home/u533806958/domains/a1merchantsolutions.triviio.com/public_html/vendor/laravel/framework/src/Illuminate/Foundation/Http/Middleware/TrimStrings.php(51): Illuminate\\Foundation\\Http\\Middleware\\TransformsRequest->handle()
#34 /home/u533806958/domains/a1merchantsolutions.triviio.com/public_html/vendor/laravel/framework/src/Illuminate/Pipeline/Pipeline.php(219): Illuminate\\Foundation\\Http\\Middleware\\TrimStrings->handle()
#35 /home/u533806958/domains/a1merchantsolutions.triviio.com/public_html/vendor/laravel/framework/src/Illuminate/Http/Middleware/ValidatePostSize.php(27): Illuminate\\Pipeline\\Pipeline->Illuminate\\Pipeline\\{closure}()
#36 /home/u533806958/domains/a1merchantsolutions.triviio.com/public_html/vendor/laravel/framework/src/Illuminate/Pipeline/Pipeline.php(219): Illuminate\\Http\\Middleware\\ValidatePostSize->handle()
#37 /home/u533806958/domains/a1merchantsolutions.triviio.com/public_html/vendor/laravel/framework/src/Illuminate/Foundation/Http/Middleware/PreventRequestsDuringMaintenance.php(109): Illuminate\\Pipeline\\Pipeline->Illuminate\\Pipeline\\{closure}()
#38 /home/u533806958/domains/a1merchantsolutions.triviio.com/public_html/vendor/laravel/framework/src/Illuminate/Pipeline/Pipeline.php(219): Illuminate\\Foundation\\Http\\Middleware\\PreventRequestsDuringMaintenance->handle()
#39 /home/u533806958/domains/a1merchantsolutions.triviio.com/public_html/vendor/laravel/framework/src/Illuminate/Http/Middleware/HandleCors.php(61): Illuminate\\Pipeline\\Pipeline->Illuminate\\Pipeline\\{closure}()
#40 /home/u533806958/domains/a1merchantsolutions.triviio.com/public_html/vendor/laravel/framework/src/Illuminate/Pipeline/Pipeline.php(219): Illuminate\\Http\\Middleware\\HandleCors->handle()
#41 /home/u533806958/domains/a1merchantsolutions.triviio.com/public_html/vendor/laravel/framework/src/Illuminate/Http/Middleware/TrustProxies.php(58): Illuminate\\Pipeline\\Pipeline->Illuminate\\Pipeline\\{closure}()
#42 /home/u533806958/domains/a1merchantsolutions.triviio.com/public_html/vendor/laravel/framework/src/Illuminate/Pipeline/Pipeline.php(219): Illuminate\\Http\\Middleware\\TrustProxies->handle()
#43 /home/u533806958/domains/a1merchantsolutions.triviio.com/public_html/vendor/laravel/framework/src/Illuminate/Foundation/Http/Middleware/InvokeDeferredCallbacks.php(22): Illuminate\\Pipeline\\Pipeline->Illuminate\\Pipeline\\{closure}()
#44 /home/u533806958/domains/a1merchantsolutions.triviio.com/public_html/vendor/laravel/framework/src/Illuminate/Pipeline/Pipeline.php(219): Illuminate\\Foundation\\Http\\Middleware\\InvokeDeferredCallbacks->handle()
#45 /home/u533806958/domains/a1merchantsolutions.triviio.com/public_html/vendor/laravel/framework/src/Illuminate/Http/Middleware/ValidatePathEncoding.php(26): Illuminate\\Pipeline\\Pipeline->Illuminate\\Pipeline\\{closure}()
#46 /home/u533806958/domains/a1merchantsolutions.triviio.com/public_html/vendor/laravel/framework/src/Illuminate/Pipeline/Pipeline.php(219): Illuminate\\Http\\Middleware\\ValidatePathEncoding->handle()
#47 /home/u533806958/domains/a1merchantsolutions.triviio.com/public_html/vendor/laravel/framework/src/Illuminate/Pipeline/Pipeline.php(137): Illuminate\\Pipeline\\Pipeline->Illuminate\\Pipeline\\{closure}()
#48 /home/u533806958/domains/a1merchantsolutions.triviio.com/public_html/vendor/laravel/framework/src/Illuminate/Foundation/Http/Kernel.php(175): Illuminate\\Pipeline\\Pipeline->then()
#49 /home/u533806958/domains/a1merchantsolutions.triviio.com/public_html/vendor/laravel/framework/src/Illuminate/Foundation/Http/Kernel.php(144): Illuminate\\Foundation\\Http\\Kernel->sendRequestThroughRouter()
#50 /home/u533806958/domains/a1merchantsolutions.triviio.com/public_html/vendor/laravel/framework/src/Illuminate/Foundation/Application.php(1220): Illuminate\\Foundation\\Http\\Kernel->handle()
#51 /home/u533806958/domains/a1merchantsolutions.triviio.com/public_html/public/index.php(15): Illuminate\\Foundation\\Application->handleRequest()
#52 {main}

[previous exception] [object] (PDOException(code: 2002): SQLSTATE[HY000] [2002] Operation not permitted at /home/u533806958/domains/a1merchantsolutions.triviio.com/public_html/vendor/laravel/framework/src/Illuminate/Database/Connectors/Connector.php:66)
[stacktrace]
#0 /home/u533806958/domains/a1merchantsolutions.triviio.com/public_html/vendor/laravel/framework/src/Illuminate/Database/Connectors/Connector.php(66): PDO->__construct()
#1 /home/u533806958/domains/a1merchantsolutions.triviio.com/public_html/vendor/laravel/framework/src/Illuminate/Database/Connectors/Connector.php(44): Illuminate\\Database\\Connectors\\Connector->createPdoConnection()
#2 /home/u533806958/domains/a1merchantsolutions.triviio.com/public_html/vendor/laravel/framework/src/Illuminate/Database/Connectors/MySqlConnector.php(24): Illuminate\\Database\\Connectors\\Connector->createConnection()
#3 /home/u533806958/domains/a1merchantsolutions.triviio.com/public_html/vendor/laravel/framework/src/Illuminate/Database/Connectors/ConnectionFactory.php(186): Illuminate\\Database\\Connectors\\MySqlConnector->connect()
#4 [internal function]: Illuminate\\Database\\Connectors\\ConnectionFactory->Illuminate\\Database\\Connectors\\{closure}()
#5 /home/u533806958/domains/a1merchantsolutions.triviio.com/public_html/vendor/laravel/framework/src/Illuminate/Database/Connection.php(1257): call_user_func()
#6 /home/u533806958/domains/a1merchantsolutions.triviio.com/public_html/vendor/laravel/framework/src/Illuminate/Database/Connection.php(525): Illuminate\\Database\\Connection->getPdo()
#7 /home/u533806958/domains/a1merchantsolutions.triviio.com/public_html/vendor/laravel/framework/src/Illuminate/Database/Connection.php(420): Illuminate\\Database\\Connection->getPdoForSelect()
#8 /home/u533806958/domains/a1merchantsolutions.triviio.com/public_html/vendor/laravel/framework/src/Illuminate/Database/Connection.php(827): Illuminate\\Database\\Connection->Illuminate\\Database\\{closure}()
#9 /home/u533806958/domains/a1merchantsolutions.triviio.com/public_html/vendor/laravel/framework/src/Illuminate/Database/Connection.php(794): Illuminate\\Database\\Connection->runQueryCallback()
#10 /home/u533806958/domains/a1merchantsolutions.triviio.com/public_html/vendor/laravel/framework/src/Illuminate/Database/Connection.php(411): Illuminate\\Database\\Connection->run()
#11 /home/u533806958/domains/a1merchantsolutions.triviio.com/public_html/vendor/laravel/framework/src/Illuminate/Database/Query/Builder.php(3505): Illuminate\\Database\\Connection->select()
#12 /home/u533806958/domains/a1merchantsolutions.triviio.com/public_html/vendor/laravel/framework/src/Illuminate/Database/Query/Builder.php(3490): Illuminate\\Database\\Query\\Builder->runSelect()
#13 /home/u533806958/domains/a1merchantsolutions.triviio.com/public_html/vendor/laravel/framework/src/Illuminate/Database/Query/Builder.php(4080): Illuminate\\Database\\Query\\Builder->Illuminate\\Database\\Query\\{closure}()
#14 /home/u533806958/domains/a1merchantsolutions.triviio.com/public_html/vendor/laravel/framework/src/Illuminate/Database/Query/Builder.php(3489): Illuminate\\Database\\Query\\Builder->onceWithColumns()
#15 /home/u533806958/domains/a1merchantsolutions.triviio.com/public_html/vendor/laravel/framework/src/Illuminate/Database/Concerns/BuildsQueries.php(366): Illuminate\\Database\\Query\\Builder->get()
#16 /home/u533806958/domains/a1merchantsolutions.triviio.com/public_html/vendor/laravel/framework/src/Illuminate/Database/Query/Builder.php(3412): Illuminate\\Database\\Query\\Builder->first()
#17 /home/u533806958/domains/a1merchantsolutions.triviio.com/public_html/vendor/laravel/framework/src/Illuminate/Session/DatabaseSessionHandler.php(96): Illuminate\\Database\\Query\\Builder->find()
#18 /home/u533806958/domains/a1merchantsolutions.triviio.com/public_html/vendor/laravel/framework/src/Illuminate/Session/Store.php(128): Illuminate\\Session\\DatabaseSessionHandler->read()
#19 /home/u533806958/domains/a1merchantsolutions.triviio.com/public_html/vendor/laravel/framework/src/Illuminate/Session/Store.php(116): Illuminate\\Session\\Store->readFromHandler()
#20 /home/u533806958/domains/a1merchantsolutions.triviio.com/public_html/vendor/laravel/framework/src/Illuminate/Session/Store.php(100): Illuminate\\Session\\Store->loadSession()
#21 /home/u533806958/domains/a1merchantsolutions.triviio.com/public_html/vendor/laravel/framework/src/Illuminate/Session/Middleware/StartSession.php(146): Illuminate\\Session\\Store->start()
#22 /home/u533806958/domains/a1merchantsolutions.triviio.com/public_html/vendor/laravel/framework/src/Illuminate/Support/helpers.php(393): Illuminate\\Session\\Middleware\\StartSession->Illuminate\\Session\\Middleware\\{closure}()
#23 /home/u533806958/domains/a1merchantsolutions.triviio.com/public_html/vendor/laravel/framework/src/Illuminate/Session/Middleware/StartSession.php(143): tap()
#24 /home/u533806958/domains/a1merchantsolutions.triviio.com/public_html/vendor/laravel/framework/src/Illuminate/Session/Middleware/StartSession.php(115): Illuminate\\Session\\Middleware\\StartSession->startSession()
#25 /home/u533806958/domains/a1merchantsolutions.triviio.com/public_html/vendor/laravel/framework/src/Illuminate/Session/Middleware/StartSession.php(63): Illuminate\\Session\\Middleware\\StartSession->handleStatefulRequest()
#26 /home/u533806958/domains/a1merchantsolutions.triviio.com/public_html/vendor/laravel/framework/src/Illuminate/Pipeline/Pipeline.php(219): Illuminate\\Session\\Middleware\\StartSession->handle()
#27 /home/u533806958/domains/a1merchantsolutions.triviio.com/public_html/vendor/laravel/framework/src/Illuminate/Cookie/Middleware/AddQueuedCookiesToResponse.php(36): Illuminate\\Pipeline\\Pipeline->Illuminate\\Pipeline\\{closure}()
#28 /home/u533806958/domains/a1merchantsolutions.triviio.com/public_html/vendor/laravel/framework/src/Illuminate/Pipeline/Pipeline.php(219): Illuminate\\Cookie\\Middleware\\AddQueuedCookiesToResponse->handle()
#29 /home/u533806958/domains/a1merchantsolutions.triviio.com/public_html/vendor/laravel/framework/src/Illuminate/Cookie/Middleware/EncryptCookies.php(74): Illuminate\\Pipeline\\Pipeline->Illuminate\\Pipeline\\{closure}()
#30 /home/u533806958/domains/a1merchantsolutions.triviio.com/public_html/vendor/laravel/framework/src/Illuminate/Pipeline/Pipeline.php(219): Illuminate\\Cookie\\Middleware\\EncryptCookies->handle()
#31 /home/u533806958/domains/a1merchantsolutions.triviio.com/public_html/vendor/laravel/framework/src/Illuminate/Pipeline/Pipeline.php(137): Illuminate\\Pipeline\\Pipeline->Illuminate\\Pipeline\\{closure}()
#32 /home/u533806958/domains/a1merchantsolutions.triviio.com/public_html/vendor/laravel/framework/src/Illuminate/Routing/Router.php(821): Illuminate\\Pipeline\\Pipeline->then()
#33 /home/u533806958/domains/a1merchantsolutions.triviio.com/public_html/vendor/laravel/framework/src/Illuminate/Routing/Router.php(800): Illuminate\\Routing\\Router->runRouteWithinStack()
#34 /home/u533806958/domains/a1merchantsolutions.triviio.com/public_html/vendor/laravel/framework/src/Illuminate/Routing/Router.php(764): Illuminate\\Routing\\Router->runRoute()
#35 /home/u533806958/domains/a1merchantsolutions.triviio.com/public_html/vendor/laravel/framework/src/Illuminate/Routing/Router.php(753): Illuminate\\Routing\\Router->dispatchToRoute()
#36 /home/u533806958/domains/a1merchantsolutions.triviio.com/public_html/vendor/laravel/framework/src/Illuminate/Foundation/Http/Kernel.php(200): Illuminate\\Routing\\Router->dispatch()
#37 /home/u533806958/domains/a1merchantsolutions.triviio.com/public_html/vendor/laravel/framework/src/Illuminate/Pipeline/Pipeline.php(180): Illuminate\\Foundation\\Http\\Kernel->Illuminate\\Foundation\\Http\\{closure}()
#38 /home/u533806958/domains/a1merchantsolutions.triviio.com/public_html/vendor/laravel/framework/src/Illuminate/Foundation/Http/Middleware/TransformsRequest.php(21): Illuminate\\Pipeline\\Pipeline->Illuminate\\Pipeline\\{closure}()
#39 /home/u533806958/domains/a1merchantsolutions.triviio.com/public_html/vendor/laravel/framework/src/Illuminate/Foundation/Http/Middleware/ConvertEmptyStringsToNull.php(31): Illuminate\\Foundation\\Http\\Middleware\\TransformsRequest->handle()
#40 /home/u533806958/domains/a1merchantsolutions.triviio.com/public_html/vendor/laravel/framework/src/Illuminate/Pipeline/Pipeline.php(219): Illuminate\\Foundation\\Http\\Middleware\\ConvertEmptyStringsToNull->handle()
#41 /home/u533806958/domains/a1merchantsolutions.triviio.com/public_html/vendor/laravel/framework/src/Illuminate/Foundation/Http/Middleware/TransformsRequest.php(21): Illuminate\\Pipeline\\Pipeline->Illuminate\\Pipeline\\{closure}()
#42 /home/u533806958/domains/a1merchantsolutions.triviio.com/public_html/vendor/laravel/framework/src/Illuminate/Foundation/Http/Middleware/TrimStrings.php(51): Illuminate\\Foundation\\Http\\Middleware\\TransformsRequest->handle()
#43 /home/u533806958/domains/a1merchantsolutions.triviio.com/public_html/vendor/laravel/framework/src/Illuminate/Pipeline/Pipeline.php(219): Illuminate\\Foundation\\Http\\Middleware\\TrimStrings->handle()
#44 /home/u533806958/domains/a1merchantsolutions.triviio.com/public_html/vendor/laravel/framework/src/Illuminate/Http/Middleware/ValidatePostSize.php(27): Illuminate\\Pipeline\\Pipeline->Illuminate\\Pipeline\\{closure}()
#45 /home/u533806958/domains/a1merchantsolutions.triviio.com/public_html/vendor/laravel/framework/src/Illuminate/Pipeline/Pipeline.php(219): Illuminate\\Http\\Middleware\\ValidatePostSize->handle()
#46 /home/u533806958/domains/a1merchantsolutions.triviio.com/public_html/vendor/laravel/framework/src/Illuminate/Foundation/Http/Middleware/PreventRequestsDuringMaintenance.php(109): Illuminate\\Pipeline\\Pipeline->Illuminate\\Pipeline\\{closure}()
#47 /home/u533806958/domains/a1merchantsolutions.triviio.com/public_html/vendor/laravel/framework/src/Illuminate/Pipeline/Pipeline.php(219): Illuminate\\Foundation\\Http\\Middleware\\PreventRequestsDuringMaintenance->handle()
#48 /home/u533806958/domains/a1merchantsolutions.triviio.com/public_html/vendor/laravel/framework/src/Illuminate/Http/Middleware/HandleCors.php(61): Illuminate\\Pipeline\\Pipeline->Illuminate\\Pipeline\\{closure}()
#49 /home/u533806958/domains/a1merchantsolutions.triviio.com/public_html/vendor/laravel/framework/src/Illuminate/Pipeline/Pipeline.php(219): Illuminate\\Http\\Middleware\\HandleCors->handle()
#50 /home/u533806958/domains/a1merchantsolutions.triviio.com/public_html/vendor/laravel/framework/src/Illuminate/Http/Middleware/TrustProxies.php(58): Illuminate\\Pipeline\\Pipeline->Illuminate\\Pipeline\\{closure}()
#51 /home/u533806958/domains/a1merchantsolutions.triviio.com/public_html/vendor/laravel/framework/src/Illuminate/Pipeline/Pipeline.php(219): Illuminate\\Http\\Middleware\\TrustProxies->handle()
#52 /home/u533806958/domains/a1merchantsolutions.triviio.com/public_html/vendor/laravel/framework/src/Illuminate/Foundation/Http/Middleware/InvokeDeferredCallbacks.php(22): Illuminate\\Pipeline\\Pipeline->Illuminate\\Pipeline\\{closure}()
#53 /home/u533806958/domains/a1merchantsolutions.triviio.com/public_html/vendor/laravel/framework/src/Illuminate/Pipeline/Pipeline.php(219): Illuminate\\Foundation\\Http\\Middleware\\InvokeDeferredCallbacks->handle()
#54 /home/u533806958/domains/a1merchantsolutions.triviio.com/public_html/vendor/laravel/framework/src/Illuminate/Http/Middleware/ValidatePathEncoding.php(26): Illuminate\\Pipeline\\Pipeline->Illuminate\\Pipeline\\{closure}()
#55 /home/u533806958/domains/a1merchantsolutions.triviio.com/public_html/vendor/laravel/framework/src/Illuminate/Pipeline/Pipeline.php(219): Illuminate\\Http\\Middleware\\ValidatePathEncoding->handle()
#56 /home/u533806958/domains/a1merchantsolutions.triviio.com/public_html/vendor/laravel/framework/src/Illuminate/Pipeline/Pipeline.php(137): Illuminate\\Pipeline\\Pipeline->Illuminate\\Pipeline\\{closure}()
#57 /home/u533806958/domains/a1merchantsolutions.triviio.com/public_html/vendor/laravel/framework/src/Illuminate/Foundation/Http/Kernel.php(175): Illuminate\\Pipeline\\Pipeline->then()
#58 /home/u533806958/domains/a1merchantsolutions.triviio.com/public_html/vendor/laravel/framework/src/Illuminate/Foundation/Http/Kernel.php(144): Illuminate\\Foundation\\Http\\Kernel->sendRequestThroughRouter()
#59 /home/u533806958/domains/a1merchantsolutions.triviio.com/public_html/vendor/laravel/framework/src/Illuminate/Foundation/Application.php(1220): Illuminate\\Foundation\\Http\\Kernel->handle()
#60 /home/u533806958/domains/a1merchantsolutions.triviio.com/public_html/public/index.php(15): Illuminate\\Foundation\\Application->handleRequest()
#61 {main}
"} 
[2026-08-13 11:18:13] local.ERROR: SQLSTATE[HY000] [2002] Operation not permitted (Connection: mysql, Host: 127.0.0.1, Port: 3306, Database: u533806958_adcoupon, SQL: select * from `sessions` where `id` = QulFhHMXKY2R1hgegmEMjxV1t16Kgz8fSP4weIF8 limit 1) {"exception":"[object] (Illuminate\\Database\\QueryException(code: 2002): SQLSTATE[HY000] [2002] Operation not permitted (Connection: mysql, Host: 127.0.0.1, Port: 3306, Database: u533806958_adcoupon, SQL: select * from `sessions` where `id` = QulFhHMXKY2R1hgegmEMjxV1t16Kgz8fSP4weIF8 limit 1) at /home/u533806958/domains/a1merchantsolutions.triviio.com/public_html/vendor/laravel/framework/src/Illuminate/Database/Connection.php:838)
[stacktrace]
#0 /home/u533806958/domains/a1merchantsolutions.triviio.com/public_html/vendor/laravel/framework/src/Illuminate/Database/Connection.php(794): Illuminate\\Database\\Connection->runQueryCallback()
#1 /home/u533806958/domains/a1merchantsolutions.triviio.com/public_html/vendor/laravel/framework/src/Illuminate/Database/Connection.php(411): Illuminate\\Database\\Connection->run()
#2 /home/u533806958/domains/a1merchantsolutions.triviio.com/public_html/vendor/laravel/framework/src/Illuminate/Database/Query/Builder.php(3505): Illuminate\\Database\\Connection->select()
#3 /home/u533806958/domains/a1merchantsolutions.triviio.com/public_html/vendor/laravel/framework/src/Illuminate/Database/Query/Builder.php(3490): Illuminate\\Database\\Query\\Builder->runSelect()
#4 /home/u533806958/domains/a1merchantsolutions.triviio.com/public_html/vendor/laravel/framework/src/Illuminate/Database/Query/Builder.php(4080): Illuminate\\Database\\Query\\Builder->Illuminate\\Database\\Query\\{closure}()
#5 /home/u533806958/domains/a1merchantsolutions.triviio.com/public_html/vendor/laravel/framework/src/Illuminate/Database/Query/Builder.php(3489): Illuminate\\Database\\Query\\Builder->onceWithColumns()
#6 /home/u533806958/domains/a1merchantsolutions.triviio.com/public_html/vendor/laravel/framework/src/Illuminate/Database/Concerns/BuildsQueries.php(366): Illuminate\\Database\\Query\\Builder->get()
#7 /home/u533806958/domains/a1merchantsolutions.triviio.com/public_html/vendor/laravel/framework/src/Illuminate/Database/Query/Builder.php(3412): Illuminate\\Database\\Query\\Builder->first()
#8 /home/u533806958/domains/a1merchantsolutions.triviio.com/public_html/vendor/laravel/framework/src/Illuminate/Session/DatabaseSessionHandler.php(96): Illuminate\\Database\\Query\\Builder->find()
#9 /home/u533806958/domains/a1merchantsolutions.triviio.com/public_html/vendor/laravel/framework/src/Illuminate/Session/Store.php(128): Illuminate\\Session\\DatabaseSessionHandler->read()
#10 /home/u533806958/domains/a1merchantsolutions.triviio.com/public_html/vendor/laravel/framework/src/Illuminate/Session/Store.php(116): Illuminate\\Session\\Store->readFromHandler()
#11 /home/u533806958/domains/a1merchantsolutions.triviio.com/public_html/vendor/laravel/framework/src/Illuminate/Session/Store.php(100): Illuminate\\Session\\Store->loadSession()
#12 /home/u533806958/domains/a1merchantsolutions.triviio.com/public_html/vendor/laravel/framework/src/Illuminate/Session/Middleware/StartSession.php(146): Illuminate\\Session\\Store->start()
#13 /home/u533806958/domains/a1merchantsolutions.triviio.com/public_html/vendor/laravel/framework/src/Illuminate/Support/helpers.php(393): Illuminate\\Session\\Middleware\\StartSession->Illuminate\\Session\\Middleware\\{closure}()
#14 /home/u533806958/domains/a1merchantsolutions.triviio.com/public_html/vendor/laravel/framework/src/Illuminate/Session/Middleware/StartSession.php(143): tap()
#15 /home/u533806958/domains/a1merchantsolutions.triviio.com/public_html/vendor/laravel/framework/src/Illuminate/Session/Middleware/StartSession.php(115): Illuminate\\Session\\Middleware\\StartSession->startSession()
#16 /home/u533806958/domains/a1merchantsolutions.triviio.com/public_html/vendor/laravel/framework/src/Illuminate/Session/Middleware/StartSession.php(63): Illuminate\\Session\\Middleware\\StartSession->handleStatefulRequest()
#17 /home/u533806958/domains/a1merchantsolutions.triviio.com/public_html/vendor/laravel/framework/src/Illuminate/Pipeline/Pipeline.php(219): Illuminate\\Session\\Middleware\\StartSession->handle()
#18 /home/u533806958/domains/a1merchantsolutions.triviio.com/public_html/vendor/laravel/framework/src/Illuminate/Cookie/Middleware/AddQueuedCookiesToResponse.php(36): Illuminate\\Pipeline\\Pipeline->Illuminate\\Pipeline\\{closure}()
#19 /home/u533806958/domains/a1merchantsolutions.triviio.com/public_html/vendor/laravel/framework/src/Illuminate/Pipeline/Pipeline.php(219): Illuminate\\Cookie\\Middleware\\AddQueuedCookiesToResponse->handle()
#20 /home/u533806958/domains/a1merchantsolutions.triviio.com/public_html/vendor/laravel/framework/src/Illuminate/Cookie/Middleware/EncryptCookies.php(74): Illuminate\\Pipeline\\Pipeline->Illuminate\\Pipeline\\{closure}()
#21 /home/u533806958/domains/a1merchantsolutions.triviio.com/public_html/vendor/laravel/framework/src/Illuminate/Pipeline/Pipeline.php(219): Illuminate\\Cookie\\Middleware\\EncryptCookies->handle()
#22 /home/u533806958/domains/a1merchantsolutions.triviio.com/public_html/vendor/laravel/framework/src/Illuminate/Pipeline/Pipeline.php(137): Illuminate\\Pipeline\\Pipeline->Illuminate\\Pipeline\\{closure}()
#23 /home/u533806958/domains/a1merchantsolutions.triviio.com/public_html/vendor/laravel/framework/src/Illuminate/Routing/Router.php(821): Illuminate\\Pipeline\\Pipeline->then()
#24 /home/u533806958/domains/a1merchantsolutions.triviio.com/public_html/vendor/laravel/framework/src/Illuminate/Routing/Router.php(800): Illuminate\\Routing\\Router->runRouteWithinStack()
#25 /home/u533806958/domains/a1merchantsolutions.triviio.com/public_html/vendor/laravel/framework/src/Illuminate/Routing/Router.php(764): Illuminate\\Routing\\Router->runRoute()
#26 /home/u533806958/domains/a1merchantsolutions.triviio.com/public_html/vendor/laravel/framework/src/Illuminate/Routing/Router.php(753): Illuminate\\Routing\\Router->dispatchToRoute()
#27 /home/u533806958/domains/a1merchantsolutions.triviio.com/public_html/vendor/laravel/framework/src/Illuminate/Foundation/Http/Kernel.php(200): Illuminate\\Routing\\Router->dispatch()
#28 /home/u533806958/domains/a1merchantsolutions.triviio.com/public_html/vendor/laravel/framework/src/Illuminate/Pipeline/Pipeline.php(180): Illuminate\\Foundation\\Http\\Kernel->Illuminate\\Foundation\\Http\\{closure}()
#29 /home/u533806958/domains/a1merchantsolutions.triviio.com/public_html/vendor/laravel/framework/src/Illuminate/Foundation/Http/Middleware/TransformsRequest.php(21): Illuminate\\Pipeline\\Pipeline->Illuminate\\Pipeline\\{closure}()
#30 /home/u533806958/domains/a1merchantsolutions.triviio.com/public_html/vendor/laravel/framework/src/Illuminate/Foundation/Http/Middleware/ConvertEmptyStringsToNull.php(31): Illuminate\\Foundation\\Http\\Middleware\\TransformsRequest->handle()
#31 /home/u533806958/domains/a1merchantsolutions.triviio.com/public_html/vendor/laravel/framework/src/Illuminate/Pipeline/Pipeline.php(219): Illuminate\\Foundation\\Http\\Middleware\\ConvertEmptyStringsToNull->handle()
#32 /home/u533806958/domains/a1merchantsolutions.triviio.com/public_html/vendor/laravel/framework/src/Illuminate/Foundation/Http/Middleware/TransformsRequest.php(21): Illuminate\\Pipeline\\Pipeline->Illuminate\\Pipeline\\{closure}()
#33 /home/u533806958/domains/a1merchantsolutions.triviio.com/public_html/vendor/laravel/framework/src/Illuminate/Foundation/Http/Middleware/TrimStrings.php(51): Illuminate\\Foundation\\Http\\Middleware\\TransformsRequest->handle()
#34 /home/u533806958/domains/a1merchantsolutions.triviio.com/public_html/vendor/laravel/framework/src/Illuminate/Pipeline/Pipeline.php(219): Illuminate\\Foundation\\Http\\Middleware\\TrimStrings->handle()
#35 /home/u533806958/domains/a1merchantsolutions.triviio.com/public_html/vendor/laravel/framework/src/Illuminate/Http/Middleware/ValidatePostSize.php(27): Illuminate\\Pipeline\\Pipeline->Illuminate\\Pipeline\\{closure}()
#36 /home/u533806958/domains/a1merchantsolutions.triviio.com/public_html/vendor/laravel/framework/src/Illuminate/Pipeline/Pipeline.php(219): Illuminate\\Http\\Middleware\\ValidatePostSize->handle()
#37 /home/u533806958/domains/a1merchantsolutions.triviio.com/public_html/vendor/laravel/framework/src/Illuminate/Foundation/Http/Middleware/PreventRequestsDuringMaintenance.php(109): Illuminate\\Pipeline\\Pipeline->Illuminate\\Pipeline\\{closure}()
#38 /home/u533806958/domains/a1merchantsolutions.triviio.com/public_html/vendor/laravel/framework/src/Illuminate/Pipeline/Pipeline.php(219): Illuminate\\Foundation\\Http\\Middleware\\PreventRequestsDuringMaintenance->handle()
#39 /home/u533806958/domains/a1merchantsolutions.triviio.com/public_html/vendor/laravel/framework/src/Illuminate/Http/Middleware/HandleCors.php(61): Illuminate\\Pipeline\\Pipeline->Illuminate\\Pipeline\\{closure}()
#40 /home/u533806958/domains/a1merchantsolutions.triviio.com/public_html/vendor/laravel/framework/src/Illuminate/Pipeline/Pipeline.php(219): Illuminate\\Http\\Middleware\\HandleCors->handle()
#41 /home/u533806958/domains/a1merchantsolutions.triviio.com/public_html/vendor/laravel/framework/src/Illuminate/Http/Middleware/TrustProxies.php(58): Illuminate\\Pipeline\\Pipeline->Illuminate\\Pipeline\\{closure}()
#42 /home/u533806958/domains/a1merchantsolutions.triviio.com/public_html/vendor/laravel/framework/src/Illuminate/Pipeline/Pipeline.php(219): Illuminate\\Http\\Middleware\\TrustProxies->handle()
#43 /home/u533806958/domains/a1merchantsolutions.triviio.com/public_html/vendor/laravel/framework/src/Illuminate/Foundation/Http/Middleware/InvokeDeferredCallbacks.php(22): Illuminate\\Pipeline\\Pipeline->Illuminate\\Pipeline\\{closure}()
#44 /home/u533806958/domains/a1merchantsolutions.triviio.com/public_html/vendor/laravel/framework/src/Illuminate/Pipeline/Pipeline.php(219): Illuminate\\Foundation\\Http\\Middleware\\InvokeDeferredCallbacks->handle()
#45 /home/u533806958/domains/a1merchantsolutions.triviio.com/public_html/vendor/laravel/framework/src/Illuminate/Http/Middleware/ValidatePathEncoding.php(26): Illuminate\\Pipeline\\Pipeline->Illuminate\\Pipeline\\{closure}()
#46 /home/u533806958/domains/a1merchantsolutions.triviio.com/public_html/vendor/laravel/framework/src/Illuminate/Pipeline/Pipeline.php(219): Illuminate\\Http\\Middleware\\ValidatePathEncoding->handle()
#47 /home/u533806958/domains/a1merchantsolutions.triviio.com/public_html/vendor/laravel/framework/src/Illuminate/Pipeline/Pipeline.php(137): Illuminate\\Pipeline\\Pipeline->Illuminate\\Pipeline\\{closure}()
#48 /home/u533806958/domains/a1merchantsolutions.triviio.com/public_html/vendor/laravel/framework/src/Illuminate/Foundation/Http/Kernel.php(175): Illuminate\\Pipeline\\Pipeline->then()
#49 /home/u533806958/domains/a1merchantsolutions.triviio.com/public_html/vendor/laravel/framework/src/Illuminate/Foundation/Http/Kernel.php(144): Illuminate\\Foundation\\Http\\Kernel->sendRequestThroughRouter()
#50 /home/u533806958/domains/a1merchantsolutions.triviio.com/public_html/vendor/laravel/framework/src/Illuminate/Foundation/Application.php(1220): Illuminate\\Foundation\\Http\\Kernel->handle()
#51 /home/u533806958/domains/a1merchantsolutions.triviio.com/public_html/public/index.php(15): Illuminate\\Foundation\\Application->handleRequest()
#52 {main}

[previous exception] [object] (PDOException(code: 2002): SQLSTATE[HY000] [2002] Operation not permitted at /home/u533806958/domains/a1merchantsolutions.triviio.com/public_html/vendor/laravel/framework/src/Illuminate/Database/Connectors/Connector.php:66)
[stacktrace]
#0 /home/u533806958/domains/a1merchantsolutions.triviio.com/public_html/vendor/laravel/framework/src/Illuminate/Database/Connectors/Connector.php(66): PDO->__construct()
#1 /home/u533806958/domains/a1merchantsolutions.triviio.com/public_html/vendor/laravel/framework/src/Illuminate/Database/Connectors/Connector.php(44): Illuminate\\Database\\Connectors\\Connector->createPdoConnection()
#2 /home/u533806958/domains/a1merchantsolutions.triviio.com/public_html/vendor/laravel/framework/src/Illuminate/Database/Connectors/MySqlConnector.php(24): Illuminate\\Database\\Connectors\\Connector->createConnection()
#3 /home/u533806958/domains/a1merchantsolutions.triviio.com/public_html/vendor/laravel/framework/src/Illuminate/Database/Connectors/ConnectionFactory.php(186): Illuminate\\Database\\Connectors\\MySqlConnector->connect()
#4 [internal function]: Illuminate\\Database\\Connectors\\ConnectionFactory->Illuminate\\Database\\Connectors\\{closure}()
#5 /home/u533806958/domains/a1merchantsolutions.triviio.com/public_html/vendor/laravel/framework/src/Illuminate/Database/Connection.php(1257): call_user_func()
#6 /home/u533806958/domains/a1merchantsolutions.triviio.com/public_html/vendor/laravel/framework/src/Illuminate/Database/Connection.php(525): Illuminate\\Database\\Connection->getPdo()
#7 /home/u533806958/domains/a1merchantsolutions.triviio.com/public_html/vendor/laravel/framework/src/Illuminate/Database/Connection.php(420): Illuminate\\Database\\Connection->getPdoForSelect()
#8 /home/u533806958/domains/a1merchantsolutions.triviio.com/public_html/vendor/laravel/framework/src/Illuminate/Database/Connection.php(827): Illuminate\\Database\\Connection->Illuminate\\Database\\{closure}()
#9 /home/u533806958/domains/a1merchantsolutions.triviio.com/public_html/vendor/laravel/framework/src/Illuminate/Database/Connection.php(794): Illuminate\\Database\\Connection->runQueryCallback()
#10 /home/u533806958/domains/a1merchantsolutions.triviio.com/public_html/vendor/laravel/framework/src/Illuminate/Database/Connection.php(411): Illuminate\\Database\\Connection->run()
#11 /home/u533806958/domains/a1merchantsolutions.triviio.com/public_html/vendor/laravel/framework/src/Illuminate/Database/Query/Builder.php(3505): Illuminate\\Database\\Connection->select()
#12 /home/u533806958/domains/a1merchantsolutions.triviio.com/public_html/vendor/laravel/framework/src/Illuminate/Database/Query/Builder.php(3490): Illuminate\\Database\\Query\\Builder->runSelect()
#13 /home/u533806958/domains/a1merchantsolutions.triviio.com/public_html/vendor/laravel/framework/src/Illuminate/Database/Query/Builder.php(4080): Illuminate\\Database\\Query\\Builder->Illuminate\\Database\\Query\\{closure}()
#14 /home/u533806958/domains/a1merchantsolutions.triviio.com/public_html/vendor/laravel/framework/src/Illuminate/Database/Query/Builder.php(3489): Illuminate\\Database\\Query\\Builder->onceWithColumns()
#15 /home/u533806958/domains/a1merchantsolutions.triviio.com/public_html/vendor/laravel/framework/src/Illuminate/Database/Concerns/BuildsQueries.php(366): Illuminate\\Database\\Query\\Builder->get()
#16 /home/u533806958/domains/a1merchantsolutions.triviio.com/public_html/vendor/laravel/framework/src/Illuminate/Database/Query/Builder.php(3412): Illuminate\\Database\\Query\\Builder->first()
#17 /home/u533806958/domains/a1merchantsolutions.triviio.com/public_html/vendor/laravel/framework/src/Illuminate/Session/DatabaseSessionHandler.php(96): Illuminate\\Database\\Query\\Builder->find()
#18 /home/u533806958/domains/a1merchantsolutions.triviio.com/public_html/vendor/laravel/framework/src/Illuminate/Session/Store.php(128): Illuminate\\Session\\DatabaseSessionHandler->read()
#19 /home/u533806958/domains/a1merchantsolutions.triviio.com/public_html/vendor/laravel/framework/src/Illuminate/Session/Store.php(116): Illuminate\\Session\\Store->readFromHandler()
#20 /home/u533806958/domains/a1merchantsolutions.triviio.com/public_html/vendor/laravel/framework/src/Illuminate/Session/Store.php(100): Illuminate\\Session\\Store->loadSession()
#21 /home/u533806958/domains/a1merchantsolutions.triviio.com/public_html/vendor/laravel/framework/src/Illuminate/Session/Middleware/StartSession.php(146): Illuminate\\Session\\Store->start()
#22 /home/u533806958/domains/a1merchantsolutions.triviio.com/public_html/vendor/laravel/framework/src/Illuminate/Support/helpers.php(393): Illuminate\\Session\\Middleware\\StartSession->Illuminate\\Session\\Middleware\\{closure}()
#23 /home/u533806958/domains/a1merchantsolutions.triviio.com/public_html/vendor/laravel/framework/src/Illuminate/Session/Middleware/StartSession.php(143): tap()
#24 /home/u533806958/domains/a1merchantsolutions.triviio.com/public_html/vendor/laravel/framework/src/Illuminate/Session/Middleware/StartSession.php(115): Illuminate\\Session\\Middleware\\StartSession->startSession()
#25 /home/u533806958/domains/a1merchantsolutions.triviio.com/public_html/vendor/laravel/framework/src/Illuminate/Session/Middleware/StartSession.php(63): Illuminate\\Session\\Middleware\\StartSession->handleStatefulRequest()
#26 /home/u533806958/domains/a1merchantsolutions.triviio.com/public_html/vendor/laravel/framework/src/Illuminate/Pipeline/Pipeline.php(219): Illuminate\\Session\\Middleware\\StartSession->handle()
#27 /home/u533806958/domains/a1merchantsolutions.triviio.com/public_html/vendor/laravel/framework/src/Illuminate/Cookie/Middleware/AddQueuedCookiesToResponse.php(36): Illuminate\\Pipeline\\Pipeline->Illuminate\\Pipeline\\{closure}()
#28 /home/u533806958/domains/a1merchantsolutions.triviio.com/public_html/vendor/laravel/framework/src/Illuminate/Pipeline/Pipeline.php(219): Illuminate\\Cookie\\Middleware\\AddQueuedCookiesToResponse->handle()
#29 /home/u533806958/domains/a1merchantsolutions.triviio.com/public_html/vendor/laravel/framework/src/Illuminate/Cookie/Middleware/EncryptCookies.php(74): Illuminate\\Pipeline\\Pipeline->Illuminate\\Pipeline\\{closure}()
#30 /home/u533806958/domains/a1merchantsolutions.triviio.com/public_html/vendor/laravel/framework/src/Illuminate/Pipeline/Pipeline.php(219): Illuminate\\Cookie\\Middleware\\EncryptCookies->handle()
#31 /home/u533806958/domains/a1merchantsolutions.triviio.com/public_html/vendor/laravel/framework/src/Illuminate/Pipeline/Pipeline.php(137): Illuminate\\Pipeline\\Pipeline->Illuminate\\Pipeline\\{closure}()
#32 /home/u533806958/domains/a1merchantsolutions.triviio.com/public_html/vendor/laravel/framework/src/Illuminate/Routing/Router.php(821): Illuminate\\Pipeline\\Pipeline->then()
#33 /home/u533806958/domains/a1merchantsolutions.triviio.com/public_html/vendor/laravel/framework/src/Illuminate/Routing/Router.php(800): Illuminate\\Routing\\Router->runRouteWithinStack()
#34 /home/u533806958/domains/a1merchantsolutions.triviio.com/public_html/vendor/laravel/framework/src/Illuminate/Routing/Router.php(764): Illuminate\\Routing\\Router->runRoute()
#35 /home/u533806958/domains/a1merchantsolutions.triviio.com/public_html/vendor/laravel/framework/src/Illuminate/Routing/Router.php(753): Illuminate\\Routing\\Router->dispatchToRoute()
#36 /home/u533806958/domains/a1merchantsolutions.triviio.com/public_html/vendor/laravel/framework/src/Illuminate/Foundation/Http/Kernel.php(200): Illuminate\\Routing\\Router->dispatch()
#37 /home/u533806958/domains/a1merchantsolutions.triviio.com/public_html/vendor/laravel/framework/src/Illuminate/Pipeline/Pipeline.php(180): Illuminate\\Foundation\\Http\\Kernel->Illuminate\\Foundation\\Http\\{closure}()
#38 /home/u533806958/domains/a1merchantsolutions.triviio.com/public_html/vendor/laravel/framework/src/Illuminate/Foundation/Http/Middleware/TransformsRequest.php(21): Illuminate\\Pipeline\\Pipeline->Illuminate\\Pipeline\\{closure}()
#39 /home/u533806958/domains/a1merchantsolutions.triviio.com/public_html/vendor/laravel/framework/src/Illuminate/Foundation/Http/Middleware/ConvertEmptyStringsToNull.php(31): Illuminate\\Foundation\\Http\\Middleware\\TransformsRequest->handle()
#40 /home/u533806958/domains/a1merchantsolutions.triviio.com/public_html/vendor/laravel/framework/src/Illuminate/Pipeline/Pipeline.php(219): Illuminate\\Foundation\\Http\\Middleware\\ConvertEmptyStringsToNull->handle()
#41 /home/u533806958/domains/a1merchantsolutions.triviio.com/public_html/vendor/laravel/framework/src/Illuminate/Foundation/Http/Middleware/TransformsRequest.php(21): Illuminate\\Pipeline\\Pipeline->Illuminate\\Pipeline\\{closure}()
#42 /home/u533806958/domains/a1merchantsolutions.triviio.com/public_html/vendor/laravel/framework/src/Illuminate/Foundation/Http/Middleware/TrimStrings.php(51): Illuminate\\Foundation\\Http\\Middleware\\TransformsRequest->handle()
#43 /home/u533806958/domains/a1merchantsolutions.triviio.com/public_html/vendor/laravel/framework/src/Illuminate/Pipeline/Pipeline.php(219): Illuminate\\Foundation\\Http\\Middleware\\TrimStrings->handle()
#44 /home/u533806958/domains/a1merchantsolutions.triviio.com/public_html/vendor/laravel/framework/src/Illuminate/Http/Middleware/ValidatePostSize.php(27): Illuminate\\Pipeline\\Pipeline->Illuminate\\Pipeline\\{closure}()
#45 /home/u533806958/domains/a1merchantsolutions.triviio.com/public_html/vendor/laravel/framework/src/Illuminate/Pipeline/Pipeline.php(219): Illuminate\\Http\\Middleware\\ValidatePostSize->handle()
#46 /home/u533806958/domains/a1merchantsolutions.triviio.com/public_html/vendor/laravel/framework/src/Illuminate/Foundation/Http/Middleware/PreventRequestsDuringMaintenance.php(109): Illuminate\\Pipeline\\Pipeline->Illuminate\\Pipeline\\{closure}()
#47 /home/u533806958/domains/a1merchantsolutions.triviio.com/public_html/vendor/laravel/framework/src/Illuminate/Pipeline/Pipeline.php(219): Illuminate\\Foundation\\Http\\Middleware\\PreventRequestsDuringMaintenance->handle()
#48 /home/u533806958/domains/a1merchantsolutions.triviio.com/public_html/vendor/laravel/framework/src/Illuminate/Http/Middleware/HandleCors.php(61): Illuminate\\Pipeline\\Pipeline->Illuminate\\Pipeline\\{closure}()
#49 /home/u533806958/domains/a1merchantsolutions.triviio.com/public_html/vendor/laravel/framework/src/Illuminate/Pipeline/Pipeline.php(219): Illuminate\\Http\\Middleware\\HandleCors->handle()
#50 /home/u533806958/domains/a1merchantsolutions.triviio.com/public_html/vendor/laravel/framework/src/Illuminate/Http/Middleware/TrustProxies.php(58): Illuminate\\Pipeline\\Pipeline->Illuminate\\Pipeline\\{closure}()
#51 /home/u533806958/domains/a1merchantsolutions.triviio.com/public_html/vendor/laravel/framework/src/Illuminate/Pipeline/Pipeline.php(219): Illuminate\\Http\\Middleware\\TrustProxies->handle()
#52 /home/u533806958/domains/a1merchantsolutions.triviio.com/public_html/vendor/laravel/framework/src/Illuminate/Foundation/Http/Middleware/InvokeDeferredCallbacks.php(22): Illuminate\\Pipeline\\Pipeline->Illuminate\\Pipeline\\{closure}()
#53 /home/u533806958/domains/a1merchantsolutions.triviio.com/public_html/vendor/laravel/framework/src/Illuminate/Pipeline/Pipeline.php(219): Illuminate\\Foundation\\Http\\Middleware\\InvokeDeferredCallbacks->handle()
#54 /home/u533806958/domains/a1merchantsolutions.triviio.com/public_html/vendor/laravel/framework/src/Illuminate/Http/Middleware/ValidatePathEncoding.php(26): Illuminate\\Pipeline\\Pipeline->Illuminate\\Pipeline\\{closure}()
#55 /home/u533806958/domains/a1merchantsolutions.triviio.com/public_html/vendor/laravel/framework/src/Illuminate/Pipeline/Pipeline.php(219): Illuminate\\Http\\Middleware\\ValidatePathEncoding->handle()
#56 /home/u533806958/domains/a1merchantsolutions.triviio.com/public_html/vendor/laravel/framework/src/Illuminate/Pipeline/Pipeline.php(137): Illuminate\\Pipeline\\Pipeline->Illuminate\\Pipeline\\{closure}()
#57 /home/u533806958/domains/a1merchantsolutions.triviio.com/public_html/vendor/laravel/framework/src/Illuminate/Foundation/Http/Kernel.php(175): Illuminate\\Pipeline\\Pipeline->then()
#58 /home/u533806958/domains/a1merchantsolutions.triviio.com/public_html/vendor/laravel/framework/src/Illuminate/Foundation/Http/Kernel.php(144): Illuminate\\Foundation\\Http\\Kernel->sendRequestThroughRouter()
#59 /home/u533806958/domains/a1merchantsolutions.triviio.com/public_html/vendor/laravel/framework/src/Illuminate/Foundation/Application.php(1220): Illuminate\\Foundation\\Http\\Kernel->handle()
#60 /home/u533806958/domains/a1merchantsolutions.triviio.com/public_html/public/index.php(15): Illuminate\\Foundation\\Application->handleRequest()
#61 {main}
"} 
[2026-08-13 11:18:13] local.ERROR: SQLSTATE[HY000] [2002] Operation not permitted (Connection: mysql, Host: 127.0.0.1, Port: 3306, Database: u533806958_adcoupon, SQL: select * from `sessions` where `id` = QulFhHMXKY2R1hgegmEMjxV1t16Kgz8fSP4weIF8 limit 1) {"exception":"[object] (Illuminate\\Database\\QueryException(code: 2002): SQLSTATE[HY000] [2002] Operation not permitted (Connection: mysql, Host: 127.0.0.1, Port: 3306, Database: u533806958_adcoupon, SQL: select * from `sessions` where `id` = QulFhHMXKY2R1hgegmEMjxV1t16Kgz8fSP4weIF8 limit 1) at /home/u533806958/domains/a1merchantsolutions.triviio.com/public_html/vendor/laravel/framework/src/Illuminate/Database/Connection.php:838)
[stacktrace]
#0 /home/u533806958/domains/a1merchantsolutions.triviio.com/public_html/vendor/laravel/framework/src/Illuminate/Database/Connection.php(794): Illuminate\\Database\\Connection->runQueryCallback()
#1 /home/u533806958/domains/a1merchantsolutions.triviio.com/public_html/vendor/laravel/framework/src/Illuminate/Database/Connection.php(411): Illuminate\\Database\\Connection->run()
#2 /home/u533806958/domains/a1merchantsolutions.triviio.com/public_html/vendor/laravel/framework/src/Illuminate/Database/Query/Builder.php(3505): Illuminate\\Database\\Connection->select()
#3 /home/u533806958/domains/a1merchantsolutions.triviio.com/public_html/vendor/laravel/framework/src/Illuminate/Database/Query/Builder.php(3490): Illuminate\\Database\\Query\\Builder->runSelect()
#4 /home/u533806958/domains/a1merchantsolutions.triviio.com/public_html/vendor/laravel/framework/src/Illuminate/Database/Query/Builder.php(4080): Illuminate\\Database\\Query\\Builder->Illuminate\\Database\\Query\\{closure}()
#5 /home/u533806958/domains/a1merchantsolutions.triviio.com/public_html/vendor/laravel/framework/src/Illuminate/Database/Query/Builder.php(3489): Illuminate\\Database\\Query\\Builder->onceWithColumns()
#6 /home/u533806958/domains/a1merchantsolutions.triviio.com/public_html/vendor/laravel/framework/src/Illuminate/Database/Concerns/BuildsQueries.php(366): Illuminate\\Database\\Query\\Builder->get()
#7 /home/u533806958/domains/a1merchantsolutions.triviio.com/public_html/vendor/laravel/framework/src/Illuminate/Database/Query/Builder.php(3412): Illuminate\\Database\\Query\\Builder->first()
#8 /home/u533806958/domains/a1merchantsolutions.triviio.com/public_html/vendor/laravel/framework/src/Illuminate/Session/DatabaseSessionHandler.php(96): Illuminate\\Database\\Query\\Builder->find()
#9 /home/u533806958/domains/a1merchantsolutions.triviio.com/public_html/vendor/laravel/framework/src/Illuminate/Session/Store.php(128): Illuminate\\Session\\DatabaseSessionHandler->read()
#10 /home/u533806958/domains/a1merchantsolutions.triviio.com/public_html/vendor/laravel/framework/src/Illuminate/Session/Store.php(116): Illuminate\\Session\\Store->readFromHandler()
#11 /home/u533806958/domains/a1merchantsolutions.triviio.com/public_html/vendor/laravel/framework/src/Illuminate/Session/Store.php(100): Illuminate\\Session\\Store->loadSession()
#12 /home/u533806958/domains/a1merchantsolutions.triviio.com/public_html/vendor/laravel/framework/src/Illuminate/Session/Middleware/StartSession.php(146): Illuminate\\Session\\Store->start()
#13 /home/u533806958/domains/a1merchantsolutions.triviio.com/public_html/vendor/laravel/framework/src/Illuminate/Support/helpers.php(393): Illuminate\\Session\\Middleware\\StartSession->Illuminate\\Session\\Middleware\\{closure}()
#14 /home/u533806958/domains/a1merchantsolutions.triviio.com/public_html/vendor/laravel/framework/src/Illuminate/Session/Middleware/StartSession.php(143): tap()
#15 /home/u533806958/domains/a1merchantsolutions.triviio.com/public_html/vendor/laravel/framework/src/Illuminate/Session/Middleware/StartSession.php(115): Illuminate\\Session\\Middleware\\StartSession->startSession()
#16 /home/u533806958/domains/a1merchantsolutions.triviio.com/public_html/vendor/laravel/framework/src/Illuminate/Session/Middleware/StartSession.php(63): Illuminate\\Session\\Middleware\\StartSession->handleStatefulRequest()
#17 /home/u533806958/domains/a1merchantsolutions.triviio.com/public_html/vendor/laravel/framework/src/Illuminate/Pipeline/Pipeline.php(219): Illuminate\\Session\\Middleware\\StartSession->handle()
#18 /home/u533806958/domains/a1merchantsolutions.triviio.com/public_html/vendor/laravel/framework/src/Illuminate/Cookie/Middleware/AddQueuedCookiesToResponse.php(36): Illuminate\\Pipeline\\Pipeline->Illuminate\\Pipeline\\{closure}()
#19 /home/u533806958/domains/a1merchantsolutions.triviio.com/public_html/vendor/laravel/framework/src/Illuminate/Pipeline/Pipeline.php(219): Illuminate\\Cookie\\Middleware\\AddQueuedCookiesToResponse->handle()
#20 /home/u533806958/domains/a1merchantsolutions.triviio.com/public_html/vendor/laravel/framework/src/Illuminate/Cookie/Middleware/EncryptCookies.php(74): Illuminate\\Pipeline\\Pipeline->Illuminate\\Pipeline\\{closure}()
#21 /home/u533806958/domains/a1merchantsolutions.triviio.com/public_html/vendor/laravel/framework/src/Illuminate/Pipeline/Pipeline.php(219): Illuminate\\Cookie\\Middleware\\EncryptCookies->handle()
#22 /home/u533806958/domains/a1merchantsolutions.triviio.com/public_html/vendor/laravel/framework/src/Illuminate/Pipeline/Pipeline.php(137): Illuminate\\Pipeline\\Pipeline->Illuminate\\Pipeline\\{closure}()
#23 /home/u533806958/domains/a1merchantsolutions.triviio.com/public_html/vendor/laravel/framework/src/Illuminate/Routing/Router.php(821): Illuminate\\Pipeline\\Pipeline->then()
#24 /home/u533806958/domains/a1merchantsolutions.triviio.com/public_html/vendor/laravel/framework/src/Illuminate/Routing/Router.php(800): Illuminate\\Routing\\Router->runRouteWithinStack()
#25 /home/u533806958/domains/a1merchantsolutions.triviio.com/public_html/vendor/laravel/framework/src/Illuminate/Routing/Router.php(764): Illuminate\\Routing\\Router->runRoute()
#26 /home/u533806958/domains/a1merchantsolutions.triviio.com/public_html/vendor/laravel/framework/src/Illuminate/Routing/Router.php(753): Illuminate\\Routing\\Router->dispatchToRoute()
#27 /home/u533806958/domains/a1merchantsolutions.triviio.com/public_html/vendor/laravel/framework/src/Illuminate/Foundation/Http/Kernel.php(200): Illuminate\\Routing\\Router->dispatch()
#28 /home/u533806958/domains/a1merchantsolutions.triviio.com/public_html/vendor/laravel/framework/src/Illuminate/Pipeline/Pipeline.php(180): Illuminate\\Foundation\\Http\\Kernel->Illuminate\\Foundation\\Http\\{closure}()
#29 /home/u533806958/domains/a1merchantsolutions.triviio.com/public_html/vendor/laravel/framework/src/Illuminate/Foundation/Http/Middleware/TransformsRequest.php(21): Illuminate\\Pipeline\\Pipeline->Illuminate\\Pipeline\\{closure}()
#30 /home/u533806958/domains/a1merchantsolutions.triviio.com/public_html/vendor/laravel/framework/src/Illuminate/Foundation/Http/Middleware/ConvertEmptyStringsToNull.php(31): Illuminate\\Foundation\\Http\\Middleware\\TransformsRequest->handle()
#31 /home/u533806958/domains/a1merchantsolutions.triviio.com/public_html/vendor/laravel/framework/src/Illuminate/Pipeline/Pipeline.php(219): Illuminate\\Foundation\\Http\\Middleware\\ConvertEmptyStringsToNull->handle()
#32 /home/u533806958/domains/a1merchantsolutions.triviio.com/public_html/vendor/laravel/framework/src/Illuminate/Foundation/Http/Middleware/TransformsRequest.php(21): Illuminate\\Pipeline\\Pipeline->Illuminate\\Pipeline\\{closure}()
#33 /home/u533806958/domains/a1merchantsolutions.triviio.com/public_html/vendor/laravel/framework/src/Illuminate/Foundation/Http/Middleware/TrimStrings.php(51): Illuminate\\Foundation\\Http\\Middleware\\TransformsRequest->handle()
#34 /home/u533806958/domains/a1merchantsolutions.triviio.com/public_html/vendor/laravel/framework/src/Illuminate/Pipeline/Pipeline.php(219): Illuminate\\Foundation\\Http\\Middleware\\TrimStrings->handle()
#35 /home/u533806958/domains/a1merchantsolutions.triviio.com/public_html/vendor/laravel/framework/src/Illuminate/Http/Middleware/ValidatePostSize.php(27): Illuminate\\Pipeline\\Pipeline->Illuminate\\Pipeline\\{closure}()
#36 /home/u533806958/domains/a1merchantsolutions.triviio.com/public_html/vendor/laravel/framework/src/Illuminate/Pipeline/Pipeline.php(219): Illuminate\\Http\\Middleware\\ValidatePostSize->handle()
#37 /home/u533806958/domains/a1merchantsolutions.triviio.com/public_html/vendor/laravel/framework/src/Illuminate/Foundation/Http/Middleware/PreventRequestsDuringMaintenance.php(109): Illuminate\\Pipeline\\Pipeline->Illuminate\\Pipeline\\{closure}()
#38 /home/u533806958/domains/a1merchantsolutions.triviio.com/public_html/vendor/laravel/framework/src/Illuminate/Pipeline/Pipeline.php(219): Illuminate\\Foundation\\Http\\Middleware\\PreventRequestsDuringMaintenance->handle()
#39 /home/u533806958/domains/a1merchantsolutions.triviio.com/public_html/vendor/laravel/framework/src/Illuminate/Http/Middleware/HandleCors.php(61): Illuminate\\Pipeline\\Pipeline->Illuminate\\Pipeline\\{closure}()
#40 /home/u533806958/domains/a1merchantsolutions.triviio.com/public_html/vendor/laravel/framework/src/Illuminate/Pipeline/Pipeline.php(219): Illuminate\\Http\\Middleware\\HandleCors->handle()
#41 /home/u533806958/domains/a1merchantsolutions.triviio.com/public_html/vendor/laravel/framework/src/Illuminate/Http/Middleware/TrustProxies.php(58): Illuminate\\Pipeline\\Pipeline->Illuminate\\Pipeline\\{closure}()
#42 /home/u533806958/domains/a1merchantsolutions.triviio.com/public_html/vendor/laravel/framework/src/Illuminate/Pipeline/Pipeline.php(219): Illuminate\\Http\\Middleware\\TrustProxies->handle()
#43 /home/u533806958/domains/a1merchantsolutions.triviio.com/public_html/vendor/laravel/framework/src/Illuminate/Foundation/Http/Middleware/InvokeDeferredCallbacks.php(22): Illuminate\\Pipeline\\Pipeline->Illuminate\\Pipeline\\{closure}()
#44 /home/u533806958/domains/a1merchantsolutions.triviio.com/public_html/vendor/laravel/framework/src/Illuminate/Pipeline/Pipeline.php(219): Illuminate\\Foundation\\Http\\Middleware\\InvokeDeferredCallbacks->handle()
#45 /home/u533806958/domains/a1merchantsolutions.triviio.com/public_html/vendor/laravel/framework/src/Illuminate/Http/Middleware/ValidatePathEncoding.php(26): Illuminate\\Pipeline\\Pipeline->Illuminate\\Pipeline\\{closure}()
#46 /home/u533806958/domains/a1merchantsolutions.triviio.com/public_html/vendor/laravel/framework/src/Illuminate/Pipeline/Pipeline.php(219): Illuminate\\Http\\Middleware\\ValidatePathEncoding->handle()
#47 /home/u533806958/domains/a1merchantsolutions.triviio.com/public_html/vendor/laravel/framework/src/Illuminate/Pipeline/Pipeline.php(137): Illuminate\\Pipeline\\Pipeline->Illuminate\\Pipeline\\{closure}()
#48 /home/u533806958/domains/a1merchantsolutions.triviio.com/public_html/vendor/laravel/framework/src/Illuminate/Foundation/Http/Kernel.php(175): Illuminate\\Pipeline\\Pipeline->then()
#49 /home/u533806958/domains/a1merchantsolutions.triviio.com/public_html/vendor/laravel/framework/src/Illuminate/Foundation/Http/Kernel.php(144): Illuminate\\Foundation\\Http\\Kernel->sendRequestThroughRouter()
#50 /home/u533806958/domains/a1merchantsolutions.triviio.com/public_html/vendor/laravel/framework/src/Illuminate/Foundation/Application.php(1220): Illuminate\\Foundation\\Http\\Kernel->handle()
#51 /home/u533806958/domains/a1merchantsolutions.triviio.com/public_html/public/index.php(15): Illuminate\\Foundation\\Application->handleRequest()
#52 {main}

[previous exception] [object] (PDOException(code: 2002): SQLSTATE[HY000] [2002] Operation not permitted at /home/u533806958/domains/a1merchantsolutions.triviio.com/public_html/vendor/laravel/framework/src/Illuminate/Database/Connectors/Connector.php:66)
[stacktrace]
#0 /home/u533806958/domains/a1merchantsolutions.triviio.com/public_html/vendor/laravel/framework/src/Illuminate/Database/Connectors/Connector.php(66): PDO->__construct()
#1 /home/u533806958/domains/a1merchantsolutions.triviio.com/public_html/vendor/laravel/framework/src/Illuminate/Database/Connectors/Connector.php(44): Illuminate\\Database\\Connectors\\Connector->createPdoConnection()
#2 /home/u533806958/domains/a1merchantsolutions.triviio.com/public_html/vendor/laravel/framework/src/Illuminate/Database/Connectors/MySqlConnector.php(24): Illuminate\\Database\\Connectors\\Connector->createConnection()
#3 /home/u533806958/domains/a1merchantsolutions.triviio.com/public_html/vendor/laravel/framework/src/Illuminate/Database/Connectors/ConnectionFactory.php(186): Illuminate\\Database\\Connectors\\MySqlConnector->connect()
#4 [internal function]: Illuminate\\Database\\Connectors\\ConnectionFactory->Illuminate\\Database\\Connectors\\{closure}()
#5 /home/u533806958/domains/a1merchantsolutions.triviio.com/public_html/vendor/laravel/framework/src/Illuminate/Database/Connection.php(1257): call_user_func()
#6 /home/u533806958/domains/a1merchantsolutions.triviio.com/public_html/vendor/laravel/framework/src/Illuminate/Database/Connection.php(525): Illuminate\\Database\\Connection->getPdo()
#7 /home/u533806958/domains/a1merchantsolutions.triviio.com/public_html/vendor/laravel/framework/src/Illuminate/Database/Connection.php(420): Illuminate\\Database\\Connection->getPdoForSelect()
#8 /home/u533806958/domains/a1merchantsolutions.triviio.com/public_html/vendor/laravel/framework/src/Illuminate/Database/Connection.php(827): Illuminate\\Database\\Connection->Illuminate\\Database\\{closure}()
#9 /home/u533806958/domains/a1merchantsolutions.triviio.com/public_html/vendor/laravel/framework/src/Illuminate/Database/Connection.php(794): Illuminate\\Database\\Connection->runQueryCallback()
#10 /home/u533806958/domains/a1merchantsolutions.triviio.com/public_html/vendor/laravel/framework/src/Illuminate/Database/Connection.php(411): Illuminate\\Database\\Connection->run()
#11 /home/u533806958/domains/a1merchantsolutions.triviio.com/public_html/vendor/laravel/framework/src/Illuminate/Database/Query/Builder.php(3505): Illuminate\\Database\\Connection->select()
#12 /home/u533806958/domains/a1merchantsolutions.triviio.com/public_html/vendor/laravel/framework/src/Illuminate/Database/Query/Builder.php(3490): Illuminate\\Database\\Query\\Builder->runSelect()
#13 /home/u533806958/domains/a1merchantsolutions.triviio.com/public_html/vendor/laravel/framework/src/Illuminate/Database/Query/Builder.php(4080): Illuminate\\Database\\Query\\Builder->Illuminate\\Database\\Query\\{closure}()
#14 /home/u533806958/domains/a1merchantsolutions.triviio.com/public_html/vendor/laravel/framework/src/Illuminate/Database/Query/Builder.php(3489): Illuminate\\Database\\Query\\Builder->onceWithColumns()
#15 /home/u533806958/domains/a1merchantsolutions.triviio.com/public_html/vendor/laravel/framework/src/Illuminate/Database/Concerns/BuildsQueries.php(366): Illuminate\\Database\\Query\\Builder->get()
#16 /home/u533806958/domains/a1merchantsolutions.triviio.com/public_html/vendor/laravel/framework/src/Illuminate/Database/Query/Builder.php(3412): Illuminate\\Database\\Query\\Builder->first()
#17 /home/u533806958/domains/a1merchantsolutions.triviio.com/public_html/vendor/laravel/framework/src/Illuminate/Session/DatabaseSessionHandler.php(96): Illuminate\\Database\\Query\\Builder->find()
#18 /home/u533806958/domains/a1merchantsolutions.triviio.com/public_html/vendor/laravel/framework/src/Illuminate/Session/Store.php(128): Illuminate\\Session\\DatabaseSessionHandler->read()
#19 /home/u533806958/domains/a1merchantsolutions.triviio.com/public_html/vendor/laravel/framework/src/Illuminate/Session/Store.php(116): Illuminate\\Session\\Store->readFromHandler()
#20 /home/u533806958/domains/a1merchantsolutions.triviio.com/public_html/vendor/laravel/framework/src/Illuminate/Session/Store.php(100): Illuminate\\Session\\Store->loadSession()
#21 /home/u533806958/domains/a1merchantsolutions.triviio.com/public_html/vendor/laravel/framework/src/Illuminate/Session/Middleware/StartSession.php(146): Illuminate\\Session\\Store->start()
#22 /home/u533806958/domains/a1merchantsolutions.triviio.com/public_html/vendor/laravel/framework/src/Illuminate/Support/helpers.php(393): Illuminate\\Session\\Middleware\\StartSession->Illuminate\\Session\\Middleware\\{closure}()
#23 /home/u533806958/domains/a1merchantsolutions.triviio.com/public_html/vendor/laravel/framework/src/Illuminate/Session/Middleware/StartSession.php(143): tap()
#24 /home/u533806958/domains/a1merchantsolutions.triviio.com/public_html/vendor/laravel/framework/src/Illuminate/Session/Middleware/StartSession.php(115): Illuminate\\Session\\Middleware\\StartSession->startSession()
#25 /home/u533806958/domains/a1merchantsolutions.triviio.com/public_html/vendor/laravel/framework/src/Illuminate/Session/Middleware/StartSession.php(63): Illuminate\\Session\\Middleware\\StartSession->handleStatefulRequest()
#26 /home/u533806958/domains/a1merchantsolutions.triviio.com/public_html/vendor/laravel/framework/src/Illuminate/Pipeline/Pipeline.php(219): Illuminate\\Session\\Middleware\\StartSession->handle()
#27 /home/u533806958/domains/a1merchantsolutions.triviio.com/public_html/vendor/laravel/framework/src/Illuminate/Cookie/Middleware/AddQueuedCookiesToResponse.php(36): Illuminate\\Pipeline\\Pipeline->Illuminate\\Pipeline\\{closure}()
#28 /home/u533806958/domains/a1merchantsolutions.triviio.com/public_html/vendor/laravel/framework/src/Illuminate/Pipeline/Pipeline.php(219): Illuminate\\Cookie\\Middleware\\AddQueuedCookiesToResponse->handle()
#29 /home/u533806958/domains/a1merchantsolutions.triviio.com/public_html/vendor/laravel/framework/src/Illuminate/Cookie/Middleware/EncryptCookies.php(74): Illuminate\\Pipeline\\Pipeline->Illuminate\\Pipeline\\{closure}()
#30 /home/u533806958/domains/a1merchantsolutions.triviio.com/public_html/vendor/laravel/framework/src/Illuminate/Pipeline/Pipeline.php(219): Illuminate\\Cookie\\Middleware\\EncryptCookies->handle()
#31 /home/u533806958/domains/a1merchantsolutions.triviio.com/public_html/vendor/laravel/framework/src/Illuminate/Pipeline/Pipeline.php(137): Illuminate\\Pipeline\\Pipeline->Illuminate\\Pipeline\\{closure}()
#32 /home/u533806958/domains/a1merchantsolutions.triviio.com/public_html/vendor/laravel/framework/src/Illuminate/Routing/Router.php(821): Illuminate\\Pipeline\\Pipeline->then()
#33 /home/u533806958/domains/a1merchantsolutions.triviio.com/public_html/vendor/laravel/framework/src/Illuminate/Routing/Router.php(800): Illuminate\\Routing\\Router->runRouteWithinStack()
#34 /home/u533806958/domains/a1merchantsolutions.triviio.com/public_html/vendor/laravel/framework/src/Illuminate/Routing/Router.php(764): Illuminate\\Routing\\Router->runRoute()
#35 /home/u533806958/domains/a1merchantsolutions.triviio.com/public_html/vendor/laravel/framework/src/Illuminate/Routing/Router.php(753): Illuminate\\Routing\\Router->dispatchToRoute()
#36 /home/u533806958/domains/a1merchantsolutions.triviio.com/public_html/vendor/laravel/framework/src/Illuminate/Foundation/Http/Kernel.php(200): Illuminate\\Routing\\Router->dispatch()
#37 /home/u533806958/domains/a1merchantsolutions.triviio.com/public_html/vendor/laravel/framework/src/Illuminate/Pipeline/Pipeline.php(180): Illuminate\\Foundation\\Http\\Kernel->Illuminate\\Foundation\\Http\\{closure}()
#38 /home/u533806958/domains/a1merchantsolutions.triviio.com/public_html/vendor/laravel/framework/src/Illuminate/Foundation/Http/Middleware/TransformsRequest.php(21): Illuminate\\Pipeline\\Pipeline->Illuminate\\Pipeline\\{closure}()
#39 /home/u533806958/domains/a1merchantsolutions.triviio.com/public_html/vendor/laravel/framework/src/Illuminate/Foundation/Http/Middleware/ConvertEmptyStringsToNull.php(31): Illuminate\\Foundation\\Http\\Middleware\\TransformsRequest->handle()
#40 /home/u533806958/domains/a1merchantsolutions.triviio.com/public_html/vendor/laravel/framework/src/Illuminate/Pipeline/Pipeline.php(219): Illuminate\\Foundation\\Http\\Middleware\\ConvertEmptyStringsToNull->handle()
#41 /home/u533806958/domains/a1merchantsolutions.triviio.com/public_html/vendor/laravel/framework/src/Illuminate/Foundation/Http/Middleware/TransformsRequest.php(21): Illuminate\\Pipeline\\Pipeline->Illuminate\\Pipeline\\{closure}()
#42 /home/u533806958/domains/a1merchantsolutions.triviio.com/public_html/vendor/laravel/framework/src/Illuminate/Foundation/Http/Middleware/TrimStrings.php(51): Illuminate\\Foundation\\Http\\Middleware\\TransformsRequest->handle()
#43 /home/u533806958/domains/a1merchantsolutions.triviio.com/public_html/vendor/laravel/framework/src/Illuminate/Pipeline/Pipeline.php(219): Illuminate\\Foundation\\Http\\Middleware\\TrimStrings->handle()
#44 /home/u533806958/domains/a1merchantsolutions.triviio.com/public_html/vendor/laravel/framework/src/Illuminate/Http/Middleware/ValidatePostSize.php(27): Illuminate\\Pipeline\\Pipeline->Illuminate\\Pipeline\\{closure}()
#45 /home/u533806958/domains/a1merchantsolutions.triviio.com/public_html/vendor/laravel/framework/src/Illuminate/Pipeline/Pipeline.php(219): Illuminate\\Http\\Middleware\\ValidatePostSize->handle()
#46 /home/u533806958/domains/a1merchantsolutions.triviio.com/public_html/vendor/laravel/framework/src/Illuminate/Foundation/Http/Middleware/PreventRequestsDuringMaintenance.php(109): Illuminate\\Pipeline\\Pipeline->Illuminate\\Pipeline\\{closure}()
#47 /home/u533806958/domains/a1merchantsolutions.triviio.com/public_html/vendor/laravel/framework/src/Illuminate/Pipeline/Pipeline.php(219): Illuminate\\Foundation\\Http\\Middleware\\PreventRequestsDuringMaintenance->handle()
#48 /home/u533806958/domains/a1merchantsolutions.triviio.com/public_html/vendor/laravel/framework/src/Illuminate/Http/Middleware/HandleCors.php(61): Illuminate\\Pipeline\\Pipeline->Illuminate\\Pipeline\\{closure}()
#49 /home/u533806958/domains/a1merchantsolutions.triviio.com/public_html/vendor/laravel/framework/src/Illuminate/Pipeline/Pipeline.php(219): Illuminate\\Http\\Middleware\\HandleCors->handle()
#50 /home/u533806958/domains/a1merchantsolutions.triviio.com/public_html/vendor/laravel/framework/src/Illuminate/Http/Middleware/TrustProxies.php(58): Illuminate\\Pipeline\\Pipeline->Illuminate\\Pipeline\\{closure}()
#51 /home/u533806958/domains/a1merchantsolutions.triviio.com/public_html/vendor/laravel/framework/src/Illuminate/Pipeline/Pipeline.php(219): Illuminate\\Http\\Middleware\\TrustProxies->handle()
#52 /home/u533806958/domains/a1merchantsolutions.triviio.com/public_html/vendor/laravel/framework/src/Illuminate/Foundation/Http/Middleware/InvokeDeferredCallbacks.php(22): Illuminate\\Pipeline\\Pipeline->Illuminate\\Pipeline\\{closure}()
#53 /home/u533806958/domains/a1merchantsolutions.triviio.com/public_html/vendor/laravel/framework/src/Illuminate/Pipeline/Pipeline.php(219): Illuminate\\Foundation\\Http\\Middleware\\InvokeDeferredCallbacks->handle()
#54 /home/u533806958/domains/a1merchantsolutions.triviio.com/public_html/vendor/laravel/framework/src/Illuminate/Http/Middleware/ValidatePathEncoding.php(26): Illuminate\\Pipeline\\Pipeline->Illuminate\\Pipeline\\{closure}()
#55 /home/u533806958/domains/a1merchantsolutions.triviio.com/public_html/vendor/laravel/framework/src/Illuminate/Pipeline/Pipeline.php(219): Illuminate\\Http\\Middleware\\ValidatePathEncoding->handle()
#56 /home/u533806958/domains/a1merchantsolutions.triviio.com/public_html/vendor/laravel/framework/src/Illuminate/Pipeline/Pipeline.php(137): Illuminate\\Pipeline\\Pipeline->Illuminate\\Pipeline\\{closure}()
#57 /home/u533806958/domains/a1merchantsolutions.triviio.com/public_html/vendor/laravel/framework/src/Illuminate/Foundation/Http/Kernel.php(175): Illuminate\\Pipeline\\Pipeline->then()
#58 /home/u533806958/domains/a1merchantsolutions.triviio.com/public_html/vendor/laravel/framework/src/Illuminate/Foundation/Http/Kernel.php(144): Illuminate\\Foundation\\Http\\Kernel->sendRequestThroughRouter()
#59 /home/u533806958/domains/a1merchantsolutions.triviio.com/public_html/vendor/laravel/framework/src/Illuminate/Foundation/Application.php(1220): Illuminate\\Foundation\\Http\\Kernel->handle()
#60 /home/u533806958/domains/a1merchantsolutions.triviio.com/public_html/public/index.php(15): Illuminate\\Foundation\\Application->handleRequest()
#61 {main}
"} 
[2026-08-13 11:18:13] local.ERROR: SQLSTATE[HY000] [2002] Operation not permitted (Connection: mysql, Host: 127.0.0.1, Port: 3306, Database: u533806958_adcoupon, SQL: select * from `sessions` where `id` = QulFhHMXKY2R1hgegmEMjxV1t16Kgz8fSP4weIF8 limit 1) {"exception":"[object] (Illuminate\\Database\\QueryException(code: 2002): SQLSTATE[HY000] [2002] Operation not permitted (Connection: mysql, Host: 127.0.0.1, Port: 3306, Database: u533806958_adcoupon, SQL: select * from `sessions` where `id` = QulFhHMXKY2R1hgegmEMjxV1t16Kgz8fSP4weIF8 limit 1) at /home/u533806958/domains/a1merchantsolutions.triviio.com/public_html/vendor/laravel/framework/src/Illuminate/Database/Connection.php:838)
[stacktrace]
#0 /home/u533806958/domains/a1merchantsolutions.triviio.com/public_html/vendor/laravel/framework/src/Illuminate/Database/Connection.php(794): Illuminate\\Database\\Connection->runQueryCallback()
#1 /home/u533806958/domains/a1merchantsolutions.triviio.com/public_html/vendor/laravel/framework/src/Illuminate/Database/Connection.php(411): Illuminate\\Database\\Connection->run()
#2 /home/u533806958/domains/a1merchantsolutions.triviio.com/public_html/vendor/laravel/framework/src/Illuminate/Database/Query/Builder.php(3505): Illuminate\\Database\\Connection->select()
#3 /home/u533806958/domains/a1merchantsolutions.triviio.com/public_html/vendor/laravel/framework/src/Illuminate/Database/Query/Builder.php(3490): Illuminate\\Database\\Query\\Builder->runSelect()
#4 /home/u533806958/domains/a1merchantsolutions.triviio.com/public_html/vendor/laravel/framework/src/Illuminate/Database/Query/Builder.php(4080): Illuminate\\Database\\Query\\Builder->Illuminate\\Database\\Query\\{closure}()
#5 /home/u533806958/domains/a1merchantsolutions.triviio.com/public_html/vendor/laravel/framework/src/Illuminate/Database/Query/Builder.php(3489): Illuminate\\Database\\Query\\Builder->onceWithColumns()
#6 /home/u533806958/domains/a1merchantsolutions.triviio.com/public_html/vendor/laravel/framework/src/Illuminate/Database/Concerns/BuildsQueries.php(366): Illuminate\\Database\\Query\\Builder->get()
#7 /home/u533806958/domains/a1merchantsolutions.triviio.com/public_html/vendor/laravel/framework/src/Illuminate/Database/Query/Builder.php(3412): Illuminate\\Database\\Query\\Builder->first()
#8 /home/u533806958/domains/a1merchantsolutions.triviio.com/public_html/vendor/laravel/framework/src/Illuminate/Session/DatabaseSessionHandler.php(96): Illuminate\\Database\\Query\\Builder->find()
#9 /home/u533806958/domains/a1merchantsolutions.triviio.com/public_html/vendor/laravel/framework/src/Illuminate/Session/Store.php(128): Illuminate\\Session\\DatabaseSessionHandler->read()
#10 /home/u533806958/domains/a1merchantsolutions.triviio.com/public_html/vendor/laravel/framework/src/Illuminate/Session/Store.php(116): Illuminate\\Session\\Store->readFromHandler()
#11 /home/u533806958/domains/a1merchantsolutions.triviio.com/public_html/vendor/laravel/framework/src/Illuminate/Session/Store.php(100): Illuminate\\Session\\Store->loadSession()
#12 /home/u533806958/domains/a1merchantsolutions.triviio.com/public_html/vendor/laravel/framework/src/Illuminate/Session/Middleware/StartSession.php(146): Illuminate\\Session\\Store->start()
#13 /home/u533806958/domains/a1merchantsolutions.triviio.com/public_html/vendor/laravel/framework/src/Illuminate/Support/helpers.php(393): Illuminate\\Session\\Middleware\\StartSession->Illuminate\\Session\\Middleware\\{closure}()
#14 /home/u533806958/domains/a1merchantsolutions.triviio.com/public_html/vendor/laravel/framework/src/Illuminate/Session/Middleware/StartSession.php(143): tap()
#15 /home/u533806958/domains/a1merchantsolutions.triviio.com/public_html/vendor/laravel/framework/src/Illuminate/Session/Middleware/StartSession.php(115): Illuminate\\Session\\Middleware\\StartSession->startSession()
#16 /home/u533806958/domains/a1merchantsolutions.triviio.com/public_html/vendor/laravel/framework/src/Illuminate/Session/Middleware/StartSession.php(63): Illuminate\\Session\\Middleware\\StartSession->handleStatefulRequest()
#17 /home/u533806958/domains/a1merchantsolutions.triviio.com/public_html/vendor/laravel/framework/src/Illuminate/Pipeline/Pipeline.php(219): Illuminate\\Session\\Middleware\\StartSession->handle()
#18 /home/u533806958/domains/a1merchantsolutions.triviio.com/public_html/vendor/laravel/framework/src/Illuminate/Cookie/Middleware/AddQueuedCookiesToResponse.php(36): Illuminate\\Pipeline\\Pipeline->Illuminate\\Pipeline\\{closure}()
#19 /home/u533806958/domains/a1merchantsolutions.triviio.com/public_html/vendor/laravel/framework/src/Illuminate/Pipeline/Pipeline.php(219): Illuminate\\Cookie\\Middleware\\AddQueuedCookiesToResponse->handle()
#20 /home/u533806958/domains/a1merchantsolutions.triviio.com/public_html/vendor/laravel/framework/src/Illuminate/Cookie/Middleware/EncryptCookies.php(74): Illuminate\\Pipeline\\Pipeline->Illuminate\\Pipeline\\{closure}()
#21 /home/u533806958/domains/a1merchantsolutions.triviio.com/public_html/vendor/laravel/framework/src/Illuminate/Pipeline/Pipeline.php(219): Illuminate\\Cookie\\Middleware\\EncryptCookies->handle()
#22 /home/u533806958/domains/a1merchantsolutions.triviio.com/public_html/vendor/laravel/framework/src/Illuminate/Pipeline/Pipeline.php(137): Illuminate\\Pipeline\\Pipeline->Illuminate\\Pipeline\\{closure}()
#23 /home/u533806958/domains/a1merchantsolutions.triviio.com/public_html/vendor/laravel/framework/src/Illuminate/Routing/Router.php(821): Illuminate\\Pipeline\\Pipeline->then()
#24 /home/u533806958/domains/a1merchantsolutions.triviio.com/public_html/vendor/laravel/framework/src/Illuminate/Routing/Router.php(800): Illuminate\\Routing\\Router->runRouteWithinStack()
#25 /home/u533806958/domains/a1merchantsolutions.triviio.com/public_html/vendor/laravel/framework/src/Illuminate/Routing/Router.php(764): Illuminate\\Routing\\Router->runRoute()
#26 /home/u533806958/domains/a1merchantsolutions.triviio.com/public_html/vendor/laravel/framework/src/Illuminate/Routing/Router.php(753): Illuminate\\Routing\\Router->dispatchToRoute()
#27 /home/u533806958/domains/a1merchantsolutions.triviio.com/public_html/vendor/laravel/framework/src/Illuminate/Foundation/Http/Kernel.php(200): Illuminate\\Routing\\Router->dispatch()
#28 /home/u533806958/domains/a1merchantsolutions.triviio.com/public_html/vendor/laravel/framework/src/Illuminate/Pipeline/Pipeline.php(180): Illuminate\\Foundation\\Http\\Kernel->Illuminate\\Foundation\\Http\\{closure}()
#29 /home/u533806958/domains/a1merchantsolutions.triviio.com/public_html/vendor/laravel/framework/src/Illuminate/Foundation/Http/Middleware/TransformsRequest.php(21): Illuminate\\Pipeline\\Pipeline->Illuminate\\Pipeline\\{closure}()
#30 /home/u533806958/domains/a1merchantsolutions.triviio.com/public_html/vendor/laravel/framework/src/Illuminate/Foundation/Http/Middleware/ConvertEmptyStringsToNull.php(31): Illuminate\\Foundation\\Http\\Middleware\\TransformsRequest->handle()
#31 /home/u533806958/domains/a1merchantsolutions.triviio.com/public_html/vendor/laravel/framework/src/Illuminate/Pipeline/Pipeline.php(219): Illuminate\\Foundation\\Http\\Middleware\\ConvertEmptyStringsToNull->handle()
#32 /home/u533806958/domains/a1merchantsolutions.triviio.com/public_html/vendor/laravel/framework/src/Illuminate/Foundation/Http/Middleware/TransformsRequest.php(21): Illuminate\\Pipeline\\Pipeline->Illuminate\\Pipeline\\{closure}()
#33 /home/u533806958/domains/a1merchantsolutions.triviio.com/public_html/vendor/laravel/framework/src/Illuminate/Foundation/Http/Middleware/TrimStrings.php(51): Illuminate\\Foundation\\Http\\Middleware\\TransformsRequest->handle()
#34 /home/u533806958/domains/a1merchantsolutions.triviio.com/public_html/vendor/laravel/framework/src/Illuminate/Pipeline/Pipeline.php(219): Illuminate\\Foundation\\Http\\Middleware\\TrimStrings->handle()
#35 /home/u533806958/domains/a1merchantsolutions.triviio.com/public_html/vendor/laravel/framework/src/Illuminate/Http/Middleware/ValidatePostSize.php(27): Illuminate\\Pipeline\\Pipeline->Illuminate\\Pipeline\\{closure}()
#36 /home/u533806958/domains/a1merchantsolutions.triviio.com/public_html/vendor/laravel/framework/src/Illuminate/Pipeline/Pipeline.php(219): Illuminate\\Http\\Middleware\\ValidatePostSize->handle()
#37 /home/u533806958/domains/a1merchantsolutions.triviio.com/public_html/vendor/laravel/framework/src/Illuminate/Foundation/Http/Middleware/PreventRequestsDuringMaintenance.php(109): Illuminate\\Pipeline\\Pipeline->Illuminate\\Pipeline\\{closure}()
#38 /home/u533806958/domains/a1merchantsolutions.triviio.com/public_html/vendor/laravel/framework/src/Illuminate/Pipeline/Pipeline.php(219): Illuminate\\Foundation\\Http\\Middleware\\PreventRequestsDuringMaintenance->handle()
#39 /home/u533806958/domains/a1merchantsolutions.triviio.com/public_html/vendor/laravel/framework/src/Illuminate/Http/Middleware/HandleCors.php(61): Illuminate\\Pipeline\\Pipeline->Illuminate\\Pipeline\\{closure}()
#40 /home/u533806958/domains/a1merchantsolutions.triviio.com/public_html/vendor/laravel/framework/src/Illuminate/Pipeline/Pipeline.php(219): Illuminate\\Http\\Middleware\\HandleCors->handle()
#41 /home/u533806958/domains/a1merchantsolutions.triviio.com/public_html/vendor/laravel/framework/src/Illuminate/Http/Middleware/TrustProxies.php(58): Illuminate\\Pipeline\\Pipeline->Illuminate\\Pipeline\\{closure}()
#42 /home/u533806958/domains/a1merchantsolutions.triviio.com/public_html/vendor/laravel/framework/src/Illuminate/Pipeline/Pipeline.php(219): Illuminate\\Http\\Middleware\\TrustProxies->handle()
#43 /home/u533806958/domains/a1merchantsolutions.triviio.com/public_html/vendor/laravel/framework/src/Illuminate/Foundation/Http/Middleware/InvokeDeferredCallbacks.php(22): Illuminate\\Pipeline\\Pipeline->Illuminate\\Pipeline\\{closure}()
#44 /home/u533806958/domains/a1merchantsolutions.triviio.com/public_html/vendor/laravel/framework/src/Illuminate/Pipeline/Pipeline.php(219): Illuminate\\Foundation\\Http\\Middleware\\InvokeDeferredCallbacks->handle()
#45 /home/u533806958/domains/a1merchantsolutions.triviio.com/public_html/vendor/laravel/framework/src/Illuminate/Http/Middleware/ValidatePathEncoding.php(26): Illuminate\\Pipeline\\Pipeline->Illuminate\\Pipeline\\{closure}()
#46 /home/u533806958/domains/a1merchantsolutions.triviio.com/public_html/vendor/laravel/framework/src/Illuminate/Pipeline/Pipeline.php(219): Illuminate\\Http\\Middleware\\ValidatePathEncoding->handle()
#47 /home/u533806958/domains/a1merchantsolutions.triviio.com/public_html/vendor/laravel/framework/src/Illuminate/Pipeline/Pipeline.php(137): Illuminate\\Pipeline\\Pipeline->Illuminate\\Pipeline\\{closure}()
#48 /home/u533806958/domains/a1merchantsolutions.triviio.com/public_html/vendor/laravel/framework/src/Illuminate/Foundation/Http/Kernel.php(175): Illuminate\\Pipeline\\Pipeline->then()
#49 /home/u533806958/domains/a1merchantsolutions.triviio.com/public_html/vendor/laravel/framework/src/Illuminate/Foundation/Http/Kernel.php(144): Illuminate\\Foundation\\Http\\Kernel->sendRequestThroughRouter()
#50 /home/u533806958/domains/a1merchantsolutions.triviio.com/public_html/vendor/laravel/framework/src/Illuminate/Foundation/Application.php(1220): Illuminate\\Foundation\\Http\\Kernel->handle()
#51 /home/u533806958/domains/a1merchantsolutions.triviio.com/public_html/public/index.php(15): Illuminate\\Foundation\\Application->handleRequest()
#52 {main}

[previous exception] [object] (PDOException(code: 2002): SQLSTATE[HY000] [2002] Operation not permitted at /home/u533806958/domains/a1merchantsolutions.triviio.com/public_html/vendor/laravel/framework/src/Illuminate/Database/Connectors/Connector.php:66)
[stacktrace]
#0 /home/u533806958/domains/a1merchantsolutions.triviio.com/public_html/vendor/laravel/framework/src/Illuminate/Database/Connectors/Connector.php(66): PDO->__construct()
#1 /home/u533806958/domains/a1merchantsolutions.triviio.com/public_html/vendor/laravel/framework/src/Illuminate/Database/Connectors/Connector.php(44): Illuminate\\Database\\Connectors\\Connector->createPdoConnection()
#2 /home/u533806958/domains/a1merchantsolutions.triviio.com/public_html/vendor/laravel/framework/src/Illuminate/Database/Connectors/MySqlConnector.php(24): Illuminate\\Database\\Connectors\\Connector->createConnection()
#3 /home/u533806958/domains/a1merchantsolutions.triviio.com/public_html/vendor/laravel/framework/src/Illuminate/Database/Connectors/ConnectionFactory.php(186): Illuminate\\Database\\Connectors\\MySqlConnector->connect()
#4 [internal function]: Illuminate\\Database\\Connectors\\ConnectionFactory->Illuminate\\Database\\Connectors\\{closure}()
#5 /home/u533806958/domains/a1merchantsolutions.triviio.com/public_html/vendor/laravel/framework/src/Illuminate/Database/Connection.php(1257): call_user_func()
#6 /home/u533806958/domains/a1merchantsolutions.triviio.com/public_html/vendor/laravel/framework/src/Illuminate/Database/Connection.php(525): Illuminate\\Database\\Connection->getPdo()
#7 /home/u533806958/domains/a1merchantsolutions.triviio.com/public_html/vendor/laravel/framework/src/Illuminate/Database/Connection.php(420): Illuminate\\Database\\Connection->getPdoForSelect()
#8 /home/u533806958/domains/a1merchantsolutions.triviio.com/public_html/vendor/laravel/framework/src/Illuminate/Database/Connection.php(827): Illuminate\\Database\\Connection->Illuminate\\Database\\{closure}()
#9 /home/u533806958/domains/a1merchantsolutions.triviio.com/public_html/vendor/laravel/framework/src/Illuminate/Database/Connection.php(794): Illuminate\\Database\\Connection->runQueryCallback()
#10 /home/u533806958/domains/a1merchantsolutions.triviio.com/public_html/vendor/laravel/framework/src/Illuminate/Database/Connection.php(411): Illuminate\\Database\\Connection->run()
#11 /home/u533806958/domains/a1merchantsolutions.triviio.com/public_html/vendor/laravel/framework/src/Illuminate/Database/Query/Builder.php(3505): Illuminate\\Database\\Connection->select()
#12 /home/u533806958/domains/a1merchantsolutions.triviio.com/public_html/vendor/laravel/framework/src/Illuminate/Database/Query/Builder.php(3490): Illuminate\\Database\\Query\\Builder->runSelect()
#13 /home/u533806958/domains/a1merchantsolutions.triviio.com/public_html/vendor/laravel/framework/src/Illuminate/Database/Query/Builder.php(4080): Illuminate\\Database\\Query\\Builder->Illuminate\\Database\\Query\\{closure}()
#14 /home/u533806958/domains/a1merchantsolutions.triviio.com/public_html/vendor/laravel/framework/src/Illuminate/Database/Query/Builder.php(3489): Illuminate\\Database\\Query\\Builder->onceWithColumns()
#15 /home/u533806958/domains/a1merchantsolutions.triviio.com/public_html/vendor/laravel/framework/src/Illuminate/Database/Concerns/BuildsQueries.php(366): Illuminate\\Database\\Query\\Builder->get()
#16 /home/u533806958/domains/a1merchantsolutions.triviio.com/public_html/vendor/laravel/framework/src/Illuminate/Database/Query/Builder.php(3412): Illuminate\\Database\\Query\\Builder->first()
#17 /home/u533806958/domains/a1merchantsolutions.triviio.com/public_html/vendor/laravel/framework/src/Illuminate/Session/DatabaseSessionHandler.php(96): Illuminate\\Database\\Query\\Builder->find()
#18 /home/u533806958/domains/a1merchantsolutions.triviio.com/public_html/vendor/laravel/framework/src/Illuminate/Session/Store.php(128): Illuminate\\Session\\DatabaseSessionHandler->read()
#19 /home/u533806958/domains/a1merchantsolutions.triviio.com/public_html/vendor/laravel/framework/src/Illuminate/Session/Store.php(116): Illuminate\\Session\\Store->readFromHandler()
#20 /home/u533806958/domains/a1merchantsolutions.triviio.com/public_html/vendor/laravel/framework/src/Illuminate/Session/Store.php(100): Illuminate\\Session\\Store->loadSession()
#21 /home/u533806958/domains/a1merchantsolutions.triviio.com/public_html/vendor/laravel/framework/src/Illuminate/Session/Middleware/StartSession.php(146): Illuminate\\Session\\Store->start()
#22 /home/u533806958/domains/a1merchantsolutions.triviio.com/public_html/vendor/laravel/framework/src/Illuminate/Support/helpers.php(393): Illuminate\\Session\\Middleware\\StartSession->Illuminate\\Session\\Middleware\\{closure}()
#23 /home/u533806958/domains/a1merchantsolutions.triviio.com/public_html/vendor/laravel/framework/src/Illuminate/Session/Middleware/StartSession.php(143): tap()
#24 /home/u533806958/domains/a1merchantsolutions.triviio.com/public_html/vendor/laravel/framework/src/Illuminate/Session/Middleware/StartSession.php(115): Illuminate\\Session\\Middleware\\StartSession->startSession()
#25 /home/u533806958/domains/a1merchantsolutions.triviio.com/public_html/vendor/laravel/framework/src/Illuminate/Session/Middleware/StartSession.php(63): Illuminate\\Session\\Middleware\\StartSession->handleStatefulRequest()
#26 /home/u533806958/domains/a1merchantsolutions.triviio.com/public_html/vendor/laravel/framework/src/Illuminate/Pipeline/Pipeline.php(219): Illuminate\\Session\\Middleware\\StartSession->handle()
#27 /home/u533806958/domains/a1merchantsolutions.triviio.com/public_html/vendor/laravel/framework/src/Illuminate/Cookie/Middleware/AddQueuedCookiesToResponse.php(36): Illuminate\\Pipeline\\Pipeline->Illuminate\\Pipeline\\{closure}()
#28 /home/u533806958/domains/a1merchantsolutions.triviio.com/public_html/vendor/laravel/framework/src/Illuminate/Pipeline/Pipeline.php(219): Illuminate\\Cookie\\Middleware\\AddQueuedCookiesToResponse->handle()
#29 /home/u533806958/domains/a1merchantsolutions.triviio.com/public_html/vendor/laravel/framework/src/Illuminate/Cookie/Middleware/EncryptCookies.php(74): Illuminate\\Pipeline\\Pipeline->Illuminate\\Pipeline\\{closure}()
#30 /home/u533806958/domains/a1merchantsolutions.triviio.com/public_html/vendor/laravel/framework/src/Illuminate/Pipeline/Pipeline.php(219): Illuminate\\Cookie\\Middleware\\EncryptCookies->handle()
#31 /home/u533806958/domains/a1merchantsolutions.triviio.com/public_html/vendor/laravel/framework/src/Illuminate/Pipeline/Pipeline.php(137): Illuminate\\Pipeline\\Pipeline->Illuminate\\Pipeline\\{closure}()
#32 /home/u533806958/domains/a1merchantsolutions.triviio.com/public_html/vendor/laravel/framework/src/Illuminate/Routing/Router.php(821): Illuminate\\Pipeline\\Pipeline->then()
#33 /home/u533806958/domains/a1merchantsolutions.triviio.com/public_html/vendor/laravel/framework/src/Illuminate/Routing/Router.php(800): Illuminate\\Routing\\Router->runRouteWithinStack()
#34 /home/u533806958/domains/a1merchantsolutions.triviio.com/public_html/vendor/laravel/framework/src/Illuminate/Routing/Router.php(764): Illuminate\\Routing\\Router->runRoute()
#35 /home/u533806958/domains/a1merchantsolutions.triviio.com/public_html/vendor/laravel/framework/src/Illuminate/Routing/Router.php(753): Illuminate\\Routing\\Router->dispatchToRoute()
#36 /home/u533806958/domains/a1merchantsolutions.triviio.com/public_html/vendor/laravel/framework/src/Illuminate/Foundation/Http/Kernel.php(200): Illuminate\\Routing\\Router->dispatch()
#37 /home/u533806958/domains/a1merchantsolutions.triviio.com/public_html/vendor/laravel/framework/src/Illuminate/Pipeline/Pipeline.php(180): Illuminate\\Foundation\\Http\\Kernel->Illuminate\\Foundation\\Http\\{closure}()
#38 /home/u533806958/domains/a1merchantsolutions.triviio.com/public_html/vendor/laravel/framework/src/Illuminate/Foundation/Http/Middleware/TransformsRequest.php(21): Illuminate\\Pipeline\\Pipeline->Illuminate\\Pipeline\\{closure}()
#39 /home/u533806958/domains/a1merchantsolutions.triviio.com/public_html/vendor/laravel/framework/src/Illuminate/Foundation/Http/Middleware/ConvertEmptyStringsToNull.php(31): Illuminate\\Foundation\\Http\\Middleware\\TransformsRequest->handle()
#40 /home/u533806958/domains/a1merchantsolutions.triviio.com/public_html/vendor/laravel/framework/src/Illuminate/Pipeline/Pipeline.php(219): Illuminate\\Foundation\\Http\\Middleware\\ConvertEmptyStringsToNull->handle()
#41 /home/u533806958/domains/a1merchantsolutions.triviio.com/public_html/vendor/laravel/framework/src/Illuminate/Foundation/Http/Middleware/TransformsRequest.php(21): Illuminate\\Pipeline\\Pipeline->Illuminate\\Pipeline\\{closure}()
#42 /home/u533806958/domains/a1merchantsolutions.triviio.com/public_html/vendor/laravel/framework/src/Illuminate/Foundation/Http/Middleware/TrimStrings.php(51): Illuminate\\Foundation\\Http\\Middleware\\TransformsRequest->handle()
#43 /home/u533806958/domains/a1merchantsolutions.triviio.com/public_html/vendor/laravel/framework/src/Illuminate/Pipeline/Pipeline.php(219): Illuminate\\Foundation\\Http\\Middleware\\TrimStrings->handle()
#44 /home/u533806958/domains/a1merchantsolutions.triviio.com/public_html/vendor/laravel/framework/src/Illuminate/Http/Middleware/ValidatePostSize.php(27): Illuminate\\Pipeline\\Pipeline->Illuminate\\Pipeline\\{closure}()
#45 /home/u533806958/domains/a1merchantsolutions.triviio.com/public_html/vendor/laravel/framework/src/Illuminate/Pipeline/Pipeline.php(219): Illuminate\\Http\\Middleware\\ValidatePostSize->handle()
#46 /home/u533806958/domains/a1merchantsolutions.triviio.com/public_html/vendor/laravel/framework/src/Illuminate/Foundation/Http/Middleware/PreventRequestsDuringMaintenance.php(109): Illuminate\\Pipeline\\Pipeline->Illuminate\\Pipeline\\{closure}()
#47 /home/u533806958/domains/a1merchantsolutions.triviio.com/public_html/vendor/laravel/framework/src/Illuminate/Pipeline/Pipeline.php(219): Illuminate\\Foundation\\Http\\Middleware\\PreventRequestsDuringMaintenance->handle()
#48 /home/u533806958/domains/a1merchantsolutions.triviio.com/public_html/vendor/laravel/framework/src/Illuminate/Http/Middleware/HandleCors.php(61): Illuminate\\Pipeline\\Pipeline->Illuminate\\Pipeline\\{closure}()
#49 /home/u533806958/domains/a1merchantsolutions.triviio.com/public_html/vendor/laravel/framework/src/Illuminate/Pipeline/Pipeline.php(219): Illuminate\\Http\\Middleware\\HandleCors->handle()
#50 /home/u533806958/domains/a1merchantsolutions.triviio.com/public_html/vendor/laravel/framework/src/Illuminate/Http/Middleware/TrustProxies.php(58): Illuminate\\Pipeline\\Pipeline->Illuminate\\Pipeline\\{closure}()
#51 /home/u533806958/domains/a1merchantsolutions.triviio.com/public_html/vendor/laravel/framework/src/Illuminate/Pipeline/Pipeline.php(219): Illuminate\\Http\\Middleware\\TrustProxies->handle()
#52 /home/u533806958/domains/a1merchantsolutions.triviio.com/public_html/vendor/laravel/framework/src/Illuminate/Foundation/Http/Middleware/InvokeDeferredCallbacks.php(22): Illuminate\\Pipeline\\Pipeline->Illuminate\\Pipeline\\{closure}()
#53 /home/u533806958/domains/a1merchantsolutions.triviio.com/public_html/vendor/laravel/framework/src/Illuminate/Pipeline/Pipeline.php(219): Illuminate\\Foundation\\Http\\Middleware\\InvokeDeferredCallbacks->handle()
#54 /home/u533806958/domains/a1merchantsolutions.triviio.com/public_html/vendor/laravel/framework/src/Illuminate/Http/Middleware/ValidatePathEncoding.php(26): Illuminate\\Pipeline\\Pipeline->Illuminate\\Pipeline\\{closure}()
#55 /home/u533806958/domains/a1merchantsolutions.triviio.com/public_html/vendor/laravel/framework/src/Illuminate/Pipeline/Pipeline.php(219): Illuminate\\Http\\Middleware\\ValidatePathEncoding->handle()
#56 /home/u533806958/domains/a1merchantsolutions.triviio.com/public_html/vendor/laravel/framework/src/Illuminate/Pipeline/Pipeline.php(137): Illuminate\\Pipeline\\Pipeline->Illuminate\\Pipeline\\{closure}()
#57 /home/u533806958/domains/a1merchantsolutions.triviio.com/public_html/vendor/laravel/framework/src/Illuminate/Foundation/Http/Kernel.php(175): Illuminate\\Pipeline\\Pipeline->then()
#58 /home/u533806958/domains/a1merchantsolutions.triviio.com/public_html/vendor/laravel/framework/src/Illuminate/Foundation/Http/Kernel.php(144): Illuminate\\Foundation\\Http\\Kernel->sendRequestThroughRouter()
#59 /home/u533806958/domains/a1merchantsolutions.triviio.com/public_html/vendor/laravel/framework/src/Illuminate/Foundation/Application.php(1220): Illuminate\\Foundation\\Http\\Kernel->handle()
#60 /home/u533806958/domains/a1merchantsolutions.triviio.com/public_html/public/index.php(15): Illuminate\\Foundation\\Application->handleRequest()
#61 {main}
"} 
[2026-08-13 11:23:41] local.ERROR: SQLSTATE[HY000] [2002] Operation not permitted (Connection: mysql, Host: 127.0.0.1, Port: 3306, Database: u533806958_adcoupon, SQL: select * from `sessions` where `id` = QulFhHMXKY2R1hgegmEMjxV1t16Kgz8fSP4weIF8 limit 1) {"exception":"[object] (Illuminate\\Database\\QueryException(code: 2002): SQLSTATE[HY000] [2002] Operation not permitted (Connection: mysql, Host: 127.0.0.1, Port: 3306, Database: u533806958_adcoupon, SQL: select * from `sessions` where `id` = QulFhHMXKY2R1hgegmEMjxV1t16Kgz8fSP4weIF8 limit 1) at /home/u533806958/domains/a1merchantsolutions.triviio.com/public_html/vendor/laravel/framework/src/Illuminate/Database/Connection.php:838)
[stacktrace]
#0 /home/u533806958/domains/a1merchantsolutions.triviio.com/public_html/vendor/laravel/framework/src/Illuminate/Database/Connection.php(794): Illuminate\\Database\\Connection->runQueryCallback()
#1 /home/u533806958/domains/a1merchantsolutions.triviio.com/public_html/vendor/laravel/framework/src/Illuminate/Database/Connection.php(411): Illuminate\\Database\\Connection->run()
#2 /home/u533806958/domains/a1merchantsolutions.triviio.com/public_html/vendor/laravel/framework/src/Illuminate/Database/Query/Builder.php(3505): Illuminate\\Database\\Connection->select()
#3 /home/u533806958/domains/a1merchantsolutions.triviio.com/public_html/vendor/laravel/framework/src/Illuminate/Database/Query/Builder.php(3490): Illuminate\\Database\\Query\\Builder->runSelect()
#4 /home/u533806958/domains/a1merchantsolutions.triviio.com/public_html/vendor/laravel/framework/src/Illuminate/Database/Query/Builder.php(4080): Illuminate\\Database\\Query\\Builder->Illuminate\\Database\\Query\\{closure}()
#5 /home/u533806958/domains/a1merchantsolutions.triviio.com/public_html/vendor/laravel/framework/src/Illuminate/Database/Query/Builder.php(3489): Illuminate\\Database\\Query\\Builder->onceWithColumns()
#6 /home/u533806958/domains/a1merchantsolutions.triviio.com/public_html/vendor/laravel/framework/src/Illuminate/Database/Concerns/BuildsQueries.php(366): Illuminate\\Database\\Query\\Builder->get()
#7 /home/u533806958/domains/a1merchantsolutions.triviio.com/public_html/vendor/laravel/framework/src/Illuminate/Database/Query/Builder.php(3412): Illuminate\\Database\\Query\\Builder->first()
#8 /home/u533806958/domains/a1merchantsolutions.triviio.com/public_html/vendor/laravel/framework/src/Illuminate/Session/DatabaseSessionHandler.php(96): Illuminate\\Database\\Query\\Builder->find()
#9 /home/u533806958/domains/a1merchantsolutions.triviio.com/public_html/vendor/laravel/framework/src/Illuminate/Session/Store.php(128): Illuminate\\Session\\DatabaseSessionHandler->read()
#10 /home/u533806958/domains/a1merchantsolutions.triviio.com/public_html/vendor/laravel/framework/src/Illuminate/Session/Store.php(116): Illuminate\\Session\\Store->readFromHandler()
#11 /home/u533806958/domains/a1merchantsolutions.triviio.com/public_html/vendor/laravel/framework/src/Illuminate/Session/Store.php(100): Illuminate\\Session\\Store->loadSession()
#12 /home/u533806958/domains/a1merchantsolutions.triviio.com/public_html/vendor/laravel/framework/src/Illuminate/Session/Middleware/StartSession.php(146): Illuminate\\Session\\Store->start()
#13 /home/u533806958/domains/a1merchantsolutions.triviio.com/public_html/vendor/laravel/framework/src/Illuminate/Support/helpers.php(393): Illuminate\\Session\\Middleware\\StartSession->Illuminate\\Session\\Middleware\\{closure}()
#14 /home/u533806958/domains/a1merchantsolutions.triviio.com/public_html/vendor/laravel/framework/src/Illuminate/Session/Middleware/StartSession.php(143): tap()
#15 /home/u533806958/domains/a1merchantsolutions.triviio.com/public_html/vendor/laravel/framework/src/Illuminate/Session/Middleware/StartSession.php(115): Illuminate\\Session\\Middleware\\StartSession->startSession()
#16 /home/u533806958/domains/a1merchantsolutions.triviio.com/public_html/vendor/laravel/framework/src/Illuminate/Session/Middleware/StartSession.php(63): Illuminate\\Session\\Middleware\\StartSession->handleStatefulRequest()
#17 /home/u533806958/domains/a1merchantsolutions.triviio.com/public_html/vendor/laravel/framework/src/Illuminate/Pipeline/Pipeline.php(219): Illuminate\\Session\\Middleware\\StartSession->handle()
#18 /home/u533806958/domains/a1merchantsolutions.triviio.com/public_html/vendor/laravel/framework/src/Illuminate/Cookie/Middleware/AddQueuedCookiesToResponse.php(36): Illuminate\\Pipeline\\Pipeline->Illuminate\\Pipeline\\{closure}()
#19 /home/u533806958/domains/a1merchantsolutions.triviio.com/public_html/vendor/laravel/framework/src/Illuminate/Pipeline/Pipeline.php(219): Illuminate\\Cookie\\Middleware\\AddQueuedCookiesToResponse->handle()
#20 /home/u533806958/domains/a1merchantsolutions.triviio.com/public_html/vendor/laravel/framework/src/Illuminate/Cookie/Middleware/EncryptCookies.php(74): Illuminate\\Pipeline\\Pipeline->Illuminate\\Pipeline\\{closure}()
#21 /home/u533806958/domains/a1merchantsolutions.triviio.com/public_html/vendor/laravel/framework/src/Illuminate/Pipeline/Pipeline.php(219): Illuminate\\Cookie\\Middleware\\EncryptCookies->handle()
#22 /home/u533806958/domains/a1merchantsolutions.triviio.com/public_html/vendor/laravel/framework/src/Illuminate/Pipeline/Pipeline.php(137): Illuminate\\Pipeline\\Pipeline->Illuminate\\Pipeline\\{closure}()
#23 /home/u533806958/domains/a1merchantsolutions.triviio.com/public_html/vendor/laravel/framework/src/Illuminate/Routing/Router.php(821): Illuminate\\Pipeline\\Pipeline->then()
#24 /home/u533806958/domains/a1merchantsolutions.triviio.com/public_html/vendor/laravel/framework/src/Illuminate/Routing/Router.php(800): Illuminate\\Routing\\Router->runRouteWithinStack()
#25 /home/u533806958/domains/a1merchantsolutions.triviio.com/public_html/vendor/laravel/framework/src/Illuminate/Routing/Router.php(764): Illuminate\\Routing\\Router->runRoute()
#26 /home/u533806958/domains/a1merchantsolutions.triviio.com/public_html/vendor/laravel/framework/src/Illuminate/Routing/Router.php(753): Illuminate\\Routing\\Router->dispatchToRoute()
#27 /home/u533806958/domains/a1merchantsolutions.triviio.com/public_html/vendor/laravel/framework/src/Illuminate/Foundation/Http/Kernel.php(200): Illuminate\\Routing\\Router->dispatch()
#28 /home/u533806958/domains/a1merchantsolutions.triviio.com/public_html/vendor/laravel/framework/src/Illuminate/Pipeline/Pipeline.php(180): Illuminate\\Foundation\\Http\\Kernel->Illuminate\\Foundation\\Http\\{closure}()
#29 /home/u533806958/domains/a1merchantsolutions.triviio.com/public_html/vendor/laravel/framework/src/Illuminate/Foundation/Http/Middleware/TransformsRequest.php(21): Illuminate\\Pipeline\\Pipeline->Illuminate\\Pipeline\\{closure}()
#30 /home/u533806958/domains/a1merchantsolutions.triviio.com/public_html/vendor/laravel/framework/src/Illuminate/Foundation/Http/Middleware/ConvertEmptyStringsToNull.php(31): Illuminate\\Foundation\\Http\\Middleware\\TransformsRequest->handle()
#31 /home/u533806958/domains/a1merchantsolutions.triviio.com/public_html/vendor/laravel/framework/src/Illuminate/Pipeline/Pipeline.php(219): Illuminate\\Foundation\\Http\\Middleware\\ConvertEmptyStringsToNull->handle()
#32 /home/u533806958/domains/a1merchantsolutions.triviio.com/public_html/vendor/laravel/framework/src/Illuminate/Foundation/Http/Middleware/TransformsRequest.php(21): Illuminate\\Pipeline\\Pipeline->Illuminate\\Pipeline\\{closure}()
#33 /home/u533806958/domains/a1merchantsolutions.triviio.com/public_html/vendor/laravel/framework/src/Illuminate/Foundation/Http/Middleware/TrimStrings.php(51): Illuminate\\Foundation\\Http\\Middleware\\TransformsRequest->handle()
#34 /home/u533806958/domains/a1merchantsolutions.triviio.com/public_html/vendor/laravel/framework/src/Illuminate/Pipeline/Pipeline.php(219): Illuminate\\Foundation\\Http\\Middleware\\TrimStrings->handle()
#35 /home/u533806958/domains/a1merchantsolutions.triviio.com/public_html/vendor/laravel/framework/src/Illuminate/Http/Middleware/ValidatePostSize.php(27): Illuminate\\Pipeline\\Pipeline->Illuminate\\Pipeline\\{closure}()
#36 /home/u533806958/domains/a1merchantsolutions.triviio.com/public_html/vendor/laravel/framework/src/Illuminate/Pipeline/Pipeline.php(219): Illuminate\\Http\\Middleware\\ValidatePostSize->handle()
#37 /home/u533806958/domains/a1merchantsolutions.triviio.com/public_html/vendor/laravel/framework/src/Illuminate/Foundation/Http/Middleware/PreventRequestsDuringMaintenance.php(109): Illuminate\\Pipeline\\Pipeline->Illuminate\\Pipeline\\{closure}()
#38 /home/u533806958/domains/a1merchantsolutions.triviio.com/public_html/vendor/laravel/framework/src/Illuminate/Pipeline/Pipeline.php(219): Illuminate\\Foundation\\Http\\Middleware\\PreventRequestsDuringMaintenance->handle()
#39 /home/u533806958/domains/a1merchantsolutions.triviio.com/public_html/vendor/laravel/framework/src/Illuminate/Http/Middleware/HandleCors.php(61): Illuminate\\Pipeline\\Pipeline->Illuminate\\Pipeline\\{closure}()
#40 /home/u533806958/domains/a1merchantsolutions.triviio.com/public_html/vendor/laravel/framework/src/Illuminate/Pipeline/Pipeline.php(219): Illuminate\\Http\\Middleware\\HandleCors->handle()
#41 /home/u533806958/domains/a1merchantsolutions.triviio.com/public_html/vendor/laravel/framework/src/Illuminate/Http/Middleware/TrustProxies.php(58): Illuminate\\Pipeline\\Pipeline->Illuminate\\Pipeline\\{closure}()
#42 /home/u533806958/domains/a1merchantsolutions.triviio.com/public_html/vendor/laravel/framework/src/Illuminate/Pipeline/Pipeline.php(219): Illuminate\\Http\\Middleware\\TrustProxies->handle()
#43 /home/u533806958/domains/a1merchantsolutions.triviio.com/public_html/vendor/laravel/framework/src/Illuminate/Foundation/Http/Middleware/InvokeDeferredCallbacks.php(22): Illuminate\\Pipeline\\Pipeline->Illuminate\\Pipeline\\{closure}()
#44 /home/u533806958/domains/a1merchantsolutions.triviio.com/public_html/vendor/laravel/framework/src/Illuminate/Pipeline/Pipeline.php(219): Illuminate\\Foundation\\Http\\Middleware\\InvokeDeferredCallbacks->handle()
#45 /home/u533806958/domains/a1merchantsolutions.triviio.com/public_html/vendor/laravel/framework/src/Illuminate/Http/Middleware/ValidatePathEncoding.php(26): Illuminate\\Pipeline\\Pipeline->Illuminate\\Pipeline\\{closure}()
#46 /home/u533806958/domains/a1merchantsolutions.triviio.com/public_html/vendor/laravel/framework/src/Illuminate/Pipeline/Pipeline.php(219): Illuminate\\Http\\Middleware\\ValidatePathEncoding->handle()
#47 /home/u533806958/domains/a1merchantsolutions.triviio.com/public_html/vendor/laravel/framework/src/Illuminate/Pipeline/Pipeline.php(137): Illuminate\\Pipeline\\Pipeline->Illuminate\\Pipeline\\{closure}()
#48 /home/u533806958/domains/a1merchantsolutions.triviio.com/public_html/vendor/laravel/framework/src/Illuminate/Foundation/Http/Kernel.php(175): Illuminate\\Pipeline\\Pipeline->then()
#49 /home/u533806958/domains/a1merchantsolutions.triviio.com/public_html/vendor/laravel/framework/src/Illuminate/Foundation/Http/Kernel.php(144): Illuminate\\Foundation\\Http\\Kernel->sendRequestThroughRouter()
#50 /home/u533806958/domains/a1merchantsolutions.triviio.com/public_html/vendor/laravel/framework/src/Illuminate/Foundation/Application.php(1220): Illuminate\\Foundation\\Http\\Kernel->handle()
#51 /home/u533806958/domains/a1merchantsolutions.triviio.com/public_html/public/index.php(15): Illuminate\\Foundation\\Application->handleRequest()
#52 {main}

[previous exception] [object] (PDOException(code: 2002): SQLSTATE[HY000] [2002] Operation not permitted at /home/u533806958/domains/a1merchantsolutions.triviio.com/public_html/vendor/laravel/framework/src/Illuminate/Database/Connectors/Connector.php:66)
[stacktrace]
#0 /home/u533806958/domains/a1merchantsolutions.triviio.com/public_html/vendor/laravel/framework/src/Illuminate/Database/Connectors/Connector.php(66): PDO->__construct()
#1 /home/u533806958/domains/a1merchantsolutions.triviio.com/public_html/vendor/laravel/framework/src/Illuminate/Database/Connectors/Connector.php(44): Illuminate\\Database\\Connectors\\Connector->createPdoConnection()
#2 /home/u533806958/domains/a1merchantsolutions.triviio.com/public_html/vendor/laravel/framework/src/Illuminate/Database/Connectors/MySqlConnector.php(24): Illuminate\\Database\\Connectors\\Connector->createConnection()
#3 /home/u533806958/domains/a1merchantsolutions.triviio.com/public_html/vendor/laravel/framework/src/Illuminate/Database/Connectors/ConnectionFactory.php(186): Illuminate\\Database\\Connectors\\MySqlConnector->connect()
#4 [internal function]: Illuminate\\Database\\Connectors\\ConnectionFactory->Illuminate\\Database\\Connectors\\{closure}()
#5 /home/u533806958/domains/a1merchantsolutions.triviio.com/public_html/vendor/laravel/framework/src/Illuminate/Database/Connection.php(1257): call_user_func()
#6 /home/u533806958/domains/a1merchantsolutions.triviio.com/public_html/vendor/laravel/framework/src/Illuminate/Database/Connection.php(525): Illuminate\\Database\\Connection->getPdo()
#7 /home/u533806958/domains/a1merchantsolutions.triviio.com/public_html/vendor/laravel/framework/src/Illuminate/Database/Connection.php(420): Illuminate\\Database\\Connection->getPdoForSelect()
#8 /home/u533806958/domains/a1merchantsolutions.triviio.com/public_html/vendor/laravel/framework/src/Illuminate/Database/Connection.php(827): Illuminate\\Database\\Connection->Illuminate\\Database\\{closure}()
#9 /home/u533806958/domains/a1merchantsolutions.triviio.com/public_html/vendor/laravel/framework/src/Illuminate/Database/Connection.php(794): Illuminate\\Database\\Connection->runQueryCallback()
#10 /home/u533806958/domains/a1merchantsolutions.triviio.com/public_html/vendor/laravel/framework/src/Illuminate/Database/Connection.php(411): Illuminate\\Database\\Connection->run()
#11 /home/u533806958/domains/a1merchantsolutions.triviio.com/public_html/vendor/laravel/framework/src/Illuminate/Database/Query/Builder.php(3505): Illuminate\\Database\\Connection->select()
#12 /home/u533806958/domains/a1merchantsolutions.triviio.com/public_html/vendor/laravel/framework/src/Illuminate/Database/Query/Builder.php(3490): Illuminate\\Database\\Query\\Builder->runSelect()
#13 /home/u533806958/domains/a1merchantsolutions.triviio.com/public_html/vendor/laravel/framework/src/Illuminate/Database/Query/Builder.php(4080): Illuminate\\Database\\Query\\Builder->Illuminate\\Database\\Query\\{closure}()
#14 /home/u533806958/domains/a1merchantsolutions.triviio.com/public_html/vendor/laravel/framework/src/Illuminate/Database/Query/Builder.php(3489): Illuminate\\Database\\Query\\Builder->onceWithColumns()
#15 /home/u533806958/domains/a1merchantsolutions.triviio.com/public_html/vendor/laravel/framework/src/Illuminate/Database/Concerns/BuildsQueries.php(366): Illuminate\\Database\\Query\\Builder->get()
#16 /home/u533806958/domains/a1merchantsolutions.triviio.com/public_html/vendor/laravel/framework/src/Illuminate/Database/Query/Builder.php(3412): Illuminate\\Database\\Query\\Builder->first()
#17 /home/u533806958/domains/a1merchantsolutions.triviio.com/public_html/vendor/laravel/framework/src/Illuminate/Session/DatabaseSessionHandler.php(96): Illuminate\\Database\\Query\\Builder->find()
#18 /home/u533806958/domains/a1merchantsolutions.triviio.com/public_html/vendor/laravel/framework/src/Illuminate/Session/Store.php(128): Illuminate\\Session\\DatabaseSessionHandler->read()
#19 /home/u533806958/domains/a1merchantsolutions.triviio.com/public_html/vendor/laravel/framework/src/Illuminate/Session/Store.php(116): Illuminate\\Session\\Store->readFromHandler()
#20 /home/u533806958/domains/a1merchantsolutions.triviio.com/public_html/vendor/laravel/framework/src/Illuminate/Session/Store.php(100): Illuminate\\Session\\Store->loadSession()
#21 /home/u533806958/domains/a1merchantsolutions.triviio.com/public_html/vendor/laravel/framework/src/Illuminate/Session/Middleware/StartSession.php(146): Illuminate\\Session\\Store->start()
#22 /home/u533806958/domains/a1merchantsolutions.triviio.com/public_html/vendor/laravel/framework/src/Illuminate/Support/helpers.php(393): Illuminate\\Session\\Middleware\\StartSession->Illuminate\\Session\\Middleware\\{closure}()
#23 /home/u533806958/domains/a1merchantsolutions.triviio.com/public_html/vendor/laravel/framework/src/Illuminate/Session/Middleware/StartSession.php(143): tap()
#24 /home/u533806958/domains/a1merchantsolutions.triviio.com/public_html/vendor/laravel/framework/src/Illuminate/Session/Middleware/StartSession.php(115): Illuminate\\Session\\Middleware\\StartSession->startSession()
#25 /home/u533806958/domains/a1merchantsolutions.triviio.com/public_html/vendor/laravel/framework/src/Illuminate/Session/Middleware/StartSession.php(63): Illuminate\\Session\\Middleware\\StartSession->handleStatefulRequest()
#26 /home/u533806958/domains/a1merchantsolutions.triviio.com/public_html/vendor/laravel/framework/src/Illuminate/Pipeline/Pipeline.php(219): Illuminate\\Session\\Middleware\\StartSession->handle()
#27 /home/u533806958/domains/a1merchantsolutions.triviio.com/public_html/vendor/laravel/framework/src/Illuminate/Cookie/Middleware/AddQueuedCookiesToResponse.php(36): Illuminate\\Pipeline\\Pipeline->Illuminate\\Pipeline\\{closure}()
#28 /home/u533806958/domains/a1merchantsolutions.triviio.com/public_html/vendor/laravel/framework/src/Illuminate/Pipeline/Pipeline.php(219): Illuminate\\Cookie\\Middleware\\AddQueuedCookiesToResponse->handle()
#29 /home/u533806958/domains/a1merchantsolutions.triviio.com/public_html/vendor/laravel/framework/src/Illuminate/Cookie/Middleware/EncryptCookies.php(74): Illuminate\\Pipeline\\Pipeline->Illuminate\\Pipeline\\{closure}()
#30 /home/u533806958/domains/a1merchantsolutions.triviio.com/public_html/vendor/laravel/framework/src/Illuminate/Pipeline/Pipeline.php(219): Illuminate\\Cookie\\Middleware\\EncryptCookies->handle()
#31 /home/u533806958/domains/a1merchantsolutions.triviio.com/public_html/vendor/laravel/framework/src/Illuminate/Pipeline/Pipeline.php(137): Illuminate\\Pipeline\\Pipeline->Illuminate\\Pipeline\\{closure}()
#32 /home/u533806958/domains/a1merchantsolutions.triviio.com/public_html/vendor/laravel/framework/src/Illuminate/Routing/Router.php(821): Illuminate\\Pipeline\\Pipeline->then()
#33 /home/u533806958/domains/a1merchantsolutions.triviio.com/public_html/vendor/laravel/framework/src/Illuminate/Routing/Router.php(800): Illuminate\\Routing\\Router->runRouteWithinStack()
#34 /home/u533806958/domains/a1merchantsolutions.triviio.com/public_html/vendor/laravel/framework/src/Illuminate/Routing/Router.php(764): Illuminate\\Routing\\Router->runRoute()
#35 /home/u533806958/domains/a1merchantsolutions.triviio.com/public_html/vendor/laravel/framework/src/Illuminate/Routing/Router.php(753): Illuminate\\Routing\\Router->dispatchToRoute()
#36 /home/u533806958/domains/a1merchantsolutions.triviio.com/public_html/vendor/laravel/framework/src/Illuminate/Foundation/Http/Kernel.php(200): Illuminate\\Routing\\Router->dispatch()
#37 /home/u533806958/domains/a1merchantsolutions.triviio.com/public_html/vendor/laravel/framework/src/Illuminate/Pipeline/Pipeline.php(180): Illuminate\\Foundation\\Http\\Kernel->Illuminate\\Foundation\\Http\\{closure}()
#38 /home/u533806958/domains/a1merchantsolutions.triviio.com/public_html/vendor/laravel/framework/src/Illuminate/Foundation/Http/Middleware/TransformsRequest.php(21): Illuminate\\Pipeline\\Pipeline->Illuminate\\Pipeline\\{closure}()
#39 /home/u533806958/domains/a1merchantsolutions.triviio.com/public_html/vendor/laravel/framework/src/Illuminate/Foundation/Http/Middleware/ConvertEmptyStringsToNull.php(31): Illuminate\\Foundation\\Http\\Middleware\\TransformsRequest->handle()
#40 /home/u533806958/domains/a1merchantsolutions.triviio.com/public_html/vendor/laravel/framework/src/Illuminate/Pipeline/Pipeline.php(219): Illuminate\\Foundation\\Http\\Middleware\\ConvertEmptyStringsToNull->handle()
#41 /home/u533806958/domains/a1merchantsolutions.triviio.com/public_html/vendor/laravel/framework/src/Illuminate/Foundation/Http/Middleware/TransformsRequest.php(21): Illuminate\\Pipeline\\Pipeline->Illuminate\\Pipeline\\{closure}()
#42 /home/u533806958/domains/a1merchantsolutions.triviio.com/public_html/vendor/laravel/framework/src/Illuminate/Foundation/Http/Middleware/TrimStrings.php(51): Illuminate\\Foundation\\Http\\Middleware\\TransformsRequest->handle()
#43 /home/u533806958/domains/a1merchantsolutions.triviio.com/public_html/vendor/laravel/framework/src/Illuminate/Pipeline/Pipeline.php(219): Illuminate\\Foundation\\Http\\Middleware\\TrimStrings->handle()
#44 /home/u533806958/domains/a1merchantsolutions.triviio.com/public_html/vendor/laravel/framework/src/Illuminate/Http/Middleware/ValidatePostSize.php(27): Illuminate\\Pipeline\\Pipeline->Illuminate\\Pipeline\\{closure}()
#45 /home/u533806958/domains/a1merchantsolutions.triviio.com/public_html/vendor/laravel/framework/src/Illuminate/Pipeline/Pipeline.php(219): Illuminate\\Http\\Middleware\\ValidatePostSize->handle()
#46 /home/u533806958/domains/a1merchantsolutions.triviio.com/public_html/vendor/laravel/framework/src/Illuminate/Foundation/Http/Middleware/PreventRequestsDuringMaintenance.php(109): Illuminate\\Pipeline\\Pipeline->Illuminate\\Pipeline\\{closure}()
#47 /home/u533806958/domains/a1merchantsolutions.triviio.com/public_html/vendor/laravel/framework/src/Illuminate/Pipeline/Pipeline.php(219): Illuminate\\Foundation\\Http\\Middleware\\PreventRequestsDuringMaintenance->handle()
#48 /home/u533806958/domains/a1merchantsolutions.triviio.com/public_html/vendor/laravel/framework/src/Illuminate/Http/Middleware/HandleCors.php(61): Illuminate\\Pipeline\\Pipeline->Illuminate\\Pipeline\\{closure}()
#49 /home/u533806958/domains/a1merchantsolutions.triviio.com/public_html/vendor/laravel/framework/src/Illuminate/Pipeline/Pipeline.php(219): Illuminate\\Http\\Middleware\\HandleCors->handle()
#50 /home/u533806958/domains/a1merchantsolutions.triviio.com/public_html/vendor/laravel/framework/src/Illuminate/Http/Middleware/TrustProxies.php(58): Illuminate\\Pipeline\\Pipeline->Illuminate\\Pipeline\\{closure}()
#51 /home/u533806958/domains/a1merchantsolutions.triviio.com/public_html/vendor/laravel/framework/src/Illuminate/Pipeline/Pipeline.php(219): Illuminate\\Http\\Middleware\\TrustProxies->handle()
#52 /home/u533806958/domains/a1merchantsolutions.triviio.com/public_html/vendor/laravel/framework/src/Illuminate/Foundation/Http/Middleware/InvokeDeferredCallbacks.php(22): Illuminate\\Pipeline\\Pipeline->Illuminate\\Pipeline\\{closure}()
#53 /home/u533806958/domains/a1merchantsolutions.triviio.com/public_html/vendor/laravel/framework/src/Illuminate/Pipeline/Pipeline.php(219): Illuminate\\Foundation\\Http\\Middleware\\InvokeDeferredCallbacks->handle()
#54 /home/u533806958/domains/a1merchantsolutions.triviio.com/public_html/vendor/laravel/framework/src/Illuminate/Http/Middleware/ValidatePathEncoding.php(26): Illuminate\\Pipeline\\Pipeline->Illuminate\\Pipeline\\{closure}()
#55 /home/u533806958/domains/a1merchantsolutions.triviio.com/public_html/vendor/laravel/framework/src/Illuminate/Pipeline/Pipeline.php(219): Illuminate\\Http\\Middleware\\ValidatePathEncoding->handle()
#56 /home/u533806958/domains/a1merchantsolutions.triviio.com/public_html/vendor/laravel/framework/src/Illuminate/Pipeline/Pipeline.php(137): Illuminate\\Pipeline\\Pipeline->Illuminate\\Pipeline\\{closure}()
#57 /home/u533806958/domains/a1merchantsolutions.triviio.com/public_html/vendor/laravel/framework/src/Illuminate/Foundation/Http/Kernel.php(175): Illuminate\\Pipeline\\Pipeline->then()
#58 /home/u533806958/domains/a1merchantsolutions.triviio.com/public_html/vendor/laravel/framework/src/Illuminate/Foundation/Http/Kernel.php(144): Illuminate\\Foundation\\Http\\Kernel->sendRequestThroughRouter()
#59 /home/u533806958/domains/a1merchantsolutions.triviio.com/public_html/vendor/laravel/framework/src/Illuminate/Foundation/Application.php(1220): Illuminate\\Foundation\\Http\\Kernel->handle()
#60 /home/u533806958/domains/a1merchantsolutions.triviio.com/public_html/public/index.php(15): Illuminate\\Foundation\\Application->handleRequest()
#61 {main}
"} 
[2026-08-13 11:43:41] local.ERROR: SQLSTATE[HY000] [2002] Operation not permitted (Connection: mysql, Host: 127.0.0.1, Port: 3306, Database: u533806958_adcoupon, SQL: select * from `sessions` where `id` = QulFhHMXKY2R1hgegmEMjxV1t16Kgz8fSP4weIF8 limit 1) {"exception":"[object] (Illuminate\\Database\\QueryException(code: 2002): SQLSTATE[HY000] [2002] Operation not permitted (Connection: mysql, Host: 127.0.0.1, Port: 3306, Database: u533806958_adcoupon, SQL: select * from `sessions` where `id` = QulFhHMXKY2R1hgegmEMjxV1t16Kgz8fSP4weIF8 limit 1) at /home/u533806958/domains/a1merchantsolutions.triviio.com/public_html/vendor/laravel/framework/src/Illuminate/Database/Connection.php:838)
[stacktrace]
#0 /home/u533806958/domains/a1merchantsolutions.triviio.com/public_html/vendor/laravel/framework/src/Illuminate/Database/Connection.php(794): Illuminate\\Database\\Connection->runQueryCallback()
#1 /home/u533806958/domains/a1merchantsolutions.triviio.com/public_html/vendor/laravel/framework/src/Illuminate/Database/Connection.php(411): Illuminate\\Database\\Connection->run()
#2 /home/u533806958/domains/a1merchantsolutions.triviio.com/public_html/vendor/laravel/framework/src/Illuminate/Database/Query/Builder.php(3505): Illuminate\\Database\\Connection->select()
#3 /home/u533806958/domains/a1merchantsolutions.triviio.com/public_html/vendor/laravel/framework/src/Illuminate/Database/Query/Builder.php(3490): Illuminate\\Database\\Query\\Builder->runSelect()
#4 /home/u533806958/domains/a1merchantsolutions.triviio.com/public_html/vendor/laravel/framework/src/Illuminate/Database/Query/Builder.php(4080): Illuminate\\Database\\Query\\Builder->Illuminate\\Database\\Query\\{closure}()
#5 /home/u533806958/domains/a1merchantsolutions.triviio.com/public_html/vendor/laravel/framework/src/Illuminate/Database/Query/Builder.php(3489): Illuminate\\Database\\Query\\Builder->onceWithColumns()
#6 /home/u533806958/domains/a1merchantsolutions.triviio.com/public_html/vendor/laravel/framework/src/Illuminate/Database/Concerns/BuildsQueries.php(366): Illuminate\\Database\\Query\\Builder->get()
#7 /home/u533806958/domains/a1merchantsolutions.triviio.com/public_html/vendor/laravel/framework/src/Illuminate/Database/Query/Builder.php(3412): Illuminate\\Database\\Query\\Builder->first()
#8 /home/u533806958/domains/a1merchantsolutions.triviio.com/public_html/vendor/laravel/framework/src/Illuminate/Session/DatabaseSessionHandler.php(96): Illuminate\\Database\\Query\\Builder->find()
#9 /home/u533806958/domains/a1merchantsolutions.triviio.com/public_html/vendor/laravel/framework/src/Illuminate/Session/Store.php(128): Illuminate\\Session\\DatabaseSessionHandler->read()
#10 /home/u533806958/domains/a1merchantsolutions.triviio.com/public_html/vendor/laravel/framework/src/Illuminate/Session/Store.php(116): Illuminate\\Session\\Store->readFromHandler()
#11 /home/u533806958/domains/a1merchantsolutions.triviio.com/public_html/vendor/laravel/framework/src/Illuminate/Session/Store.php(100): Illuminate\\Session\\Store->loadSession()
#12 /home/u533806958/domains/a1merchantsolutions.triviio.com/public_html/vendor/laravel/framework/src/Illuminate/Session/Middleware/StartSession.php(146): Illuminate\\Session\\Store->start()
#13 /home/u533806958/domains/a1merchantsolutions.triviio.com/public_html/vendor/laravel/framework/src/Illuminate/Support/helpers.php(393): Illuminate\\Session\\Middleware\\StartSession->Illuminate\\Session\\Middleware\\{closure}()
#14 /home/u533806958/domains/a1merchantsolutions.triviio.com/public_html/vendor/laravel/framework/src/Illuminate/Session/Middleware/StartSession.php(143): tap()
#15 /home/u533806958/domains/a1merchantsolutions.triviio.com/public_html/vendor/laravel/framework/src/Illuminate/Session/Middleware/StartSession.php(115): Illuminate\\Session\\Middleware\\StartSession->startSession()
#16 /home/u533806958/domains/a1merchantsolutions.triviio.com/public_html/vendor/laravel/framework/src/Illuminate/Session/Middleware/StartSession.php(63): Illuminate\\Session\\Middleware\\StartSession->handleStatefulRequest()
#17 /home/u533806958/domains/a1merchantsolutions.triviio.com/public_html/vendor/laravel/framework/src/Illuminate/Pipeline/Pipeline.php(219): Illuminate\\Session\\Middleware\\StartSession->handle()
#18 /home/u533806958/domains/a1merchantsolutions.triviio.com/public_html/vendor/laravel/framework/src/Illuminate/Cookie/Middleware/AddQueuedCookiesToResponse.php(36): Illuminate\\Pipeline\\Pipeline->Illuminate\\Pipeline\\{closure}()
#19 /home/u533806958/domains/a1merchantsolutions.triviio.com/public_html/vendor/laravel/framework/src/Illuminate/Pipeline/Pipeline.php(219): Illuminate\\Cookie\\Middleware\\AddQueuedCookiesToResponse->handle()
#20 /home/u533806958/domains/a1merchantsolutions.triviio.com/public_html/vendor/laravel/framework/src/Illuminate/Cookie/Middleware/EncryptCookies.php(74): Illuminate\\Pipeline\\Pipeline->Illuminate\\Pipeline\\{closure}()
#21 /home/u533806958/domains/a1merchantsolutions.triviio.com/public_html/vendor/laravel/framework/src/Illuminate/Pipeline/Pipeline.php(219): Illuminate\\Cookie\\Middleware\\EncryptCookies->handle()
#22 /home/u533806958/domains/a1merchantsolutions.triviio.com/public_html/vendor/laravel/framework/src/Illuminate/Pipeline/Pipeline.php(137): Illuminate\\Pipeline\\Pipeline->Illuminate\\Pipeline\\{closure}()
#23 /home/u533806958/domains/a1merchantsolutions.triviio.com/public_html/vendor/laravel/framework/src/Illuminate/Routing/Router.php(821): Illuminate\\Pipeline\\Pipeline->then()
#24 /home/u533806958/domains/a1merchantsolutions.triviio.com/public_html/vendor/laravel/framework/src/Illuminate/Routing/Router.php(800): Illuminate\\Routing\\Router->runRouteWithinStack()
#25 /home/u533806958/domains/a1merchantsolutions.triviio.com/public_html/vendor/laravel/framework/src/Illuminate/Routing/Router.php(764): Illuminate\\Routing\\Router->runRoute()
#26 /home/u533806958/domains/a1merchantsolutions.triviio.com/public_html/vendor/laravel/framework/src/Illuminate/Routing/Router.php(753): Illuminate\\Routing\\Router->dispatchToRoute()
#27 /home/u533806958/domains/a1merchantsolutions.triviio.com/public_html/vendor/laravel/framework/src/Illuminate/Foundation/Http/Kernel.php(200): Illuminate\\Routing\\Router->dispatch()
#28 /home/u533806958/domains/a1merchantsolutions.triviio.com/public_html/vendor/laravel/framework/src/Illuminate/Pipeline/Pipeline.php(180): Illuminate\\Foundation\\Http\\Kernel->Illuminate\\Foundation\\Http\\{closure}()
#29 /home/u533806958/domains/a1merchantsolutions.triviio.com/public_html/vendor/laravel/framework/src/Illuminate/Foundation/Http/Middleware/TransformsRequest.php(21): Illuminate\\Pipeline\\Pipeline->Illuminate\\Pipeline\\{closure}()
#30 /home/u533806958/domains/a1merchantsolutions.triviio.com/public_html/vendor/laravel/framework/src/Illuminate/Foundation/Http/Middleware/ConvertEmptyStringsToNull.php(31): Illuminate\\Foundation\\Http\\Middleware\\TransformsRequest->handle()
#31 /home/u533806958/domains/a1merchantsolutions.triviio.com/public_html/vendor/laravel/framework/src/Illuminate/Pipeline/Pipeline.php(219): Illuminate\\Foundation\\Http\\Middleware\\ConvertEmptyStringsToNull->handle()
#32 /home/u533806958/domains/a1merchantsolutions.triviio.com/public_html/vendor/laravel/framework/src/Illuminate/Foundation/Http/Middleware/TransformsRequest.php(21): Illuminate\\Pipeline\\Pipeline->Illuminate\\Pipeline\\{closure}()
#33 /home/u533806958/domains/a1merchantsolutions.triviio.com/public_html/vendor/laravel/framework/src/Illuminate/Foundation/Http/Middleware/TrimStrings.php(51): Illuminate\\Foundation\\Http\\Middleware\\TransformsRequest->handle()
#34 /home/u533806958/domains/a1merchantsolutions.triviio.com/public_html/vendor/laravel/framework/src/Illuminate/Pipeline/Pipeline.php(219): Illuminate\\Foundation\\Http\\Middleware\\TrimStrings->handle()
#35 /home/u533806958/domains/a1merchantsolutions.triviio.com/public_html/vendor/laravel/framework/src/Illuminate/Http/Middleware/ValidatePostSize.php(27): Illuminate\\Pipeline\\Pipeline->Illuminate\\Pipeline\\{closure}()
#36 /home/u533806958/domains/a1merchantsolutions.triviio.com/public_html/vendor/laravel/framework/src/Illuminate/Pipeline/Pipeline.php(219): Illuminate\\Http\\Middleware\\ValidatePostSize->handle()
#37 /home/u533806958/domains/a1merchantsolutions.triviio.com/public_html/vendor/laravel/framework/src/Illuminate/Foundation/Http/Middleware/PreventRequestsDuringMaintenance.php(109): Illuminate\\Pipeline\\Pipeline->Illuminate\\Pipeline\\{closure}()
#38 /home/u533806958/domains/a1merchantsolutions.triviio.com/public_html/vendor/laravel/framework/src/Illuminate/Pipeline/Pipeline.php(219): Illuminate\\Foundation\\Http\\Middleware\\PreventRequestsDuringMaintenance->handle()
#39 /home/u533806958/domains/a1merchantsolutions.triviio.com/public_html/vendor/laravel/framework/src/Illuminate/Http/Middleware/HandleCors.php(61): Illuminate\\Pipeline\\Pipeline->Illuminate\\Pipeline\\{closure}()
#40 /home/u533806958/domains/a1merchantsolutions.triviio.com/public_html/vendor/laravel/framework/src/Illuminate/Pipeline/Pipeline.php(219): Illuminate\\Http\\Middleware\\HandleCors->handle()
#41 /home/u533806958/domains/a1merchantsolutions.triviio.com/public_html/vendor/laravel/framework/src/Illuminate/Http/Middleware/TrustProxies.php(58): Illuminate\\Pipeline\\Pipeline->Illuminate\\Pipeline\\{closure}()
#42 /home/u533806958/domains/a1merchantsolutions.triviio.com/public_html/vendor/laravel/framework/src/Illuminate/Pipeline/Pipeline.php(219): Illuminate\\Http\\Middleware\\TrustProxies->handle()
#43 /home/u533806958/domains/a1merchantsolutions.triviio.com/public_html/vendor/laravel/framework/src/Illuminate/Foundation/Http/Middleware/InvokeDeferredCallbacks.php(22): Illuminate\\Pipeline\\Pipeline->Illuminate\\Pipeline\\{closure}()
#44 /home/u533806958/domains/a1merchantsolutions.triviio.com/public_html/vendor/laravel/framework/src/Illuminate/Pipeline/Pipeline.php(219): Illuminate\\Foundation\\Http\\Middleware\\InvokeDeferredCallbacks->handle()
#45 /home/u533806958/domains/a1merchantsolutions.triviio.com/public_html/vendor/laravel/framework/src/Illuminate/Http/Middleware/ValidatePathEncoding.php(26): Illuminate\\Pipeline\\Pipeline->Illuminate\\Pipeline\\{closure}()
#46 /home/u533806958/domains/a1merchantsolutions.triviio.com/public_html/vendor/laravel/framework/src/Illuminate/Pipeline/Pipeline.php(219): Illuminate\\Http\\Middleware\\ValidatePathEncoding->handle()
#47 /home/u533806958/domains/a1merchantsolutions.triviio.com/public_html/vendor/laravel/framework/src/Illuminate/Pipeline/Pipeline.php(137): Illuminate\\Pipeline\\Pipeline->Illuminate\\Pipeline\\{closure}()
#48 /home/u533806958/domains/a1merchantsolutions.triviio.com/public_html/vendor/laravel/framework/src/Illuminate/Foundation/Http/Kernel.php(175): Illuminate\\Pipeline\\Pipeline->then()
#49 /home/u533806958/domains/a1merchantsolutions.triviio.com/public_html/vendor/laravel/framework/src/Illuminate/Foundation/Http/Kernel.php(144): Illuminate\\Foundation\\Http\\Kernel->sendRequestThroughRouter()
#50 /home/u533806958/domains/a1merchantsolutions.triviio.com/public_html/vendor/laravel/framework/src/Illuminate/Foundation/Application.php(1220): Illuminate\\Foundation\\Http\\Kernel->handle()
#51 /home/u533806958/domains/a1merchantsolutions.triviio.com/public_html/public/index.php(15): Illuminate\\Foundation\\Application->handleRequest()
#52 {main}

[previous exception] [object] (PDOException(code: 2002): SQLSTATE[HY000] [2002] Operation not permitted at /home/u533806958/domains/a1merchantsolutions.triviio.com/public_html/vendor/laravel/framework/src/Illuminate/Database/Connectors/Connector.php:66)
[stacktrace]
#0 /home/u533806958/domains/a1merchantsolutions.triviio.com/public_html/vendor/laravel/framework/src/Illuminate/Database/Connectors/Connector.php(66): PDO->__construct()
#1 /home/u533806958/domains/a1merchantsolutions.triviio.com/public_html/vendor/laravel/framework/src/Illuminate/Database/Connectors/Connector.php(44): Illuminate\\Database\\Connectors\\Connector->createPdoConnection()
#2 /home/u533806958/domains/a1merchantsolutions.triviio.com/public_html/vendor/laravel/framework/src/Illuminate/Database/Connectors/MySqlConnector.php(24): Illuminate\\Database\\Connectors\\Connector->createConnection()
#3 /home/u533806958/domains/a1merchantsolutions.triviio.com/public_html/vendor/laravel/framework/src/Illuminate/Database/Connectors/ConnectionFactory.php(186): Illuminate\\Database\\Connectors\\MySqlConnector->connect()
#4 [internal function]: Illuminate\\Database\\Connectors\\ConnectionFactory->Illuminate\\Database\\Connectors\\{closure}()
#5 /home/u533806958/domains/a1merchantsolutions.triviio.com/public_html/vendor/laravel/framework/src/Illuminate/Database/Connection.php(1257): call_user_func()
#6 /home/u533806958/domains/a1merchantsolutions.triviio.com/public_html/vendor/laravel/framework/src/Illuminate/Database/Connection.php(525): Illuminate\\Database\\Connection->getPdo()
#7 /home/u533806958/domains/a1merchantsolutions.triviio.com/public_html/vendor/laravel/framework/src/Illuminate/Database/Connection.php(420): Illuminate\\Database\\Connection->getPdoForSelect()
#8 /home/u533806958/domains/a1merchantsolutions.triviio.com/public_html/vendor/laravel/framework/src/Illuminate/Database/Connection.php(827): Illuminate\\Database\\Connection->Illuminate\\Database\\{closure}()
#9 /home/u533806958/domains/a1merchantsolutions.triviio.com/public_html/vendor/laravel/framework/src/Illuminate/Database/Connection.php(794): Illuminate\\Database\\Connection->runQueryCallback()
#10 /home/u533806958/domains/a1merchantsolutions.triviio.com/public_html/vendor/laravel/framework/src/Illuminate/Database/Connection.php(411): Illuminate\\Database\\Connection->run()
#11 /home/u533806958/domains/a1merchantsolutions.triviio.com/public_html/vendor/laravel/framework/src/Illuminate/Database/Query/Builder.php(3505): Illuminate\\Database\\Connection->select()
#12 /home/u533806958/domains/a1merchantsolutions.triviio.com/public_html/vendor/laravel/framework/src/Illuminate/Database/Query/Builder.php(3490): Illuminate\\Database\\Query\\Builder->runSelect()
#13 /home/u533806958/domains/a1merchantsolutions.triviio.com/public_html/vendor/laravel/framework/src/Illuminate/Database/Query/Builder.php(4080): Illuminate\\Database\\Query\\Builder->Illuminate\\Database\\Query\\{closure}()
#14 /home/u533806958/domains/a1merchantsolutions.triviio.com/public_html/vendor/laravel/framework/src/Illuminate/Database/Query/Builder.php(3489): Illuminate\\Database\\Query\\Builder->onceWithColumns()
#15 /home/u533806958/domains/a1merchantsolutions.triviio.com/public_html/vendor/laravel/framework/src/Illuminate/Database/Concerns/BuildsQueries.php(366): Illuminate\\Database\\Query\\Builder->get()
#16 /home/u533806958/domains/a1merchantsolutions.triviio.com/public_html/vendor/laravel/framework/src/Illuminate/Database/Query/Builder.php(3412): Illuminate\\Database\\Query\\Builder->first()
#17 /home/u533806958/domains/a1merchantsolutions.triviio.com/public_html/vendor/laravel/framework/src/Illuminate/Session/DatabaseSessionHandler.php(96): Illuminate\\Database\\Query\\Builder->find()
#18 /home/u533806958/domains/a1merchantsolutions.triviio.com/public_html/vendor/laravel/framework/src/Illuminate/Session/Store.php(128): Illuminate\\Session\\DatabaseSessionHandler->read()
#19 /home/u533806958/domains/a1merchantsolutions.triviio.com/public_html/vendor/laravel/framework/src/Illuminate/Session/Store.php(116): Illuminate\\Session\\Store->readFromHandler()
#20 /home/u533806958/domains/a1merchantsolutions.triviio.com/public_html/vendor/laravel/framework/src/Illuminate/Session/Store.php(100): Illuminate\\Session\\Store->loadSession()
#21 /home/u533806958/domains/a1merchantsolutions.triviio.com/public_html/vendor/laravel/framework/src/Illuminate/Session/Middleware/StartSession.php(146): Illuminate\\Session\\Store->start()
#22 /home/u533806958/domains/a1merchantsolutions.triviio.com/public_html/vendor/laravel/framework/src/Illuminate/Support/helpers.php(393): Illuminate\\Session\\Middleware\\StartSession->Illuminate\\Session\\Middleware\\{closure}()
#23 /home/u533806958/domains/a1merchantsolutions.triviio.com/public_html/vendor/laravel/framework/src/Illuminate/Session/Middleware/StartSession.php(143): tap()
#24 /home/u533806958/domains/a1merchantsolutions.triviio.com/public_html/vendor/laravel/framework/src/Illuminate/Session/Middleware/StartSession.php(115): Illuminate\\Session\\Middleware\\StartSession->startSession()
#25 /home/u533806958/domains/a1merchantsolutions.triviio.com/public_html/vendor/laravel/framework/src/Illuminate/Session/Middleware/StartSession.php(63): Illuminate\\Session\\Middleware\\StartSession->handleStatefulRequest()
#26 /home/u533806958/domains/a1merchantsolutions.triviio.com/public_html/vendor/laravel/framework/src/Illuminate/Pipeline/Pipeline.php(219): Illuminate\\Session\\Middleware\\StartSession->handle()
#27 /home/u533806958/domains/a1merchantsolutions.triviio.com/public_html/vendor/laravel/framework/src/Illuminate/Cookie/Middleware/AddQueuedCookiesToResponse.php(36): Illuminate\\Pipeline\\Pipeline->Illuminate\\Pipeline\\{closure}()
#28 /home/u533806958/domains/a1merchantsolutions.triviio.com/public_html/vendor/laravel/framework/src/Illuminate/Pipeline/Pipeline.php(219): Illuminate\\Cookie\\Middleware\\AddQueuedCookiesToResponse->handle()
#29 /home/u533806958/domains/a1merchantsolutions.triviio.com/public_html/vendor/laravel/framework/src/Illuminate/Cookie/Middleware/EncryptCookies.php(74): Illuminate\\Pipeline\\Pipeline->Illuminate\\Pipeline\\{closure}()
#30 /home/u533806958/domains/a1merchantsolutions.triviio.com/public_html/vendor/laravel/framework/src/Illuminate/Pipeline/Pipeline.php(219): Illuminate\\Cookie\\Middleware\\EncryptCookies->handle()
#31 /home/u533806958/domains/a1merchantsolutions.triviio.com/public_html/vendor/laravel/framework/src/Illuminate/Pipeline/Pipeline.php(137): Illuminate\\Pipeline\\Pipeline->Illuminate\\Pipeline\\{closure}()
#32 /home/u533806958/domains/a1merchantsolutions.triviio.com/public_html/vendor/laravel/framework/src/Illuminate/Routing/Router.php(821): Illuminate\\Pipeline\\Pipeline->then()
#33 /home/u533806958/domains/a1merchantsolutions.triviio.com/public_html/vendor/laravel/framework/src/Illuminate/Routing/Router.php(800): Illuminate\\Routing\\Router->runRouteWithinStack()
#34 /home/u533806958/domains/a1merchantsolutions.triviio.com/public_html/vendor/laravel/framework/src/Illuminate/Routing/Router.php(764): Illuminate\\Routing\\Router->runRoute()
#35 /home/u533806958/domains/a1merchantsolutions.triviio.com/public_html/vendor/laravel/framework/src/Illuminate/Routing/Router.php(753): Illuminate\\Routing\\Router->dispatchToRoute()
#36 /home/u533806958/domains/a1merchantsolutions.triviio.com/public_html/vendor/laravel/framework/src/Illuminate/Foundation/Http/Kernel.php(200): Illuminate\\Routing\\Router->dispatch()
#37 /home/u533806958/domains/a1merchantsolutions.triviio.com/public_html/vendor/laravel/framework/src/Illuminate/Pipeline/Pipeline.php(180): Illuminate\\Foundation\\Http\\Kernel->Illuminate\\Foundation\\Http\\{closure}()
#38 /home/u533806958/domains/a1merchantsolutions.triviio.com/public_html/vendor/laravel/framework/src/Illuminate/Foundation/Http/Middleware/TransformsRequest.php(21): Illuminate\\Pipeline\\Pipeline->Illuminate\\Pipeline\\{closure}()
#39 /home/u533806958/domains/a1merchantsolutions.triviio.com/public_html/vendor/laravel/framework/src/Illuminate/Foundation/Http/Middleware/ConvertEmptyStringsToNull.php(31): Illuminate\\Foundation\\Http\\Middleware\\TransformsRequest->handle()
#40 /home/u533806958/domains/a1merchantsolutions.triviio.com/public_html/vendor/laravel/framework/src/Illuminate/Pipeline/Pipeline.php(219): Illuminate\\Foundation\\Http\\Middleware\\ConvertEmptyStringsToNull->handle()
#41 /home/u533806958/domains/a1merchantsolutions.triviio.com/public_html/vendor/laravel/framework/src/Illuminate/Foundation/Http/Middleware/TransformsRequest.php(21): Illuminate\\Pipeline\\Pipeline->Illuminate\\Pipeline\\{closure}()
#42 /home/u533806958/domains/a1merchantsolutions.triviio.com/public_html/vendor/laravel/framework/src/Illuminate/Foundation/Http/Middleware/TrimStrings.php(51): Illuminate\\Foundation\\Http\\Middleware\\TransformsRequest->handle()
#43 /home/u533806958/domains/a1merchantsolutions.triviio.com/public_html/vendor/laravel/framework/src/Illuminate/Pipeline/Pipeline.php(219): Illuminate\\Foundation\\Http\\Middleware\\TrimStrings->handle()
#44 /home/u533806958/domains/a1merchantsolutions.triviio.com/public_html/vendor/laravel/framework/src/Illuminate/Http/Middleware/ValidatePostSize.php(27): Illuminate\\Pipeline\\Pipeline->Illuminate\\Pipeline\\{closure}()
#45 /home/u533806958/domains/a1merchantsolutions.triviio.com/public_html/vendor/laravel/framework/src/Illuminate/Pipeline/Pipeline.php(219): Illuminate\\Http\\Middleware\\ValidatePostSize->handle()
#46 /home/u533806958/domains/a1merchantsolutions.triviio.com/public_html/vendor/laravel/framework/src/Illuminate/Foundation/Http/Middleware/PreventRequestsDuringMaintenance.php(109): Illuminate\\Pipeline\\Pipeline->Illuminate\\Pipeline\\{closure}()
#47 /home/u533806958/domains/a1merchantsolutions.triviio.com/public_html/vendor/laravel/framework/src/Illuminate/Pipeline/Pipeline.php(219): Illuminate\\Foundation\\Http\\Middleware\\PreventRequestsDuringMaintenance->handle()
#48 /home/u533806958/domains/a1merchantsolutions.triviio.com/public_html/vendor/laravel/framework/src/Illuminate/Http/Middleware/HandleCors.php(61): Illuminate\\Pipeline\\Pipeline->Illuminate\\Pipeline\\{closure}()
#49 /home/u533806958/domains/a1merchantsolutions.triviio.com/public_html/vendor/laravel/framework/src/Illuminate/Pipeline/Pipeline.php(219): Illuminate\\Http\\Middleware\\HandleCors->handle()
#50 /home/u533806958/domains/a1merchantsolutions.triviio.com/public_html/vendor/laravel/framework/src/Illuminate/Http/Middleware/TrustProxies.php(58): Illuminate\\Pipeline\\Pipeline->Illuminate\\Pipeline\\{closure}()
#51 /home/u533806958/domains/a1merchantsolutions.triviio.com/public_html/vendor/laravel/framework/src/Illuminate/Pipeline/Pipeline.php(219): Illuminate\\Http\\Middleware\\TrustProxies->handle()
#52 /home/u533806958/domains/a1merchantsolutions.triviio.com/public_html/vendor/laravel/framework/src/Illuminate/Foundation/Http/Middleware/InvokeDeferredCallbacks.php(22): Illuminate\\Pipeline\\Pipeline->Illuminate\\Pipeline\\{closure}()
#53 /home/u533806958/domains/a1merchantsolutions.triviio.com/public_html/vendor/laravel/framework/src/Illuminate/Pipeline/Pipeline.php(219): Illuminate\\Foundation\\Http\\Middleware\\InvokeDeferredCallbacks->handle()
#54 /home/u533806958/domains/a1merchantsolutions.triviio.com/public_html/vendor/laravel/framework/src/Illuminate/Http/Middleware/ValidatePathEncoding.php(26): Illuminate\\Pipeline\\Pipeline->Illuminate\\Pipeline\\{closure}()
#55 /home/u533806958/domains/a1merchantsolutions.triviio.com/public_html/vendor/laravel/framework/src/Illuminate/Pipeline/Pipeline.php(219): Illuminate\\Http\\Middleware\\ValidatePathEncoding->handle()
#56 /home/u533806958/domains/a1merchantsolutions.triviio.com/public_html/vendor/laravel/framework/src/Illuminate/Pipeline/Pipeline.php(137): Illuminate\\Pipeline\\Pipeline->Illuminate\\Pipeline\\{closure}()
#57 /home/u533806958/domains/a1merchantsolutions.triviio.com/public_html/vendor/laravel/framework/src/Illuminate/Foundation/Http/Kernel.php(175): Illuminate\\Pipeline\\Pipeline->then()
#58 /home/u533806958/domains/a1merchantsolutions.triviio.com/public_html/vendor/laravel/framework/src/Illuminate/Foundation/Http/Kernel.php(144): Illuminate\\Foundation\\Http\\Kernel->sendRequestThroughRouter()
#59 /home/u533806958/domains/a1merchantsolutions.triviio.com/public_html/vendor/laravel/framework/src/Illuminate/Foundation/Application.php(1220): Illuminate\\Foundation\\Http\\Kernel->handle()
#60 /home/u533806958/domains/a1merchantsolutions.triviio.com/public_html/public/index.php(15): Illuminate\\Foundation\\Application->handleRequest()
#61 {main}
"} 
[2026-08-13 11:49:18] local.ERROR: SQLSTATE[HY000] [2002] Operation not permitted (Connection: mysql, Host: 127.0.0.1, Port: 3306, Database: u533806958_adcoupon, SQL: select * from `sessions` where `id` = QulFhHMXKY2R1hgegmEMjxV1t16Kgz8fSP4weIF8 limit 1) {"exception":"[object] (Illuminate\\Database\\QueryException(code: 2002): SQLSTATE[HY000] [2002] Operation not permitted (Connection: mysql, Host: 127.0.0.1, Port: 3306, Database: u533806958_adcoupon, SQL: select * from `sessions` where `id` = QulFhHMXKY2R1hgegmEMjxV1t16Kgz8fSP4weIF8 limit 1) at /home/u533806958/domains/a1merchantsolutions.triviio.com/public_html/vendor/laravel/framework/src/Illuminate/Database/Connection.php:838)
[stacktrace]
#0 /home/u533806958/domains/a1merchantsolutions.triviio.com/public_html/vendor/laravel/framework/src/Illuminate/Database/Connection.php(794): Illuminate\\Database\\Connection->runQueryCallback()
#1 /home/u533806958/domains/a1merchantsolutions.triviio.com/public_html/vendor/laravel/framework/src/Illuminate/Database/Connection.php(411): Illuminate\\Database\\Connection->run()
#2 /home/u533806958/domains/a1merchantsolutions.triviio.com/public_html/vendor/laravel/framework/src/Illuminate/Database/Query/Builder.php(3505): Illuminate\\Database\\Connection->select()
#3 /home/u533806958/domains/a1merchantsolutions.triviio.com/public_html/vendor/laravel/framework/src/Illuminate/Database/Query/Builder.php(3490): Illuminate\\Database\\Query\\Builder->runSelect()
#4 /home/u533806958/domains/a1merchantsolutions.triviio.com/public_html/vendor/laravel/framework/src/Illuminate/Database/Query/Builder.php(4080): Illuminate\\Database\\Query\\Builder->Illuminate\\Database\\Query\\{closure}()
#5 /home/u533806958/domains/a1merchantsolutions.triviio.com/public_html/vendor/laravel/framework/src/Illuminate/Database/Query/Builder.php(3489): Illuminate\\Database\\Query\\Builder->onceWithColumns()
#6 /home/u533806958/domains/a1merchantsolutions.triviio.com/public_html/vendor/laravel/framework/src/Illuminate/Database/Concerns/BuildsQueries.php(366): Illuminate\\Database\\Query\\Builder->get()
#7 /home/u533806958/domains/a1merchantsolutions.triviio.com/public_html/vendor/laravel/framework/src/Illuminate/Database/Query/Builder.php(3412): Illuminate\\Database\\Query\\Builder->first()
#8 /home/u533806958/domains/a1merchantsolutions.triviio.com/public_html/vendor/laravel/framework/src/Illuminate/Session/DatabaseSessionHandler.php(96): Illuminate\\Database\\Query\\Builder->find()
#9 /home/u533806958/domains/a1merchantsolutions.triviio.com/public_html/vendor/laravel/framework/src/Illuminate/Session/Store.php(128): Illuminate\\Session\\DatabaseSessionHandler->read()
#10 /home/u533806958/domains/a1merchantsolutions.triviio.com/public_html/vendor/laravel/framework/src/Illuminate/Session/Store.php(116): Illuminate\\Session\\Store->readFromHandler()
#11 /home/u533806958/domains/a1merchantsolutions.triviio.com/public_html/vendor/laravel/framework/src/Illuminate/Session/Store.php(100): Illuminate\\Session\\Store->loadSession()
#12 /home/u533806958/domains/a1merchantsolutions.triviio.com/public_html/vendor/laravel/framework/src/Illuminate/Session/Middleware/StartSession.php(146): Illuminate\\Session\\Store->start()
#13 /home/u533806958/domains/a1merchantsolutions.triviio.com/public_html/vendor/laravel/framework/src/Illuminate/Support/helpers.php(393): Illuminate\\Session\\Middleware\\StartSession->Illuminate\\Session\\Middleware\\{closure}()
#14 /home/u533806958/domains/a1merchantsolutions.triviio.com/public_html/vendor/laravel/framework/src/Illuminate/Session/Middleware/StartSession.php(143): tap()
#15 /home/u533806958/domains/a1merchantsolutions.triviio.com/public_html/vendor/laravel/framework/src/Illuminate/Session/Middleware/StartSession.php(115): Illuminate\\Session\\Middleware\\StartSession->startSession()
#16 /home/u533806958/domains/a1merchantsolutions.triviio.com/public_html/vendor/laravel/framework/src/Illuminate/Session/Middleware/StartSession.php(63): Illuminate\\Session\\Middleware\\StartSession->handleStatefulRequest()
#17 /home/u533806958/domains/a1merchantsolutions.triviio.com/public_html/vendor/laravel/framework/src/Illuminate/Pipeline/Pipeline.php(219): Illuminate\\Session\\Middleware\\StartSession->handle()
#18 /home/u533806958/domains/a1merchantsolutions.triviio.com/public_html/vendor/laravel/framework/src/Illuminate/Cookie/Middleware/AddQueuedCookiesToResponse.php(36): Illuminate\\Pipeline\\Pipeline->Illuminate\\Pipeline\\{closure}()
#19 /home/u533806958/domains/a1merchantsolutions.triviio.com/public_html/vendor/laravel/framework/src/Illuminate/Pipeline/Pipeline.php(219): Illuminate\\Cookie\\Middleware\\AddQueuedCookiesToResponse->handle()
#20 /home/u533806958/domains/a1merchantsolutions.triviio.com/public_html/vendor/laravel/framework/src/Illuminate/Cookie/Middleware/EncryptCookies.php(74): Illuminate\\Pipeline\\Pipeline->Illuminate\\Pipeline\\{closure}()
#21 /home/u533806958/domains/a1merchantsolutions.triviio.com/public_html/vendor/laravel/framework/src/Illuminate/Pipeline/Pipeline.php(219): Illuminate\\Cookie\\Middleware\\EncryptCookies->handle()
#22 /home/u533806958/domains/a1merchantsolutions.triviio.com/public_html/vendor/laravel/framework/src/Illuminate/Pipeline/Pipeline.php(137): Illuminate\\Pipeline\\Pipeline->Illuminate\\Pipeline\\{closure}()
#23 /home/u533806958/domains/a1merchantsolutions.triviio.com/public_html/vendor/laravel/framework/src/Illuminate/Routing/Router.php(821): Illuminate\\Pipeline\\Pipeline->then()
#24 /home/u533806958/domains/a1merchantsolutions.triviio.com/public_html/vendor/laravel/framework/src/Illuminate/Routing/Router.php(800): Illuminate\\Routing\\Router->runRouteWithinStack()
#25 /home/u533806958/domains/a1merchantsolutions.triviio.com/public_html/vendor/laravel/framework/src/Illuminate/Routing/Router.php(764): Illuminate\\Routing\\Router->runRoute()
#26 /home/u533806958/domains/a1merchantsolutions.triviio.com/public_html/vendor/laravel/framework/src/Illuminate/Routing/Router.php(753): Illuminate\\Routing\\Router->dispatchToRoute()
#27 /home/u533806958/domains/a1merchantsolutions.triviio.com/public_html/vendor/laravel/framework/src/Illuminate/Foundation/Http/Kernel.php(200): Illuminate\\Routing\\Router->dispatch()
#28 /home/u533806958/domains/a1merchantsolutions.triviio.com/public_html/vendor/laravel/framework/src/Illuminate/Pipeline/Pipeline.php(180): Illuminate\\Foundation\\Http\\Kernel->Illuminate\\Foundation\\Http\\{closure}()
#29 /home/u533806958/domains/a1merchantsolutions.triviio.com/public_html/vendor/laravel/framework/src/Illuminate/Foundation/Http/Middleware/TransformsRequest.php(21): Illuminate\\Pipeline\\Pipeline->Illuminate\\Pipeline\\{closure}()
#30 /home/u533806958/domains/a1merchantsolutions.triviio.com/public_html/vendor/laravel/framework/src/Illuminate/Foundation/Http/Middleware/ConvertEmptyStringsToNull.php(31): Illuminate\\Foundation\\Http\\Middleware\\TransformsRequest->handle()
#31 /home/u533806958/domains/a1merchantsolutions.triviio.com/public_html/vendor/laravel/framework/src/Illuminate/Pipeline/Pipeline.php(219): Illuminate\\Foundation\\Http\\Middleware\\ConvertEmptyStringsToNull->handle()
#32 /home/u533806958/domains/a1merchantsolutions.triviio.com/public_html/vendor/laravel/framework/src/Illuminate/Foundation/Http/Middleware/TransformsRequest.php(21): Illuminate\\Pipeline\\Pipeline->Illuminate\\Pipeline\\{closure}()
#33 /home/u533806958/domains/a1merchantsolutions.triviio.com/public_html/vendor/laravel/framework/src/Illuminate/Foundation/Http/Middleware/TrimStrings.php(51): Illuminate\\Foundation\\Http\\Middleware\\TransformsRequest->handle()
#34 /home/u533806958/domains/a1merchantsolutions.triviio.com/public_html/vendor/laravel/framework/src/Illuminate/Pipeline/Pipeline.php(219): Illuminate\\Foundation\\Http\\Middleware\\TrimStrings->handle()
#35 /home/u533806958/domains/a1merchantsolutions.triviio.com/public_html/vendor/laravel/framework/src/Illuminate/Http/Middleware/ValidatePostSize.php(27): Illuminate\\Pipeline\\Pipeline->Illuminate\\Pipeline\\{closure}()
#36 /home/u533806958/domains/a1merchantsolutions.triviio.com/public_html/vendor/laravel/framework/src/Illuminate/Pipeline/Pipeline.php(219): Illuminate\\Http\\Middleware\\ValidatePostSize->handle()
#37 /home/u533806958/domains/a1merchantsolutions.triviio.com/public_html/vendor/laravel/framework/src/Illuminate/Foundation/Http/Middleware/PreventRequestsDuringMaintenance.php(109): Illuminate\\Pipeline\\Pipeline->Illuminate\\Pipeline\\{closure}()
#38 /home/u533806958/domains/a1merchantsolutions.triviio.com/public_html/vendor/laravel/framework/src/Illuminate/Pipeline/Pipeline.php(219): Illuminate\\Foundation\\Http\\Middleware\\PreventRequestsDuringMaintenance->handle()
#39 /home/u533806958/domains/a1merchantsolutions.triviio.com/public_html/vendor/laravel/framework/src/Illuminate/Http/Middleware/HandleCors.php(61): Illuminate\\Pipeline\\Pipeline->Illuminate\\Pipeline\\{closure}()
#40 /home/u533806958/domains/a1merchantsolutions.triviio.com/public_html/vendor/laravel/framework/src/Illuminate/Pipeline/Pipeline.php(219): Illuminate\\Http\\Middleware\\HandleCors->handle()
#41 /home/u533806958/domains/a1merchantsolutions.triviio.com/public_html/vendor/laravel/framework/src/Illuminate/Http/Middleware/TrustProxies.php(58): Illuminate\\Pipeline\\Pipeline->Illuminate\\Pipeline\\{closure}()
#42 /home/u533806958/domains/a1merchantsolutions.triviio.com/public_html/vendor/laravel/framework/src/Illuminate/Pipeline/Pipeline.php(219): Illuminate\\Http\\Middleware\\TrustProxies->handle()
#43 /home/u533806958/domains/a1merchantsolutions.triviio.com/public_html/vendor/laravel/framework/src/Illuminate/Foundation/Http/Middleware/InvokeDeferredCallbacks.php(22): Illuminate\\Pipeline\\Pipeline->Illuminate\\Pipeline\\{closure}()
#44 /home/u533806958/domains/a1merchantsolutions.triviio.com/public_html/vendor/laravel/framework/src/Illuminate/Pipeline/Pipeline.php(219): Illuminate\\Foundation\\Http\\Middleware\\InvokeDeferredCallbacks->handle()
#45 /home/u533806958/domains/a1merchantsolutions.triviio.com/public_html/vendor/laravel/framework/src/Illuminate/Http/Middleware/ValidatePathEncoding.php(26): Illuminate\\Pipeline\\Pipeline->Illuminate\\Pipeline\\{closure}()
#46 /home/u533806958/domains/a1merchantsolutions.triviio.com/public_html/vendor/laravel/framework/src/Illuminate/Pipeline/Pipeline.php(219): Illuminate\\Http\\Middleware\\ValidatePathEncoding->handle()
#47 /home/u533806958/domains/a1merchantsolutions.triviio.com/public_html/vendor/laravel/framework/src/Illuminate/Pipeline/Pipeline.php(137): Illuminate\\Pipeline\\Pipeline->Illuminate\\Pipeline\\{closure}()
#48 /home/u533806958/domains/a1merchantsolutions.triviio.com/public_html/vendor/laravel/framework/src/Illuminate/Foundation/Http/Kernel.php(175): Illuminate\\Pipeline\\Pipeline->then()
#49 /home/u533806958/domains/a1merchantsolutions.triviio.com/public_html/vendor/laravel/framework/src/Illuminate/Foundation/Http/Kernel.php(144): Illuminate\\Foundation\\Http\\Kernel->sendRequestThroughRouter()
#50 /home/u533806958/domains/a1merchantsolutions.triviio.com/public_html/vendor/laravel/framework/src/Illuminate/Foundation/Application.php(1220): Illuminate\\Foundation\\Http\\Kernel->handle()
#51 /home/u533806958/domains/a1merchantsolutions.triviio.com/public_html/public/index.php(15): Illuminate\\Foundation\\Application->handleRequest()
#52 {main}

[previous exception] [object] (PDOException(code: 2002): SQLSTATE[HY000] [2002] Operation not permitted at /home/u533806958/domains/a1merchantsolutions.triviio.com/public_html/vendor/laravel/framework/src/Illuminate/Database/Connectors/Connector.php:66)
[stacktrace]
#0 /home/u533806958/domains/a1merchantsolutions.triviio.com/public_html/vendor/laravel/framework/src/Illuminate/Database/Connectors/Connector.php(66): PDO->__construct()
#1 /home/u533806958/domains/a1merchantsolutions.triviio.com/public_html/vendor/laravel/framework/src/Illuminate/Database/Connectors/Connector.php(44): Illuminate\\Database\\Connectors\\Connector->createPdoConnection()
#2 /home/u533806958/domains/a1merchantsolutions.triviio.com/public_html/vendor/laravel/framework/src/Illuminate/Database/Connectors/MySqlConnector.php(24): Illuminate\\Database\\Connectors\\Connector->createConnection()
#3 /home/u533806958/domains/a1merchantsolutions.triviio.com/public_html/vendor/laravel/framework/src/Illuminate/Database/Connectors/ConnectionFactory.php(186): Illuminate\\Database\\Connectors\\MySqlConnector->connect()
#4 [internal function]: Illuminate\\Database\\Connectors\\ConnectionFactory->Illuminate\\Database\\Connectors\\{closure}()
#5 /home/u533806958/domains/a1merchantsolutions.triviio.com/public_html/vendor/laravel/framework/src/Illuminate/Database/Connection.php(1257): call_user_func()
#6 /home/u533806958/domains/a1merchantsolutions.triviio.com/public_html/vendor/laravel/framework/src/Illuminate/Database/Connection.php(525): Illuminate\\Database\\Connection->getPdo()
#7 /home/u533806958/domains/a1merchantsolutions.triviio.com/public_html/vendor/laravel/framework/src/Illuminate/Database/Connection.php(420): Illuminate\\Database\\Connection->getPdoForSelect()
#8 /home/u533806958/domains/a1merchantsolutions.triviio.com/public_html/vendor/laravel/framework/src/Illuminate/Database/Connection.php(827): Illuminate\\Database\\Connection->Illuminate\\Database\\{closure}()
#9 /home/u533806958/domains/a1merchantsolutions.triviio.com/public_html/vendor/laravel/framework/src/Illuminate/Database/Connection.php(794): Illuminate\\Database\\Connection->runQueryCallback()
#10 /home/u533806958/domains/a1merchantsolutions.triviio.com/public_html/vendor/laravel/framework/src/Illuminate/Database/Connection.php(411): Illuminate\\Database\\Connection->run()
#11 /home/u533806958/domains/a1merchantsolutions.triviio.com/public_html/vendor/laravel/framework/src/Illuminate/Database/Query/Builder.php(3505): Illuminate\\Database\\Connection->select()
#12 /home/u533806958/domains/a1merchantsolutions.triviio.com/public_html/vendor/laravel/framework/src/Illuminate/Database/Query/Builder.php(3490): Illuminate\\Database\\Query\\Builder->runSelect()
#13 /home/u533806958/domains/a1merchantsolutions.triviio.com/public_html/vendor/laravel/framework/src/Illuminate/Database/Query/Builder.php(4080): Illuminate\\Database\\Query\\Builder->Illuminate\\Database\\Query\\{closure}()
#14 /home/u533806958/domains/a1merchantsolutions.triviio.com/public_html/vendor/laravel/framework/src/Illuminate/Database/Query/Builder.php(3489): Illuminate\\Database\\Query\\Builder->onceWithColumns()
#15 /home/u533806958/domains/a1merchantsolutions.triviio.com/public_html/vendor/laravel/framework/src/Illuminate/Database/Concerns/BuildsQueries.php(366): Illuminate\\Database\\Query\\Builder->get()
#16 /home/u533806958/domains/a1merchantsolutions.triviio.com/public_html/vendor/laravel/framework/src/Illuminate/Database/Query/Builder.php(3412): Illuminate\\Database\\Query\\Builder->first()
#17 /home/u533806958/domains/a1merchantsolutions.triviio.com/public_html/vendor/laravel/framework/src/Illuminate/Session/DatabaseSessionHandler.php(96): Illuminate\\Database\\Query\\Builder->find()
#18 /home/u533806958/domains/a1merchantsolutions.triviio.com/public_html/vendor/laravel/framework/src/Illuminate/Session/Store.php(128): Illuminate\\Session\\DatabaseSessionHandler->read()
#19 /home/u533806958/domains/a1merchantsolutions.triviio.com/public_html/vendor/laravel/framework/src/Illuminate/Session/Store.php(116): Illuminate\\Session\\Store->readFromHandler()
#20 /home/u533806958/domains/a1merchantsolutions.triviio.com/public_html/vendor/laravel/framework/src/Illuminate/Session/Store.php(100): Illuminate\\Session\\Store->loadSession()
#21 /home/u533806958/domains/a1merchantsolutions.triviio.com/public_html/vendor/laravel/framework/src/Illuminate/Session/Middleware/StartSession.php(146): Illuminate\\Session\\Store->start()
#22 /home/u533806958/domains/a1merchantsolutions.triviio.com/public_html/vendor/laravel/framework/src/Illuminate/Support/helpers.php(393): Illuminate\\Session\\Middleware\\StartSession->Illuminate\\Session\\Middleware\\{closure}()
#23 /home/u533806958/domains/a1merchantsolutions.triviio.com/public_html/vendor/laravel/framework/src/Illuminate/Session/Middleware/StartSession.php(143): tap()
#24 /home/u533806958/domains/a1merchantsolutions.triviio.com/public_html/vendor/laravel/framework/src/Illuminate/Session/Middleware/StartSession.php(115): Illuminate\\Session\\Middleware\\StartSession->startSession()
#25 /home/u533806958/domains/a1merchantsolutions.triviio.com/public_html/vendor/laravel/framework/src/Illuminate/Session/Middleware/StartSession.php(63): Illuminate\\Session\\Middleware\\StartSession->handleStatefulRequest()
#26 /home/u533806958/domains/a1merchantsolutions.triviio.com/public_html/vendor/laravel/framework/src/Illuminate/Pipeline/Pipeline.php(219): Illuminate\\Session\\Middleware\\StartSession->handle()
#27 /home/u533806958/domains/a1merchantsolutions.triviio.com/public_html/vendor/laravel/framework/src/Illuminate/Cookie/Middleware/AddQueuedCookiesToResponse.php(36): Illuminate\\Pipeline\\Pipeline->Illuminate\\Pipeline\\{closure}()
#28 /home/u533806958/domains/a1merchantsolutions.triviio.com/public_html/vendor/laravel/framework/src/Illuminate/Pipeline/Pipeline.php(219): Illuminate\\Cookie\\Middleware\\AddQueuedCookiesToResponse->handle()
#29 /home/u533806958/domains/a1merchantsolutions.triviio.com/public_html/vendor/laravel/framework/src/Illuminate/Cookie/Middleware/EncryptCookies.php(74): Illuminate\\Pipeline\\Pipeline->Illuminate\\Pipeline\\{closure}()
#30 /home/u533806958/domains/a1merchantsolutions.triviio.com/public_html/vendor/laravel/framework/src/Illuminate/Pipeline/Pipeline.php(219): Illuminate\\Cookie\\Middleware\\EncryptCookies->handle()
#31 /home/u533806958/domains/a1merchantsolutions.triviio.com/public_html/vendor/laravel/framework/src/Illuminate/Pipeline/Pipeline.php(137): Illuminate\\Pipeline\\Pipeline->Illuminate\\Pipeline\\{closure}()
#32 /home/u533806958/domains/a1merchantsolutions.triviio.com/public_html/vendor/laravel/framework/src/Illuminate/Routing/Router.php(821): Illuminate\\Pipeline\\Pipeline->then()
#33 /home/u533806958/domains/a1merchantsolutions.triviio.com/public_html/vendor/laravel/framework/src/Illuminate/Routing/Router.php(800): Illuminate\\Routing\\Router->runRouteWithinStack()
#34 /home/u533806958/domains/a1merchantsolutions.triviio.com/public_html/vendor/laravel/framework/src/Illuminate/Routing/Router.php(764): Illuminate\\Routing\\Router->runRoute()
#35 /home/u533806958/domains/a1merchantsolutions.triviio.com/public_html/vendor/laravel/framework/src/Illuminate/Routing/Router.php(753): Illuminate\\Routing\\Router->dispatchToRoute()
#36 /home/u533806958/domains/a1merchantsolutions.triviio.com/public_html/vendor/laravel/framework/src/Illuminate/Foundation/Http/Kernel.php(200): Illuminate\\Routing\\Router->dispatch()
#37 /home/u533806958/domains/a1merchantsolutions.triviio.com/public_html/vendor/laravel/framework/src/Illuminate/Pipeline/Pipeline.php(180): Illuminate\\Foundation\\Http\\Kernel->Illuminate\\Foundation\\Http\\{closure}()
#38 /home/u533806958/domains/a1merchantsolutions.triviio.com/public_html/vendor/laravel/framework/src/Illuminate/Foundation/Http/Middleware/TransformsRequest.php(21): Illuminate\\Pipeline\\Pipeline->Illuminate\\Pipeline\\{closure}()
#39 /home/u533806958/domains/a1merchantsolutions.triviio.com/public_html/vendor/laravel/framework/src/Illuminate/Foundation/Http/Middleware/ConvertEmptyStringsToNull.php(31): Illuminate\\Foundation\\Http\\Middleware\\TransformsRequest->handle()
#40 /home/u533806958/domains/a1merchantsolutions.triviio.com/public_html/vendor/laravel/framework/src/Illuminate/Pipeline/Pipeline.php(219): Illuminate\\Foundation\\Http\\Middleware\\ConvertEmptyStringsToNull->handle()
#41 /home/u533806958/domains/a1merchantsolutions.triviio.com/public_html/vendor/laravel/framework/src/Illuminate/Foundation/Http/Middleware/TransformsRequest.php(21): Illuminate\\Pipeline\\Pipeline->Illuminate\\Pipeline\\{closure}()
#42 /home/u533806958/domains/a1merchantsolutions.triviio.com/public_html/vendor/laravel/framework/src/Illuminate/Foundation/Http/Middleware/TrimStrings.php(51): Illuminate\\Foundation\\Http\\Middleware\\TransformsRequest->handle()
#43 /home/u533806958/domains/a1merchantsolutions.triviio.com/public_html/vendor/laravel/framework/src/Illuminate/Pipeline/Pipeline.php(219): Illuminate\\Foundation\\Http\\Middleware\\TrimStrings->handle()
#44 /home/u533806958/domains/a1merchantsolutions.triviio.com/public_html/vendor/laravel/framework/src/Illuminate/Http/Middleware/ValidatePostSize.php(27): Illuminate\\Pipeline\\Pipeline->Illuminate\\Pipeline\\{closure}()
#45 /home/u533806958/domains/a1merchantsolutions.triviio.com/public_html/vendor/laravel/framework/src/Illuminate/Pipeline/Pipeline.php(219): Illuminate\\Http\\Middleware\\ValidatePostSize->handle()
#46 /home/u533806958/domains/a1merchantsolutions.triviio.com/public_html/vendor/laravel/framework/src/Illuminate/Foundation/Http/Middleware/PreventRequestsDuringMaintenance.php(109): Illuminate\\Pipeline\\Pipeline->Illuminate\\Pipeline\\{closure}()
#47 /home/u533806958/domains/a1merchantsolutions.triviio.com/public_html/vendor/laravel/framework/src/Illuminate/Pipeline/Pipeline.php(219): Illuminate\\Foundation\\Http\\Middleware\\PreventRequestsDuringMaintenance->handle()
#48 /home/u533806958/domains/a1merchantsolutions.triviio.com/public_html/vendor/laravel/framework/src/Illuminate/Http/Middleware/HandleCors.php(61): Illuminate\\Pipeline\\Pipeline->Illuminate\\Pipeline\\{closure}()
#49 /home/u533806958/domains/a1merchantsolutions.triviio.com/public_html/vendor/laravel/framework/src/Illuminate/Pipeline/Pipeline.php(219): Illuminate\\Http\\Middleware\\HandleCors->handle()
#50 /home/u533806958/domains/a1merchantsolutions.triviio.com/public_html/vendor/laravel/framework/src/Illuminate/Http/Middleware/TrustProxies.php(58): Illuminate\\Pipeline\\Pipeline->Illuminate\\Pipeline\\{closure}()
#51 /home/u533806958/domains/a1merchantsolutions.triviio.com/public_html/vendor/laravel/framework/src/Illuminate/Pipeline/Pipeline.php(219): Illuminate\\Http\\Middleware\\TrustProxies->handle()
#52 /home/u533806958/domains/a1merchantsolutions.triviio.com/public_html/vendor/laravel/framework/src/Illuminate/Foundation/Http/Middleware/InvokeDeferredCallbacks.php(22): Illuminate\\Pipeline\\Pipeline->Illuminate\\Pipeline\\{closure}()
#53 /home/u533806958/domains/a1merchantsolutions.triviio.com/public_html/vendor/laravel/framework/src/Illuminate/Pipeline/Pipeline.php(219): Illuminate\\Foundation\\Http\\Middleware\\InvokeDeferredCallbacks->handle()
#54 /home/u533806958/domains/a1merchantsolutions.triviio.com/public_html/vendor/laravel/framework/src/Illuminate/Http/Middleware/ValidatePathEncoding.php(26): Illuminate\\Pipeline\\Pipeline->Illuminate\\Pipeline\\{closure}()
#55 /home/u533806958/domains/a1merchantsolutions.triviio.com/public_html/vendor/laravel/framework/src/Illuminate/Pipeline/Pipeline.php(219): Illuminate\\Http\\Middleware\\ValidatePathEncoding->handle()
#56 /home/u533806958/domains/a1merchantsolutions.triviio.com/public_html/vendor/laravel/framework/src/Illuminate/Pipeline/Pipeline.php(137): Illuminate\\Pipeline\\Pipeline->Illuminate\\Pipeline\\{closure}()
#57 /home/u533806958/domains/a1merchantsolutions.triviio.com/public_html/vendor/laravel/framework/src/Illuminate/Foundation/Http/Kernel.php(175): Illuminate\\Pipeline\\Pipeline->then()
#58 /home/u533806958/domains/a1merchantsolutions.triviio.com/public_html/vendor/laravel/framework/src/Illuminate/Foundation/Http/Kernel.php(144): Illuminate\\Foundation\\Http\\Kernel->sendRequestThroughRouter()
#59 /home/u533806958/domains/a1merchantsolutions.triviio.com/public_html/vendor/laravel/framework/src/Illuminate/Foundation/Application.php(1220): Illuminate\\Foundation\\Http\\Kernel->handle()
#60 /home/u533806958/domains/a1merchantsolutions.triviio.com/public_html/public/index.php(15): Illuminate\\Foundation\\Application->handleRequest()
#61 {main}
"} 
[2026-08-13 13:11:58] local.ERROR: SQLSTATE[HY000] [2002] Operation not permitted (Connection: mysql, Host: 127.0.0.1, Port: 3306, Database: u533806958_adcoupon, SQL: select * from `sessions` where `id` = QulFhHMXKY2R1hgegmEMjxV1t16Kgz8fSP4weIF8 limit 1) {"exception":"[object] (Illuminate\\Database\\QueryException(code: 2002): SQLSTATE[HY000] [2002] Operation not permitted (Connection: mysql, Host: 127.0.0.1, Port: 3306, Database: u533806958_adcoupon, SQL: select * from `sessions` where `id` = QulFhHMXKY2R1hgegmEMjxV1t16Kgz8fSP4weIF8 limit 1) at /home/u533806958/domains/a1merchantsolutions.triviio.com/public_html/vendor/laravel/framework/src/Illuminate/Database/Connection.php:838)
[stacktrace]
#0 /home/u533806958/domains/a1merchantsolutions.triviio.com/public_html/vendor/laravel/framework/src/Illuminate/Database/Connection.php(794): Illuminate\\Database\\Connection->runQueryCallback()
#1 /home/u533806958/domains/a1merchantsolutions.triviio.com/public_html/vendor/laravel/framework/src/Illuminate/Database/Connection.php(411): Illuminate\\Database\\Connection->run()
#2 /home/u533806958/domains/a1merchantsolutions.triviio.com/public_html/vendor/laravel/framework/src/Illuminate/Database/Query/Builder.php(3505): Illuminate\\Database\\Connection->select()
#3 /home/u533806958/domains/a1merchantsolutions.triviio.com/public_html/vendor/laravel/framework/src/Illuminate/Database/Query/Builder.php(3490): Illuminate\\Database\\Query\\Builder->runSelect()
#4 /home/u533806958/domains/a1merchantsolutions.triviio.com/public_html/vendor/laravel/framework/src/Illuminate/Database/Query/Builder.php(4080): Illuminate\\Database\\Query\\Builder->Illuminate\\Database\\Query\\{closure}()
#5 /home/u533806958/domains/a1merchantsolutions.triviio.com/public_html/vendor/laravel/framework/src/Illuminate/Database/Query/Builder.php(3489): Illuminate\\Database\\Query\\Builder->onceWithColumns()
#6 /home/u533806958/domains/a1merchantsolutions.triviio.com/public_html/vendor/laravel/framework/src/Illuminate/Database/Concerns/BuildsQueries.php(366): Illuminate\\Database\\Query\\Builder->get()
#7 /home/u533806958/domains/a1merchantsolutions.triviio.com/public_html/vendor/laravel/framework/src/Illuminate/Database/Query/Builder.php(3412): Illuminate\\Database\\Query\\Builder->first()
#8 /home/u533806958/domains/a1merchantsolutions.triviio.com/public_html/vendor/laravel/framework/src/Illuminate/Session/DatabaseSessionHandler.php(96): Illuminate\\Database\\Query\\Builder->find()
#9 /home/u533806958/domains/a1merchantsolutions.triviio.com/public_html/vendor/laravel/framework/src/Illuminate/Session/Store.php(128): Illuminate\\Session\\DatabaseSessionHandler->read()
#10 /home/u533806958/domains/a1merchantsolutions.triviio.com/public_html/vendor/laravel/framework/src/Illuminate/Session/Store.php(116): Illuminate\\Session\\Store->readFromHandler()
#11 /home/u533806958/domains/a1merchantsolutions.triviio.com/public_html/vendor/laravel/framework/src/Illuminate/Session/Store.php(100): Illuminate\\Session\\Store->loadSession()
#12 /home/u533806958/domains/a1merchantsolutions.triviio.com/public_html/vendor/laravel/framework/src/Illuminate/Session/Middleware/StartSession.php(146): Illuminate\\Session\\Store->start()
#13 /home/u533806958/domains/a1merchantsolutions.triviio.com/public_html/vendor/laravel/framework/src/Illuminate/Support/helpers.php(393): Illuminate\\Session\\Middleware\\StartSession->Illuminate\\Session\\Middleware\\{closure}()
#14 /home/u533806958/domains/a1merchantsolutions.triviio.com/public_html/vendor/laravel/framework/src/Illuminate/Session/Middleware/StartSession.php(143): tap()
#15 /home/u533806958/domains/a1merchantsolutions.triviio.com/public_html/vendor/laravel/framework/src/Illuminate/Session/Middleware/StartSession.php(115): Illuminate\\Session\\Middleware\\StartSession->startSession()
#16 /home/u533806958/domains/a1merchantsolutions.triviio.com/public_html/vendor/laravel/framework/src/Illuminate/Session/Middleware/StartSession.php(63): Illuminate\\Session\\Middleware\\StartSession->handleStatefulRequest()
#17 /home/u533806958/domains/a1merchantsolutions.triviio.com/public_html/vendor/laravel/framework/src/Illuminate/Pipeline/Pipeline.php(219): Illuminate\\Session\\Middleware\\StartSession->handle()
#18 /home/u533806958/domains/a1merchantsolutions.triviio.com/public_html/vendor/laravel/framework/src/Illuminate/Cookie/Middleware/AddQueuedCookiesToResponse.php(36): Illuminate\\Pipeline\\Pipeline->Illuminate\\Pipeline\\{closure}()
#19 /home/u533806958/domains/a1merchantsolutions.triviio.com/public_html/vendor/laravel/framework/src/Illuminate/Pipeline/Pipeline.php(219): Illuminate\\Cookie\\Middleware\\AddQueuedCookiesToResponse->handle()
#20 /home/u533806958/domains/a1merchantsolutions.triviio.com/public_html/vendor/laravel/framework/src/Illuminate/Cookie/Middleware/EncryptCookies.php(74): Illuminate\\Pipeline\\Pipeline->Illuminate\\Pipeline\\{closure}()
#21 /home/u533806958/domains/a1merchantsolutions.triviio.com/public_html/vendor/laravel/framework/src/Illuminate/Pipeline/Pipeline.php(219): Illuminate\\Cookie\\Middleware\\EncryptCookies->handle()
#22 /home/u533806958/domains/a1merchantsolutions.triviio.com/public_html/vendor/laravel/framework/src/Illuminate/Pipeline/Pipeline.php(137): Illuminate\\Pipeline\\Pipeline->Illuminate\\Pipeline\\{closure}()
#23 /home/u533806958/domains/a1merchantsolutions.triviio.com/public_html/vendor/laravel/framework/src/Illuminate/Routing/Router.php(821): Illuminate\\Pipeline\\Pipeline->then()
#24 /home/u533806958/domains/a1merchantsolutions.triviio.com/public_html/vendor/laravel/framework/src/Illuminate/Routing/Router.php(800): Illuminate\\Routing\\Router->runRouteWithinStack()
#25 /home/u533806958/domains/a1merchantsolutions.triviio.com/public_html/vendor/laravel/framework/src/Illuminate/Routing/Router.php(764): Illuminate\\Routing\\Router->runRoute()
#26 /home/u533806958/domains/a1merchantsolutions.triviio.com/public_html/vendor/laravel/framework/src/Illuminate/Routing/Router.php(753): Illuminate\\Routing\\Router->dispatchToRoute()
#27 /home/u533806958/domains/a1merchantsolutions.triviio.com/public_html/vendor/laravel/framework/src/Illuminate/Foundation/Http/Kernel.php(200): Illuminate\\Routing\\Router->dispatch()
#28 /home/u533806958/domains/a1merchantsolutions.triviio.com/public_html/vendor/laravel/framework/src/Illuminate/Pipeline/Pipeline.php(180): Illuminate\\Foundation\\Http\\Kernel->Illuminate\\Foundation\\Http\\{closure}()
#29 /home/u533806958/domains/a1merchantsolutions.triviio.com/public_html/vendor/laravel/framework/src/Illuminate/Foundation/Http/Middleware/TransformsRequest.php(21): Illuminate\\Pipeline\\Pipeline->Illuminate\\Pipeline\\{closure}()
#30 /home/u533806958/domains/a1merchantsolutions.triviio.com/public_html/vendor/laravel/framework/src/Illuminate/Foundation/Http/Middleware/ConvertEmptyStringsToNull.php(31): Illuminate\\Foundation\\Http\\Middleware\\TransformsRequest->handle()
#31 /home/u533806958/domains/a1merchantsolutions.triviio.com/public_html/vendor/laravel/framework/src/Illuminate/Pipeline/Pipeline.php(219): Illuminate\\Foundation\\Http\\Middleware\\ConvertEmptyStringsToNull->handle()
#32 /home/u533806958/domains/a1merchantsolutions.triviio.com/public_html/vendor/laravel/framework/src/Illuminate/Foundation/Http/Middleware/TransformsRequest.php(21): Illuminate\\Pipeline\\Pipeline->Illuminate\\Pipeline\\{closure}()
#33 /home/u533806958/domains/a1merchantsolutions.triviio.com/public_html/vendor/laravel/framework/src/Illuminate/Foundation/Http/Middleware/TrimStrings.php(51): Illuminate\\Foundation\\Http\\Middleware\\TransformsRequest->handle()
#34 /home/u533806958/domains/a1merchantsolutions.triviio.com/public_html/vendor/laravel/framework/src/Illuminate/Pipeline/Pipeline.php(219): Illuminate\\Foundation\\Http\\Middleware\\TrimStrings->handle()
#35 /home/u533806958/domains/a1merchantsolutions.triviio.com/public_html/vendor/laravel/framework/src/Illuminate/Http/Middleware/ValidatePostSize.php(27): Illuminate\\Pipeline\\Pipeline->Illuminate\\Pipeline\\{closure}()
#36 /home/u533806958/domains/a1merchantsolutions.triviio.com/public_html/vendor/laravel/framework/src/Illuminate/Pipeline/Pipeline.php(219): Illuminate\\Http\\Middleware\\ValidatePostSize->handle()
#37 /home/u533806958/domains/a1merchantsolutions.triviio.com/public_html/vendor/laravel/framework/src/Illuminate/Foundation/Http/Middleware/PreventRequestsDuringMaintenance.php(109): Illuminate\\Pipeline\\Pipeline->Illuminate\\Pipeline\\{closure}()
#38 /home/u533806958/domains/a1merchantsolutions.triviio.com/public_html/vendor/laravel/framework/src/Illuminate/Pipeline/Pipeline.php(219): Illuminate\\Foundation\\Http\\Middleware\\PreventRequestsDuringMaintenance->handle()
#39 /home/u533806958/domains/a1merchantsolutions.triviio.com/public_html/vendor/laravel/framework/src/Illuminate/Http/Middleware/HandleCors.php(61): Illuminate\\Pipeline\\Pipeline->Illuminate\\Pipeline\\{closure}()
#40 /home/u533806958/domains/a1merchantsolutions.triviio.com/public_html/vendor/laravel/framework/src/Illuminate/Pipeline/Pipeline.php(219): Illuminate\\Http\\Middleware\\HandleCors->handle()
#41 /home/u533806958/domains/a1merchantsolutions.triviio.com/public_html/vendor/laravel/framework/src/Illuminate/Http/Middleware/TrustProxies.php(58): Illuminate\\Pipeline\\Pipeline->Illuminate\\Pipeline\\{closure}()
#42 /home/u533806958/domains/a1merchantsolutions.triviio.com/public_html/vendor/laravel/framework/src/Illuminate/Pipeline/Pipeline.php(219): Illuminate\\Http\\Middleware\\TrustProxies->handle()
#43 /home/u533806958/domains/a1merchantsolutions.triviio.com/public_html/vendor/laravel/framework/src/Illuminate/Foundation/Http/Middleware/InvokeDeferredCallbacks.php(22): Illuminate\\Pipeline\\Pipeline->Illuminate\\Pipeline\\{closure}()
#44 /home/u533806958/domains/a1merchantsolutions.triviio.com/public_html/vendor/laravel/framework/src/Illuminate/Pipeline/Pipeline.php(219): Illuminate\\Foundation\\Http\\Middleware\\InvokeDeferredCallbacks->handle()
#45 /home/u533806958/domains/a1merchantsolutions.triviio.com/public_html/vendor/laravel/framework/src/Illuminate/Http/Middleware/ValidatePathEncoding.php(26): Illuminate\\Pipeline\\Pipeline->Illuminate\\Pipeline\\{closure}()
#46 /home/u533806958/domains/a1merchantsolutions.triviio.com/public_html/vendor/laravel/framework/src/Illuminate/Pipeline/Pipeline.php(219): Illuminate\\Http\\Middleware\\ValidatePathEncoding->handle()
#47 /home/u533806958/domains/a1merchantsolutions.triviio.com/public_html/vendor/laravel/framework/src/Illuminate/Pipeline/Pipeline.php(137): Illuminate\\Pipeline\\Pipeline->Illuminate\\Pipeline\\{closure}()
#48 /home/u533806958/domains/a1merchantsolutions.triviio.com/public_html/vendor/laravel/framework/src/Illuminate/Foundation/Http/Kernel.php(175): Illuminate\\Pipeline\\Pipeline->then()
#49 /home/u533806958/domains/a1merchantsolutions.triviio.com/public_html/vendor/laravel/framework/src/Illuminate/Foundation/Http/Kernel.php(144): Illuminate\\Foundation\\Http\\Kernel->sendRequestThroughRouter()
#50 /home/u533806958/domains/a1merchantsolutions.triviio.com/public_html/vendor/laravel/framework/src/Illuminate/Foundation/Application.php(1220): Illuminate\\Foundation\\Http\\Kernel->handle()
#51 /home/u533806958/domains/a1merchantsolutions.triviio.com/public_html/public/index.php(15): Illuminate\\Foundation\\Application->handleRequest()
#52 {main}

[previous exception] [object] (PDOException(code: 2002): SQLSTATE[HY000] [2002] Operation not permitted at /home/u533806958/domains/a1merchantsolutions.triviio.com/public_html/vendor/laravel/framework/src/Illuminate/Database/Connectors/Connector.php:66)
[stacktrace]
#0 /home/u533806958/domains/a1merchantsolutions.triviio.com/public_html/vendor/laravel/framework/src/Illuminate/Database/Connectors/Connector.php(66): PDO->__construct()
#1 /home/u533806958/domains/a1merchantsolutions.triviio.com/public_html/vendor/laravel/framework/src/Illuminate/Database/Connectors/Connector.php(44): Illuminate\\Database\\Connectors\\Connector->createPdoConnection()
#2 /home/u533806958/domains/a1merchantsolutions.triviio.com/public_html/vendor/laravel/framework/src/Illuminate/Database/Connectors/MySqlConnector.php(24): Illuminate\\Database\\Connectors\\Connector->createConnection()
#3 /home/u533806958/domains/a1merchantsolutions.triviio.com/public_html/vendor/laravel/framework/src/Illuminate/Database/Connectors/ConnectionFactory.php(186): Illuminate\\Database\\Connectors\\MySqlConnector->connect()
#4 [internal function]: Illuminate\\Database\\Connectors\\ConnectionFactory->Illuminate\\Database\\Connectors\\{closure}()
#5 /home/u533806958/domains/a1merchantsolutions.triviio.com/public_html/vendor/laravel/framework/src/Illuminate/Database/Connection.php(1257): call_user_func()
#6 /home/u533806958/domains/a1merchantsolutions.triviio.com/public_html/vendor/laravel/framework/src/Illuminate/Database/Connection.php(525): Illuminate\\Database\\Connection->getPdo()
#7 /home/u533806958/domains/a1merchantsolutions.triviio.com/public_html/vendor/laravel/framework/src/Illuminate/Database/Connection.php(420): Illuminate\\Database\\Connection->getPdoForSelect()
#8 /home/u533806958/domains/a1merchantsolutions.triviio.com/public_html/vendor/laravel/framework/src/Illuminate/Database/Connection.php(827): Illuminate\\Database\\Connection->Illuminate\\Database\\{closure}()
#9 /home/u533806958/domains/a1merchantsolutions.triviio.com/public_html/vendor/laravel/framework/src/Illuminate/Database/Connection.php(794): Illuminate\\Database\\Connection->runQueryCallback()
#10 /home/u533806958/domains/a1merchantsolutions.triviio.com/public_html/vendor/laravel/framework/src/Illuminate/Database/Connection.php(411): Illuminate\\Database\\Connection->run()
#11 /home/u533806958/domains/a1merchantsolutions.triviio.com/public_html/vendor/laravel/framework/src/Illuminate/Database/Query/Builder.php(3505): Illuminate\\Database\\Connection->select()
#12 /home/u533806958/domains/a1merchantsolutions.triviio.com/public_html/vendor/laravel/framework/src/Illuminate/Database/Query/Builder.php(3490): Illuminate\\Database\\Query\\Builder->runSelect()
#13 /home/u533806958/domains/a1merchantsolutions.triviio.com/public_html/vendor/laravel/framework/src/Illuminate/Database/Query/Builder.php(4080): Illuminate\\Database\\Query\\Builder->Illuminate\\Database\\Query\\{closure}()
#14 /home/u533806958/domains/a1merchantsolutions.triviio.com/public_html/vendor/laravel/framework/src/Illuminate/Database/Query/Builder.php(3489): Illuminate\\Database\\Query\\Builder->onceWithColumns()
#15 /home/u533806958/domains/a1merchantsolutions.triviio.com/public_html/vendor/laravel/framework/src/Illuminate/Database/Concerns/BuildsQueries.php(366): Illuminate\\Database\\Query\\Builder->get()
#16 /home/u533806958/domains/a1merchantsolutions.triviio.com/public_html/vendor/laravel/framework/src/Illuminate/Database/Query/Builder.php(3412): Illuminate\\Database\\Query\\Builder->first()
#17 /home/u533806958/domains/a1merchantsolutions.triviio.com/public_html/vendor/laravel/framework/src/Illuminate/Session/DatabaseSessionHandler.php(96): Illuminate\\Database\\Query\\Builder->find()
#18 /home/u533806958/domains/a1merchantsolutions.triviio.com/public_html/vendor/laravel/framework/src/Illuminate/Session/Store.php(128): Illuminate\\Session\\DatabaseSessionHandler->read()
#19 /home/u533806958/domains/a1merchantsolutions.triviio.com/public_html/vendor/laravel/framework/src/Illuminate/Session/Store.php(116): Illuminate\\Session\\Store->readFromHandler()
#20 /home/u533806958/domains/a1merchantsolutions.triviio.com/public_html/vendor/laravel/framework/src/Illuminate/Session/Store.php(100): Illuminate\\Session\\Store->loadSession()
#21 /home/u533806958/domains/a1merchantsolutions.triviio.com/public_html/vendor/laravel/framework/src/Illuminate/Session/Middleware/StartSession.php(146): Illuminate\\Session\\Store->start()
#22 /home/u533806958/domains/a1merchantsolutions.triviio.com/public_html/vendor/laravel/framework/src/Illuminate/Support/helpers.php(393): Illuminate\\Session\\Middleware\\StartSession->Illuminate\\Session\\Middleware\\{closure}()
#23 /home/u533806958/domains/a1merchantsolutions.triviio.com/public_html/vendor/laravel/framework/src/Illuminate/Session/Middleware/StartSession.php(143): tap()
#24 /home/u533806958/domains/a1merchantsolutions.triviio.com/public_html/vendor/laravel/framework/src/Illuminate/Session/Middleware/StartSession.php(115): Illuminate\\Session\\Middleware\\StartSession->startSession()
#25 /home/u533806958/domains/a1merchantsolutions.triviio.com/public_html/vendor/laravel/framework/src/Illuminate/Session/Middleware/StartSession.php(63): Illuminate\\Session\\Middleware\\StartSession->handleStatefulRequest()
#26 /home/u533806958/domains/a1merchantsolutions.triviio.com/public_html/vendor/laravel/framework/src/Illuminate/Pipeline/Pipeline.php(219): Illuminate\\Session\\Middleware\\StartSession->handle()
#27 /home/u533806958/domains/a1merchantsolutions.triviio.com/public_html/vendor/laravel/framework/src/Illuminate/Cookie/Middleware/AddQueuedCookiesToResponse.php(36): Illuminate\\Pipeline\\Pipeline->Illuminate\\Pipeline\\{closure}()
#28 /home/u533806958/domains/a1merchantsolutions.triviio.com/public_html/vendor/laravel/framework/src/Illuminate/Pipeline/Pipeline.php(219): Illuminate\\Cookie\\Middleware\\AddQueuedCookiesToResponse->handle()
#29 /home/u533806958/domains/a1merchantsolutions.triviio.com/public_html/vendor/laravel/framework/src/Illuminate/Cookie/Middleware/EncryptCookies.php(74): Illuminate\\Pipeline\\Pipeline->Illuminate\\Pipeline\\{closure}()
#30 /home/u533806958/domains/a1merchantsolutions.triviio.com/public_html/vendor/laravel/framework/src/Illuminate/Pipeline/Pipeline.php(219): Illuminate\\Cookie\\Middleware\\EncryptCookies->handle()
#31 /home/u533806958/domains/a1merchantsolutions.triviio.com/public_html/vendor/laravel/framework/src/Illuminate/Pipeline/Pipeline.php(137): Illuminate\\Pipeline\\Pipeline->Illuminate\\Pipeline\\{closure}()
#32 /home/u533806958/domains/a1merchantsolutions.triviio.com/public_html/vendor/laravel/framework/src/Illuminate/Routing/Router.php(821): Illuminate\\Pipeline\\Pipeline->then()
#33 /home/u533806958/domains/a1merchantsolutions.triviio.com/public_html/vendor/laravel/framework/src/Illuminate/Routing/Router.php(800): Illuminate\\Routing\\Router->runRouteWithinStack()
#34 /home/u533806958/domains/a1merchantsolutions.triviio.com/public_html/vendor/laravel/framework/src/Illuminate/Routing/Router.php(764): Illuminate\\Routing\\Router->runRoute()
#35 /home/u533806958/domains/a1merchantsolutions.triviio.com/public_html/vendor/laravel/framework/src/Illuminate/Routing/Router.php(753): Illuminate\\Routing\\Router->dispatchToRoute()
#36 /home/u533806958/domains/a1merchantsolutions.triviio.com/public_html/vendor/laravel/framework/src/Illuminate/Foundation/Http/Kernel.php(200): Illuminate\\Routing\\Router->dispatch()
#37 /home/u533806958/domains/a1merchantsolutions.triviio.com/public_html/vendor/laravel/framework/src/Illuminate/Pipeline/Pipeline.php(180): Illuminate\\Foundation\\Http\\Kernel->Illuminate\\Foundation\\Http\\{closure}()
#38 /home/u533806958/domains/a1merchantsolutions.triviio.com/public_html/vendor/laravel/framework/src/Illuminate/Foundation/Http/Middleware/TransformsRequest.php(21): Illuminate\\Pipeline\\Pipeline->Illuminate\\Pipeline\\{closure}()
#39 /home/u533806958/domains/a1merchantsolutions.triviio.com/public_html/vendor/laravel/framework/src/Illuminate/Foundation/Http/Middleware/ConvertEmptyStringsToNull.php(31): Illuminate\\Foundation\\Http\\Middleware\\TransformsRequest->handle()
#40 /home/u533806958/domains/a1merchantsolutions.triviio.com/public_html/vendor/laravel/framework/src/Illuminate/Pipeline/Pipeline.php(219): Illuminate\\Foundation\\Http\\Middleware\\ConvertEmptyStringsToNull->handle()
#41 /home/u533806958/domains/a1merchantsolutions.triviio.com/public_html/vendor/laravel/framework/src/Illuminate/Foundation/Http/Middleware/TransformsRequest.php(21): Illuminate\\Pipeline\\Pipeline->Illuminate\\Pipeline\\{closure}()
#42 /home/u533806958/domains/a1merchantsolutions.triviio.com/public_html/vendor/laravel/framework/src/Illuminate/Foundation/Http/Middleware/TrimStrings.php(51): Illuminate\\Foundation\\Http\\Middleware\\TransformsRequest->handle()
#43 /home/u533806958/domains/a1merchantsolutions.triviio.com/public_html/vendor/laravel/framework/src/Illuminate/Pipeline/Pipeline.php(219): Illuminate\\Foundation\\Http\\Middleware\\TrimStrings->handle()
#44 /home/u533806958/domains/a1merchantsolutions.triviio.com/public_html/vendor/laravel/framework/src/Illuminate/Http/Middleware/ValidatePostSize.php(27): Illuminate\\Pipeline\\Pipeline->Illuminate\\Pipeline\\{closure}()
#45 /home/u533806958/domains/a1merchantsolutions.triviio.com/public_html/vendor/laravel/framework/src/Illuminate/Pipeline/Pipeline.php(219): Illuminate\\Http\\Middleware\\ValidatePostSize->handle()
#46 /home/u533806958/domains/a1merchantsolutions.triviio.com/public_html/vendor/laravel/framework/src/Illuminate/Foundation/Http/Middleware/PreventRequestsDuringMaintenance.php(109): Illuminate\\Pipeline\\Pipeline->Illuminate\\Pipeline\\{closure}()
#47 /home/u533806958/domains/a1merchantsolutions.triviio.com/public_html/vendor/laravel/framework/src/Illuminate/Pipeline/Pipeline.php(219): Illuminate\\Foundation\\Http\\Middleware\\PreventRequestsDuringMaintenance->handle()
#48 /home/u533806958/domains/a1merchantsolutions.triviio.com/public_html/vendor/laravel/framework/src/Illuminate/Http/Middleware/HandleCors.php(61): Illuminate\\Pipeline\\Pipeline->Illuminate\\Pipeline\\{closure}()
#49 /home/u533806958/domains/a1merchantsolutions.triviio.com/public_html/vendor/laravel/framework/src/Illuminate/Pipeline/Pipeline.php(219): Illuminate\\Http\\Middleware\\HandleCors->handle()
#50 /home/u533806958/domains/a1merchantsolutions.triviio.com/public_html/vendor/laravel/framework/src/Illuminate/Http/Middleware/TrustProxies.php(58): Illuminate\\Pipeline\\Pipeline->Illuminate\\Pipeline\\{closure}()
#51 /home/u533806958/domains/a1merchantsolutions.triviio.com/public_html/vendor/laravel/framework/src/Illuminate/Pipeline/Pipeline.php(219): Illuminate\\Http\\Middleware\\TrustProxies->handle()
#52 /home/u533806958/domains/a1merchantsolutions.triviio.com/public_html/vendor/laravel/framework/src/Illuminate/Foundation/Http/Middleware/InvokeDeferredCallbacks.php(22): Illuminate\\Pipeline\\Pipeline->Illuminate\\Pipeline\\{closure}()
#53 /home/u533806958/domains/a1merchantsolutions.triviio.com/public_html/vendor/laravel/framework/src/Illuminate/Pipeline/Pipeline.php(219): Illuminate\\Foundation\\Http\\Middleware\\InvokeDeferredCallbacks->handle()
#54 /home/u533806958/domains/a1merchantsolutions.triviio.com/public_html/vendor/laravel/framework/src/Illuminate/Http/Middleware/ValidatePathEncoding.php(26): Illuminate\\Pipeline\\Pipeline->Illuminate\\Pipeline\\{closure}()
#55 /home/u533806958/domains/a1merchantsolutions.triviio.com/public_html/vendor/laravel/framework/src/Illuminate/Pipeline/Pipeline.php(219): Illuminate\\Http\\Middleware\\ValidatePathEncoding->handle()
#56 /home/u533806958/domains/a1merchantsolutions.triviio.com/public_html/vendor/laravel/framework/src/Illuminate/Pipeline/Pipeline.php(137): Illuminate\\Pipeline\\Pipeline->Illuminate\\Pipeline\\{closure}()
#57 /home/u533806958/domains/a1merchantsolutions.triviio.com/public_html/vendor/laravel/framework/src/Illuminate/Foundation/Http/Kernel.php(175): Illuminate\\Pipeline\\Pipeline->then()
#58 /home/u533806958/domains/a1merchantsolutions.triviio.com/public_html/vendor/laravel/framework/src/Illuminate/Foundation/Http/Kernel.php(144): Illuminate\\Foundation\\Http\\Kernel->sendRequestThroughRouter()
#59 /home/u533806958/domains/a1merchantsolutions.triviio.com/public_html/vendor/laravel/framework/src/Illuminate/Foundation/Application.php(1220): Illuminate\\Foundation\\Http\\Kernel->handle()
#60 /home/u533806958/domains/a1merchantsolutions.triviio.com/public_html/public/index.php(15): Illuminate\\Foundation\\Application->handleRequest()
#61 {main}
"} 
[2026-08-13 13:11:58] local.ERROR: SQLSTATE[HY000] [2002] Operation not permitted (Connection: mysql, Host: 127.0.0.1, Port: 3306, Database: u533806958_adcoupon, SQL: select * from `sessions` where `id` = QulFhHMXKY2R1hgegmEMjxV1t16Kgz8fSP4weIF8 limit 1) {"exception":"[object] (Illuminate\\Database\\QueryException(code: 2002): SQLSTATE[HY000] [2002] Operation not permitted (Connection: mysql, Host: 127.0.0.1, Port: 3306, Database: u533806958_adcoupon, SQL: select * from `sessions` where `id` = QulFhHMXKY2R1hgegmEMjxV1t16Kgz8fSP4weIF8 limit 1) at /home/u533806958/domains/a1merchantsolutions.triviio.com/public_html/vendor/laravel/framework/src/Illuminate/Database/Connection.php:838)
[stacktrace]
#0 /home/u533806958/domains/a1merchantsolutions.triviio.com/public_html/vendor/laravel/framework/src/Illuminate/Database/Connection.php(794): Illuminate\\Database\\Connection->runQueryCallback()
#1 /home/u533806958/domains/a1merchantsolutions.triviio.com/public_html/vendor/laravel/framework/src/Illuminate/Database/Connection.php(411): Illuminate\\Database\\Connection->run()
#2 /home/u533806958/domains/a1merchantsolutions.triviio.com/public_html/vendor/laravel/framework/src/Illuminate/Database/Query/Builder.php(3505): Illuminate\\Database\\Connection->select()
#3 /home/u533806958/domains/a1merchantsolutions.triviio.com/public_html/vendor/laravel/framework/src/Illuminate/Database/Query/Builder.php(3490): Illuminate\\Database\\Query\\Builder->runSelect()
#4 /home/u533806958/domains/a1merchantsolutions.triviio.com/public_html/vendor/laravel/framework/src/Illuminate/Database/Query/Builder.php(4080): Illuminate\\Database\\Query\\Builder->Illuminate\\Database\\Query\\{closure}()
#5 /home/u533806958/domains/a1merchantsolutions.triviio.com/public_html/vendor/laravel/framework/src/Illuminate/Database/Query/Builder.php(3489): Illuminate\\Database\\Query\\Builder->onceWithColumns()
#6 /home/u533806958/domains/a1merchantsolutions.triviio.com/public_html/vendor/laravel/framework/src/Illuminate/Database/Concerns/BuildsQueries.php(366): Illuminate\\Database\\Query\\Builder->get()
#7 /home/u533806958/domains/a1merchantsolutions.triviio.com/public_html/vendor/laravel/framework/src/Illuminate/Database/Query/Builder.php(3412): Illuminate\\Database\\Query\\Builder->first()
#8 /home/u533806958/domains/a1merchantsolutions.triviio.com/public_html/vendor/laravel/framework/src/Illuminate/Session/DatabaseSessionHandler.php(96): Illuminate\\Database\\Query\\Builder->find()
#9 /home/u533806958/domains/a1merchantsolutions.triviio.com/public_html/vendor/laravel/framework/src/Illuminate/Session/Store.php(128): Illuminate\\Session\\DatabaseSessionHandler->read()
#10 /home/u533806958/domains/a1merchantsolutions.triviio.com/public_html/vendor/laravel/framework/src/Illuminate/Session/Store.php(116): Illuminate\\Session\\Store->readFromHandler()
#11 /home/u533806958/domains/a1merchantsolutions.triviio.com/public_html/vendor/laravel/framework/src/Illuminate/Session/Store.php(100): Illuminate\\Session\\Store->loadSession()
#12 /home/u533806958/domains/a1merchantsolutions.triviio.com/public_html/vendor/laravel/framework/src/Illuminate/Session/Middleware/StartSession.php(146): Illuminate\\Session\\Store->start()
#13 /home/u533806958/domains/a1merchantsolutions.triviio.com/public_html/vendor/laravel/framework/src/Illuminate/Support/helpers.php(393): Illuminate\\Session\\Middleware\\StartSession->Illuminate\\Session\\Middleware\\{closure}()
#14 /home/u533806958/domains/a1merchantsolutions.triviio.com/public_html/vendor/laravel/framework/src/Illuminate/Session/Middleware/StartSession.php(143): tap()
#15 /home/u533806958/domains/a1merchantsolutions.triviio.com/public_html/vendor/laravel/framework/src/Illuminate/Session/Middleware/StartSession.php(115): Illuminate\\Session\\Middleware\\StartSession->startSession()
#16 /home/u533806958/domains/a1merchantsolutions.triviio.com/public_html/vendor/laravel/framework/src/Illuminate/Session/Middleware/StartSession.php(63): Illuminate\\Session\\Middleware\\StartSession->handleStatefulRequest()
#17 /home/u533806958/domains/a1merchantsolutions.triviio.com/public_html/vendor/laravel/framework/src/Illuminate/Pipeline/Pipeline.php(219): Illuminate\\Session\\Middleware\\StartSession->handle()
#18 /home/u533806958/domains/a1merchantsolutions.triviio.com/public_html/vendor/laravel/framework/src/Illuminate/Cookie/Middleware/AddQueuedCookiesToResponse.php(36): Illuminate\\Pipeline\\Pipeline->Illuminate\\Pipeline\\{closure}()
#19 /home/u533806958/domains/a1merchantsolutions.triviio.com/public_html/vendor/laravel/framework/src/Illuminate/Pipeline/Pipeline.php(219): Illuminate\\Cookie\\Middleware\\AddQueuedCookiesToResponse->handle()
#20 /home/u533806958/domains/a1merchantsolutions.triviio.com/public_html/vendor/laravel/framework/src/Illuminate/Cookie/Middleware/EncryptCookies.php(74): Illuminate\\Pipeline\\Pipeline->Illuminate\\Pipeline\\{closure}()
#21 /home/u533806958/domains/a1merchantsolutions.triviio.com/public_html/vendor/laravel/framework/src/Illuminate/Pipeline/Pipeline.php(219): Illuminate\\Cookie\\Middleware\\EncryptCookies->handle()
#22 /home/u533806958/domains/a1merchantsolutions.triviio.com/public_html/vendor/laravel/framework/src/Illuminate/Pipeline/Pipeline.php(137): Illuminate\\Pipeline\\Pipeline->Illuminate\\Pipeline\\{closure}()
#23 /home/u533806958/domains/a1merchantsolutions.triviio.com/public_html/vendor/laravel/framework/src/Illuminate/Routing/Router.php(821): Illuminate\\Pipeline\\Pipeline->then()
#24 /home/u533806958/domains/a1merchantsolutions.triviio.com/public_html/vendor/laravel/framework/src/Illuminate/Routing/Router.php(800): Illuminate\\Routing\\Router->runRouteWithinStack()
#25 /home/u533806958/domains/a1merchantsolutions.triviio.com/public_html/vendor/laravel/framework/src/Illuminate/Routing/Router.php(764): Illuminate\\Routing\\Router->runRoute()
#26 /home/u533806958/domains/a1merchantsolutions.triviio.com/public_html/vendor/laravel/framework/src/Illuminate/Routing/Router.php(753): Illuminate\\Routing\\Router->dispatchToRoute()
#27 /home/u533806958/domains/a1merchantsolutions.triviio.com/public_html/vendor/laravel/framework/src/Illuminate/Foundation/Http/Kernel.php(200): Illuminate\\Routing\\Router->dispatch()
#28 /home/u533806958/domains/a1merchantsolutions.triviio.com/public_html/vendor/laravel/framework/src/Illuminate/Pipeline/Pipeline.php(180): Illuminate\\Foundation\\Http\\Kernel->Illuminate\\Foundation\\Http\\{closure}()
#29 /home/u533806958/domains/a1merchantsolutions.triviio.com/public_html/vendor/laravel/framework/src/Illuminate/Foundation/Http/Middleware/TransformsRequest.php(21): Illuminate\\Pipeline\\Pipeline->Illuminate\\Pipeline\\{closure}()
#30 /home/u533806958/domains/a1merchantsolutions.triviio.com/public_html/vendor/laravel/framework/src/Illuminate/Foundation/Http/Middleware/ConvertEmptyStringsToNull.php(31): Illuminate\\Foundation\\Http\\Middleware\\TransformsRequest->handle()
#31 /home/u533806958/domains/a1merchantsolutions.triviio.com/public_html/vendor/laravel/framework/src/Illuminate/Pipeline/Pipeline.php(219): Illuminate\\Foundation\\Http\\Middleware\\ConvertEmptyStringsToNull->handle()
#32 /home/u533806958/domains/a1merchantsolutions.triviio.com/public_html/vendor/laravel/framework/src/Illuminate/Foundation/Http/Middleware/TransformsRequest.php(21): Illuminate\\Pipeline\\Pipeline->Illuminate\\Pipeline\\{closure}()
#33 /home/u533806958/domains/a1merchantsolutions.triviio.com/public_html/vendor/laravel/framework/src/Illuminate/Foundation/Http/Middleware/TrimStrings.php(51): Illuminate\\Foundation\\Http\\Middleware\\TransformsRequest->handle()
#34 /home/u533806958/domains/a1merchantsolutions.triviio.com/public_html/vendor/laravel/framework/src/Illuminate/Pipeline/Pipeline.php(219): Illuminate\\Foundation\\Http\\Middleware\\TrimStrings->handle()
#35 /home/u533806958/domains/a1merchantsolutions.triviio.com/public_html/vendor/laravel/framework/src/Illuminate/Http/Middleware/ValidatePostSize.php(27): Illuminate\\Pipeline\\Pipeline->Illuminate\\Pipeline\\{closure}()
#36 /home/u533806958/domains/a1merchantsolutions.triviio.com/public_html/vendor/laravel/framework/src/Illuminate/Pipeline/Pipeline.php(219): Illuminate\\Http\\Middleware\\ValidatePostSize->handle()
#37 /home/u533806958/domains/a1merchantsolutions.triviio.com/public_html/vendor/laravel/framework/src/Illuminate/Foundation/Http/Middleware/PreventRequestsDuringMaintenance.php(109): Illuminate\\Pipeline\\Pipeline->Illuminate\\Pipeline\\{closure}()
#38 /home/u533806958/domains/a1merchantsolutions.triviio.com/public_html/vendor/laravel/framework/src/Illuminate/Pipeline/Pipeline.php(219): Illuminate\\Foundation\\Http\\Middleware\\PreventRequestsDuringMaintenance->handle()
#39 /home/u533806958/domains/a1merchantsolutions.triviio.com/public_html/vendor/laravel/framework/src/Illuminate/Http/Middleware/HandleCors.php(61): Illuminate\\Pipeline\\Pipeline->Illuminate\\Pipeline\\{closure}()
#40 /home/u533806958/domains/a1merchantsolutions.triviio.com/public_html/vendor/laravel/framework/src/Illuminate/Pipeline/Pipeline.php(219): Illuminate\\Http\\Middleware\\HandleCors->handle()
#41 /home/u533806958/domains/a1merchantsolutions.triviio.com/public_html/vendor/laravel/framework/src/Illuminate/Http/Middleware/TrustProxies.php(58): Illuminate\\Pipeline\\Pipeline->Illuminate\\Pipeline\\{closure}()
#42 /home/u533806958/domains/a1merchantsolutions.triviio.com/public_html/vendor/laravel/framework/src/Illuminate/Pipeline/Pipeline.php(219): Illuminate\\Http\\Middleware\\TrustProxies->handle()
#43 /home/u533806958/domains/a1merchantsolutions.triviio.com/public_html/vendor/laravel/framework/src/Illuminate/Foundation/Http/Middleware/InvokeDeferredCallbacks.php(22): Illuminate\\Pipeline\\Pipeline->Illuminate\\Pipeline\\{closure}()
#44 /home/u533806958/domains/a1merchantsolutions.triviio.com/public_html/vendor/laravel/framework/src/Illuminate/Pipeline/Pipeline.php(219): Illuminate\\Foundation\\Http\\Middleware\\InvokeDeferredCallbacks->handle()
#45 /home/u533806958/domains/a1merchantsolutions.triviio.com/public_html/vendor/laravel/framework/src/Illuminate/Http/Middleware/ValidatePathEncoding.php(26): Illuminate\\Pipeline\\Pipeline->Illuminate\\Pipeline\\{closure}()
#46 /home/u533806958/domains/a1merchantsolutions.triviio.com/public_html/vendor/laravel/framework/src/Illuminate/Pipeline/Pipeline.php(219): Illuminate\\Http\\Middleware\\ValidatePathEncoding->handle()
#47 /home/u533806958/domains/a1merchantsolutions.triviio.com/public_html/vendor/laravel/framework/src/Illuminate/Pipeline/Pipeline.php(137): Illuminate\\Pipeline\\Pipeline->Illuminate\\Pipeline\\{closure}()
#48 /home/u533806958/domains/a1merchantsolutions.triviio.com/public_html/vendor/laravel/framework/src/Illuminate/Foundation/Http/Kernel.php(175): Illuminate\\Pipeline\\Pipeline->then()
#49 /home/u533806958/domains/a1merchantsolutions.triviio.com/public_html/vendor/laravel/framework/src/Illuminate/Foundation/Http/Kernel.php(144): Illuminate\\Foundation\\Http\\Kernel->sendRequestThroughRouter()
#50 /home/u533806958/domains/a1merchantsolutions.triviio.com/public_html/vendor/laravel/framework/src/Illuminate/Foundation/Application.php(1220): Illuminate\\Foundation\\Http\\Kernel->handle()
#51 /home/u533806958/domains/a1merchantsolutions.triviio.com/public_html/public/index.php(15): Illuminate\\Foundation\\Application->handleRequest()
#52 {main}

[previous exception] [object] (PDOException(code: 2002): SQLSTATE[HY000] [2002] Operation not permitted at /home/u533806958/domains/a1merchantsolutions.triviio.com/public_html/vendor/laravel/framework/src/Illuminate/Database/Connectors/Connector.php:66)
[stacktrace]
#0 /home/u533806958/domains/a1merchantsolutions.triviio.com/public_html/vendor/laravel/framework/src/Illuminate/Database/Connectors/Connector.php(66): PDO->__construct()
#1 /home/u533806958/domains/a1merchantsolutions.triviio.com/public_html/vendor/laravel/framework/src/Illuminate/Database/Connectors/Connector.php(44): Illuminate\\Database\\Connectors\\Connector->createPdoConnection()
#2 /home/u533806958/domains/a1merchantsolutions.triviio.com/public_html/vendor/laravel/framework/src/Illuminate/Database/Connectors/MySqlConnector.php(24): Illuminate\\Database\\Connectors\\Connector->createConnection()
#3 /home/u533806958/domains/a1merchantsolutions.triviio.com/public_html/vendor/laravel/framework/src/Illuminate/Database/Connectors/ConnectionFactory.php(186): Illuminate\\Database\\Connectors\\MySqlConnector->connect()
#4 [internal function]: Illuminate\\Database\\Connectors\\ConnectionFactory->Illuminate\\Database\\Connectors\\{closure}()
#5 /home/u533806958/domains/a1merchantsolutions.triviio.com/public_html/vendor/laravel/framework/src/Illuminate/Database/Connection.php(1257): call_user_func()
#6 /home/u533806958/domains/a1merchantsolutions.triviio.com/public_html/vendor/laravel/framework/src/Illuminate/Database/Connection.php(525): Illuminate\\Database\\Connection->getPdo()
#7 /home/u533806958/domains/a1merchantsolutions.triviio.com/public_html/vendor/laravel/framework/src/Illuminate/Database/Connection.php(420): Illuminate\\Database\\Connection->getPdoForSelect()
#8 /home/u533806958/domains/a1merchantsolutions.triviio.com/public_html/vendor/laravel/framework/src/Illuminate/Database/Connection.php(827): Illuminate\\Database\\Connection->Illuminate\\Database\\{closure}()
#9 /home/u533806958/domains/a1merchantsolutions.triviio.com/public_html/vendor/laravel/framework/src/Illuminate/Database/Connection.php(794): Illuminate\\Database\\Connection->runQueryCallback()
#10 /home/u533806958/domains/a1merchantsolutions.triviio.com/public_html/vendor/laravel/framework/src/Illuminate/Database/Connection.php(411): Illuminate\\Database\\Connection->run()
#11 /home/u533806958/domains/a1merchantsolutions.triviio.com/public_html/vendor/laravel/framework/src/Illuminate/Database/Query/Builder.php(3505): Illuminate\\Database\\Connection->select()
#12 /home/u533806958/domains/a1merchantsolutions.triviio.com/public_html/vendor/laravel/framework/src/Illuminate/Database/Query/Builder.php(3490): Illuminate\\Database\\Query\\Builder->runSelect()
#13 /home/u533806958/domains/a1merchantsolutions.triviio.com/public_html/vendor/laravel/framework/src/Illuminate/Database/Query/Builder.php(4080): Illuminate\\Database\\Query\\Builder->Illuminate\\Database\\Query\\{closure}()
#14 /home/u533806958/domains/a1merchantsolutions.triviio.com/public_html/vendor/laravel/framework/src/Illuminate/Database/Query/Builder.php(3489): Illuminate\\Database\\Query\\Builder->onceWithColumns()
#15 /home/u533806958/domains/a1merchantsolutions.triviio.com/public_html/vendor/laravel/framework/src/Illuminate/Database/Concerns/BuildsQueries.php(366): Illuminate\\Database\\Query\\Builder->get()
#16 /home/u533806958/domains/a1merchantsolutions.triviio.com/public_html/vendor/laravel/framework/src/Illuminate/Database/Query/Builder.php(3412): Illuminate\\Database\\Query\\Builder->first()
#17 /home/u533806958/domains/a1merchantsolutions.triviio.com/public_html/vendor/laravel/framework/src/Illuminate/Session/DatabaseSessionHandler.php(96): Illuminate\\Database\\Query\\Builder->find()
#18 /home/u533806958/domains/a1merchantsolutions.triviio.com/public_html/vendor/laravel/framework/src/Illuminate/Session/Store.php(128): Illuminate\\Session\\DatabaseSessionHandler->read()
#19 /home/u533806958/domains/a1merchantsolutions.triviio.com/public_html/vendor/laravel/framework/src/Illuminate/Session/Store.php(116): Illuminate\\Session\\Store->readFromHandler()
#20 /home/u533806958/domains/a1merchantsolutions.triviio.com/public_html/vendor/laravel/framework/src/Illuminate/Session/Store.php(100): Illuminate\\Session\\Store->loadSession()
#21 /home/u533806958/domains/a1merchantsolutions.triviio.com/public_html/vendor/laravel/framework/src/Illuminate/Session/Middleware/StartSession.php(146): Illuminate\\Session\\Store->start()
#22 /home/u533806958/domains/a1merchantsolutions.triviio.com/public_html/vendor/laravel/framework/src/Illuminate/Support/helpers.php(393): Illuminate\\Session\\Middleware\\StartSession->Illuminate\\Session\\Middleware\\{closure}()
#23 /home/u533806958/domains/a1merchantsolutions.triviio.com/public_html/vendor/laravel/framework/src/Illuminate/Session/Middleware/StartSession.php(143): tap()
#24 /home/u533806958/domains/a1merchantsolutions.triviio.com/public_html/vendor/laravel/framework/src/Illuminate/Session/Middleware/StartSession.php(115): Illuminate\\Session\\Middleware\\StartSession->startSession()
#25 /home/u533806958/domains/a1merchantsolutions.triviio.com/public_html/vendor/laravel/framework/src/Illuminate/Session/Middleware/StartSession.php(63): Illuminate\\Session\\Middleware\\StartSession->handleStatefulRequest()
#26 /home/u533806958/domains/a1merchantsolutions.triviio.com/public_html/vendor/laravel/framework/src/Illuminate/Pipeline/Pipeline.php(219): Illuminate\\Session\\Middleware\\StartSession->handle()
#27 /home/u533806958/domains/a1merchantsolutions.triviio.com/public_html/vendor/laravel/framework/src/Illuminate/Cookie/Middleware/AddQueuedCookiesToResponse.php(36): Illuminate\\Pipeline\\Pipeline->Illuminate\\Pipeline\\{closure}()
#28 /home/u533806958/domains/a1merchantsolutions.triviio.com/public_html/vendor/laravel/framework/src/Illuminate/Pipeline/Pipeline.php(219): Illuminate\\Cookie\\Middleware\\AddQueuedCookiesToResponse->handle()
#29 /home/u533806958/domains/a1merchantsolutions.triviio.com/public_html/vendor/laravel/framework/src/Illuminate/Cookie/Middleware/EncryptCookies.php(74): Illuminate\\Pipeline\\Pipeline->Illuminate\\Pipeline\\{closure}()
#30 /home/u533806958/domains/a1merchantsolutions.triviio.com/public_html/vendor/laravel/framework/src/Illuminate/Pipeline/Pipeline.php(219): Illuminate\\Cookie\\Middleware\\EncryptCookies->handle()
#31 /home/u533806958/domains/a1merchantsolutions.triviio.com/public_html/vendor/laravel/framework/src/Illuminate/Pipeline/Pipeline.php(137): Illuminate\\Pipeline\\Pipeline->Illuminate\\Pipeline\\{closure}()
#32 /home/u533806958/domains/a1merchantsolutions.triviio.com/public_html/vendor/laravel/framework/src/Illuminate/Routing/Router.php(821): Illuminate\\Pipeline\\Pipeline->then()
#33 /home/u533806958/domains/a1merchantsolutions.triviio.com/public_html/vendor/laravel/framework/src/Illuminate/Routing/Router.php(800): Illuminate\\Routing\\Router->runRouteWithinStack()
#34 /home/u533806958/domains/a1merchantsolutions.triviio.com/public_html/vendor/laravel/framework/src/Illuminate/Routing/Router.php(764): Illuminate\\Routing\\Router->runRoute()
#35 /home/u533806958/domains/a1merchantsolutions.triviio.com/public_html/vendor/laravel/framework/src/Illuminate/Routing/Router.php(753): Illuminate\\Routing\\Router->dispatchToRoute()
#36 /home/u533806958/domains/a1merchantsolutions.triviio.com/public_html/vendor/laravel/framework/src/Illuminate/Foundation/Http/Kernel.php(200): Illuminate\\Routing\\Router->dispatch()
#37 /home/u533806958/domains/a1merchantsolutions.triviio.com/public_html/vendor/laravel/framework/src/Illuminate/Pipeline/Pipeline.php(180): Illuminate\\Foundation\\Http\\Kernel->Illuminate\\Foundation\\Http\\{closure}()
#38 /home/u533806958/domains/a1merchantsolutions.triviio.com/public_html/vendor/laravel/framework/src/Illuminate/Foundation/Http/Middleware/TransformsRequest.php(21): Illuminate\\Pipeline\\Pipeline->Illuminate\\Pipeline\\{closure}()
#39 /home/u533806958/domains/a1merchantsolutions.triviio.com/public_html/vendor/laravel/framework/src/Illuminate/Foundation/Http/Middleware/ConvertEmptyStringsToNull.php(31): Illuminate\\Foundation\\Http\\Middleware\\TransformsRequest->handle()
#40 /home/u533806958/domains/a1merchantsolutions.triviio.com/public_html/vendor/laravel/framework/src/Illuminate/Pipeline/Pipeline.php(219): Illuminate\\Foundation\\Http\\Middleware\\ConvertEmptyStringsToNull->handle()
#41 /home/u533806958/domains/a1merchantsolutions.triviio.com/public_html/vendor/laravel/framework/src/Illuminate/Foundation/Http/Middleware/TransformsRequest.php(21): Illuminate\\Pipeline\\Pipeline->Illuminate\\Pipeline\\{closure}()
#42 /home/u533806958/domains/a1merchantsolutions.triviio.com/public_html/vendor/laravel/framework/src/Illuminate/Foundation/Http/Middleware/TrimStrings.php(51): Illuminate\\Foundation\\Http\\Middleware\\TransformsRequest->handle()
#43 /home/u533806958/domains/a1merchantsolutions.triviio.com/public_html/vendor/laravel/framework/src/Illuminate/Pipeline/Pipeline.php(219): Illuminate\\Foundation\\Http\\Middleware\\TrimStrings->handle()
#44 /home/u533806958/domains/a1merchantsolutions.triviio.com/public_html/vendor/laravel/framework/src/Illuminate/Http/Middleware/ValidatePostSize.php(27): Illuminate\\Pipeline\\Pipeline->Illuminate\\Pipeline\\{closure}()
#45 /home/u533806958/domains/a1merchantsolutions.triviio.com/public_html/vendor/laravel/framework/src/Illuminate/Pipeline/Pipeline.php(219): Illuminate\\Http\\Middleware\\ValidatePostSize->handle()
#46 /home/u533806958/domains/a1merchantsolutions.triviio.com/public_html/vendor/laravel/framework/src/Illuminate/Foundation/Http/Middleware/PreventRequestsDuringMaintenance.php(109): Illuminate\\Pipeline\\Pipeline->Illuminate\\Pipeline\\{closure}()
#47 /home/u533806958/domains/a1merchantsolutions.triviio.com/public_html/vendor/laravel/framework/src/Illuminate/Pipeline/Pipeline.php(219): Illuminate\\Foundation\\Http\\Middleware\\PreventRequestsDuringMaintenance->handle()
#48 /home/u533806958/domains/a1merchantsolutions.triviio.com/public_html/vendor/laravel/framework/src/Illuminate/Http/Middleware/HandleCors.php(61): Illuminate\\Pipeline\\Pipeline->Illuminate\\Pipeline\\{closure}()
#49 /home/u533806958/domains/a1merchantsolutions.triviio.com/public_html/vendor/laravel/framework/src/Illuminate/Pipeline/Pipeline.php(219): Illuminate\\Http\\Middleware\\HandleCors->handle()
#50 /home/u533806958/domains/a1merchantsolutions.triviio.com/public_html/vendor/laravel/framework/src/Illuminate/Http/Middleware/TrustProxies.php(58): Illuminate\\Pipeline\\Pipeline->Illuminate\\Pipeline\\{closure}()
#51 /home/u533806958/domains/a1merchantsolutions.triviio.com/public_html/vendor/laravel/framework/src/Illuminate/Pipeline/Pipeline.php(219): Illuminate\\Http\\Middleware\\TrustProxies->handle()
#52 /home/u533806958/domains/a1merchantsolutions.triviio.com/public_html/vendor/laravel/framework/src/Illuminate/Foundation/Http/Middleware/InvokeDeferredCallbacks.php(22): Illuminate\\Pipeline\\Pipeline->Illuminate\\Pipeline\\{closure}()
#53 /home/u533806958/domains/a1merchantsolutions.triviio.com/public_html/vendor/laravel/framework/src/Illuminate/Pipeline/Pipeline.php(219): Illuminate\\Foundation\\Http\\Middleware\\InvokeDeferredCallbacks->handle()
#54 /home/u533806958/domains/a1merchantsolutions.triviio.com/public_html/vendor/laravel/framework/src/Illuminate/Http/Middleware/ValidatePathEncoding.php(26): Illuminate\\Pipeline\\Pipeline->Illuminate\\Pipeline\\{closure}()
#55 /home/u533806958/domains/a1merchantsolutions.triviio.com/public_html/vendor/laravel/framework/src/Illuminate/Pipeline/Pipeline.php(219): Illuminate\\Http\\Middleware\\ValidatePathEncoding->handle()
#56 /home/u533806958/domains/a1merchantsolutions.triviio.com/public_html/vendor/laravel/framework/src/Illuminate/Pipeline/Pipeline.php(137): Illuminate\\Pipeline\\Pipeline->Illuminate\\Pipeline\\{closure}()
#57 /home/u533806958/domains/a1merchantsolutions.triviio.com/public_html/vendor/laravel/framework/src/Illuminate/Foundation/Http/Kernel.php(175): Illuminate\\Pipeline\\Pipeline->then()
#58 /home/u533806958/domains/a1merchantsolutions.triviio.com/public_html/vendor/laravel/framework/src/Illuminate/Foundation/Http/Kernel.php(144): Illuminate\\Foundation\\Http\\Kernel->sendRequestThroughRouter()
#59 /home/u533806958/domains/a1merchantsolutions.triviio.com/public_html/vendor/laravel/framework/src/Illuminate/Foundation/Application.php(1220): Illuminate\\Foundation\\Http\\Kernel->handle()
#60 /home/u533806958/domains/a1merchantsolutions.triviio.com/public_html/public/index.php(15): Illuminate\\Foundation\\Application->handleRequest()
#61 {main}
"} 
[2026-08-13 13:11:58] local.ERROR: SQLSTATE[HY000] [2002] Operation not permitted (Connection: mysql, Host: 127.0.0.1, Port: 3306, Database: u533806958_adcoupon, SQL: select * from `sessions` where `id` = QulFhHMXKY2R1hgegmEMjxV1t16Kgz8fSP4weIF8 limit 1) {"exception":"[object] (Illuminate\\Database\\QueryException(code: 2002): SQLSTATE[HY000] [2002] Operation not permitted (Connection: mysql, Host: 127.0.0.1, Port: 3306, Database: u533806958_adcoupon, SQL: select * from `sessions` where `id` = QulFhHMXKY2R1hgegmEMjxV1t16Kgz8fSP4weIF8 limit 1) at /home/u533806958/domains/a1merchantsolutions.triviio.com/public_html/vendor/laravel/framework/src/Illuminate/Database/Connection.php:838)
[stacktrace]
#0 /home/u533806958/domains/a1merchantsolutions.triviio.com/public_html/vendor/laravel/framework/src/Illuminate/Database/Connection.php(794): Illuminate\\Database\\Connection->runQueryCallback()
#1 /home/u533806958/domains/a1merchantsolutions.triviio.com/public_html/vendor/laravel/framework/src/Illuminate/Database/Connection.php(411): Illuminate\\Database\\Connection->run()
#2 /home/u533806958/domains/a1merchantsolutions.triviio.com/public_html/vendor/laravel/framework/src/Illuminate/Database/Query/Builder.php(3505): Illuminate\\Database\\Connection->select()
#3 /home/u533806958/domains/a1merchantsolutions.triviio.com/public_html/vendor/laravel/framework/src/Illuminate/Database/Query/Builder.php(3490): Illuminate\\Database\\Query\\Builder->runSelect()
#4 /home/u533806958/domains/a1merchantsolutions.triviio.com/public_html/vendor/laravel/framework/src/Illuminate/Database/Query/Builder.php(4080): Illuminate\\Database\\Query\\Builder->Illuminate\\Database\\Query\\{closure}()
#5 /home/u533806958/domains/a1merchantsolutions.triviio.com/public_html/vendor/laravel/framework/src/Illuminate/Database/Query/Builder.php(3489): Illuminate\\Database\\Query\\Builder->onceWithColumns()
#6 /home/u533806958/domains/a1merchantsolutions.triviio.com/public_html/vendor/laravel/framework/src/Illuminate/Database/Concerns/BuildsQueries.php(366): Illuminate\\Database\\Query\\Builder->get()
#7 /home/u533806958/domains/a1merchantsolutions.triviio.com/public_html/vendor/laravel/framework/src/Illuminate/Database/Query/Builder.php(3412): Illuminate\\Database\\Query\\Builder->first()
#8 /home/u533806958/domains/a1merchantsolutions.triviio.com/public_html/vendor/laravel/framework/src/Illuminate/Session/DatabaseSessionHandler.php(96): Illuminate\\Database\\Query\\Builder->find()
#9 /home/u533806958/domains/a1merchantsolutions.triviio.com/public_html/vendor/laravel/framework/src/Illuminate/Session/Store.php(128): Illuminate\\Session\\DatabaseSessionHandler->read()
#10 /home/u533806958/domains/a1merchantsolutions.triviio.com/public_html/vendor/laravel/framework/src/Illuminate/Session/Store.php(116): Illuminate\\Session\\Store->readFromHandler()
#11 /home/u533806958/domains/a1merchantsolutions.triviio.com/public_html/vendor/laravel/framework/src/Illuminate/Session/Store.php(100): Illuminate\\Session\\Store->loadSession()
#12 /home/u533806958/domains/a1merchantsolutions.triviio.com/public_html/vendor/laravel/framework/src/Illuminate/Session/Middleware/StartSession.php(146): Illuminate\\Session\\Store->start()
#13 /home/u533806958/domains/a1merchantsolutions.triviio.com/public_html/vendor/laravel/framework/src/Illuminate/Support/helpers.php(393): Illuminate\\Session\\Middleware\\StartSession->Illuminate\\Session\\Middleware\\{closure}()
#14 /home/u533806958/domains/a1merchantsolutions.triviio.com/public_html/vendor/laravel/framework/src/Illuminate/Session/Middleware/StartSession.php(143): tap()
#15 /home/u533806958/domains/a1merchantsolutions.triviio.com/public_html/vendor/laravel/framework/src/Illuminate/Session/Middleware/StartSession.php(115): Illuminate\\Session\\Middleware\\StartSession->startSession()
#16 /home/u533806958/domains/a1merchantsolutions.triviio.com/public_html/vendor/laravel/framework/src/Illuminate/Session/Middleware/StartSession.php(63): Illuminate\\Session\\Middleware\\StartSession->handleStatefulRequest()
#17 /home/u533806958/domains/a1merchantsolutions.triviio.com/public_html/vendor/laravel/framework/src/Illuminate/Pipeline/Pipeline.php(219): Illuminate\\Session\\Middleware\\StartSession->handle()
#18 /home/u533806958/domains/a1merchantsolutions.triviio.com/public_html/vendor/laravel/framework/src/Illuminate/Cookie/Middleware/AddQueuedCookiesToResponse.php(36): Illuminate\\Pipeline\\Pipeline->Illuminate\\Pipeline\\{closure}()
#19 /home/u533806958/domains/a1merchantsolutions.triviio.com/public_html/vendor/laravel/framework/src/Illuminate/Pipeline/Pipeline.php(219): Illuminate\\Cookie\\Middleware\\AddQueuedCookiesToResponse->handle()
#20 /home/u533806958/domains/a1merchantsolutions.triviio.com/public_html/vendor/laravel/framework/src/Illuminate/Cookie/Middleware/EncryptCookies.php(74): Illuminate\\Pipeline\\Pipeline->Illuminate\\Pipeline\\{closure}()
#21 /home/u533806958/domains/a1merchantsolutions.triviio.com/public_html/vendor/laravel/framework/src/Illuminate/Pipeline/Pipeline.php(219): Illuminate\\Cookie\\Middleware\\EncryptCookies->handle()
#22 /home/u533806958/domains/a1merchantsolutions.triviio.com/public_html/vendor/laravel/framework/src/Illuminate/Pipeline/Pipeline.php(137): Illuminate\\Pipeline\\Pipeline->Illuminate\\Pipeline\\{closure}()
#23 /home/u533806958/domains/a1merchantsolutions.triviio.com/public_html/vendor/laravel/framework/src/Illuminate/Routing/Router.php(821): Illuminate\\Pipeline\\Pipeline->then()
#24 /home/u533806958/domains/a1merchantsolutions.triviio.com/public_html/vendor/laravel/framework/src/Illuminate/Routing/Router.php(800): Illuminate\\Routing\\Router->runRouteWithinStack()
#25 /home/u533806958/domains/a1merchantsolutions.triviio.com/public_html/vendor/laravel/framework/src/Illuminate/Routing/Router.php(764): Illuminate\\Routing\\Router->runRoute()
#26 /home/u533806958/domains/a1merchantsolutions.triviio.com/public_html/vendor/laravel/framework/src/Illuminate/Routing/Router.php(753): Illuminate\\Routing\\Router->dispatchToRoute()
#27 /home/u533806958/domains/a1merchantsolutions.triviio.com/public_html/vendor/laravel/framework/src/Illuminate/Foundation/Http/Kernel.php(200): Illuminate\\Routing\\Router->dispatch()
#28 /home/u533806958/domains/a1merchantsolutions.triviio.com/public_html/vendor/laravel/framework/src/Illuminate/Pipeline/Pipeline.php(180): Illuminate\\Foundation\\Http\\Kernel->Illuminate\\Foundation\\Http\\{closure}()
#29 /home/u533806958/domains/a1merchantsolutions.triviio.com/public_html/vendor/laravel/framework/src/Illuminate/Foundation/Http/Middleware/TransformsRequest.php(21): Illuminate\\Pipeline\\Pipeline->Illuminate\\Pipeline\\{closure}()
#30 /home/u533806958/domains/a1merchantsolutions.triviio.com/public_html/vendor/laravel/framework/src/Illuminate/Foundation/Http/Middleware/ConvertEmptyStringsToNull.php(31): Illuminate\\Foundation\\Http\\Middleware\\TransformsRequest->handle()
#31 /home/u533806958/domains/a1merchantsolutions.triviio.com/public_html/vendor/laravel/framework/src/Illuminate/Pipeline/Pipeline.php(219): Illuminate\\Foundation\\Http\\Middleware\\ConvertEmptyStringsToNull->handle()
#32 /home/u533806958/domains/a1merchantsolutions.triviio.com/public_html/vendor/laravel/framework/src/Illuminate/Foundation/Http/Middleware/TransformsRequest.php(21): Illuminate\\Pipeline\\Pipeline->Illuminate\\Pipeline\\{closure}()
#33 /home/u533806958/domains/a1merchantsolutions.triviio.com/public_html/vendor/laravel/framework/src/Illuminate/Foundation/Http/Middleware/TrimStrings.php(51): Illuminate\\Foundation\\Http\\Middleware\\TransformsRequest->handle()
#34 /home/u533806958/domains/a1merchantsolutions.triviio.com/public_html/vendor/laravel/framework/src/Illuminate/Pipeline/Pipeline.php(219): Illuminate\\Foundation\\Http\\Middleware\\TrimStrings->handle()
#35 /home/u533806958/domains/a1merchantsolutions.triviio.com/public_html/vendor/laravel/framework/src/Illuminate/Http/Middleware/ValidatePostSize.php(27): Illuminate\\Pipeline\\Pipeline->Illuminate\\Pipeline\\{closure}()
#36 /home/u533806958/domains/a1merchantsolutions.triviio.com/public_html/vendor/laravel/framework/src/Illuminate/Pipeline/Pipeline.php(219): Illuminate\\Http\\Middleware\\ValidatePostSize->handle()
#37 /home/u533806958/domains/a1merchantsolutions.triviio.com/public_html/vendor/laravel/framework/src/Illuminate/Foundation/Http/Middleware/PreventRequestsDuringMaintenance.php(109): Illuminate\\Pipeline\\Pipeline->Illuminate\\Pipeline\\{closure}()
#38 /home/u533806958/domains/a1merchantsolutions.triviio.com/public_html/vendor/laravel/framework/src/Illuminate/Pipeline/Pipeline.php(219): Illuminate\\Foundation\\Http\\Middleware\\PreventRequestsDuringMaintenance->handle()
#39 /home/u533806958/domains/a1merchantsolutions.triviio.com/public_html/vendor/laravel/framework/src/Illuminate/Http/Middleware/HandleCors.php(61): Illuminate\\Pipeline\\Pipeline->Illuminate\\Pipeline\\{closure}()
#40 /home/u533806958/domains/a1merchantsolutions.triviio.com/public_html/vendor/laravel/framework/src/Illuminate/Pipeline/Pipeline.php(219): Illuminate\\Http\\Middleware\\HandleCors->handle()
#41 /home/u533806958/domains/a1merchantsolutions.triviio.com/public_html/vendor/laravel/framework/src/Illuminate/Http/Middleware/TrustProxies.php(58): Illuminate\\Pipeline\\Pipeline->Illuminate\\Pipeline\\{closure}()
#42 /home/u533806958/domains/a1merchantsolutions.triviio.com/public_html/vendor/laravel/framework/src/Illuminate/Pipeline/Pipeline.php(219): Illuminate\\Http\\Middleware\\TrustProxies->handle()
#43 /home/u533806958/domains/a1merchantsolutions.triviio.com/public_html/vendor/laravel/framework/src/Illuminate/Foundation/Http/Middleware/InvokeDeferredCallbacks.php(22): Illuminate\\Pipeline\\Pipeline->Illuminate\\Pipeline\\{closure}()
#44 /home/u533806958/domains/a1merchantsolutions.triviio.com/public_html/vendor/laravel/framework/src/Illuminate/Pipeline/Pipeline.php(219): Illuminate\\Foundation\\Http\\Middleware\\InvokeDeferredCallbacks->handle()
#45 /home/u533806958/domains/a1merchantsolutions.triviio.com/public_html/vendor/laravel/framework/src/Illuminate/Http/Middleware/ValidatePathEncoding.php(26): Illuminate\\Pipeline\\Pipeline->Illuminate\\Pipeline\\{closure}()
#46 /home/u533806958/domains/a1merchantsolutions.triviio.com/public_html/vendor/laravel/framework/src/Illuminate/Pipeline/Pipeline.php(219): Illuminate\\Http\\Middleware\\ValidatePathEncoding->handle()
#47 /home/u533806958/domains/a1merchantsolutions.triviio.com/public_html/vendor/laravel/framework/src/Illuminate/Pipeline/Pipeline.php(137): Illuminate\\Pipeline\\Pipeline->Illuminate\\Pipeline\\{closure}()
#48 /home/u533806958/domains/a1merchantsolutions.triviio.com/public_html/vendor/laravel/framework/src/Illuminate/Foundation/Http/Kernel.php(175): Illuminate\\Pipeline\\Pipeline->then()
#49 /home/u533806958/domains/a1merchantsolutions.triviio.com/public_html/vendor/laravel/framework/src/Illuminate/Foundation/Http/Kernel.php(144): Illuminate\\Foundation\\Http\\Kernel->sendRequestThroughRouter()
#50 /home/u533806958/domains/a1merchantsolutions.triviio.com/public_html/vendor/laravel/framework/src/Illuminate/Foundation/Application.php(1220): Illuminate\\Foundation\\Http\\Kernel->handle()
#51 /home/u533806958/domains/a1merchantsolutions.triviio.com/public_html/public/index.php(15): Illuminate\\Foundation\\Application->handleRequest()
#52 {main}

[previous exception] [object] (PDOException(code: 2002): SQLSTATE[HY000] [2002] Operation not permitted at /home/u533806958/domains/a1merchantsolutions.triviio.com/public_html/vendor/laravel/framework/src/Illuminate/Database/Connectors/Connector.php:66)
[stacktrace]
#0 /home/u533806958/domains/a1merchantsolutions.triviio.com/public_html/vendor/laravel/framework/src/Illuminate/Database/Connectors/Connector.php(66): PDO->__construct()
#1 /home/u533806958/domains/a1merchantsolutions.triviio.com/public_html/vendor/laravel/framework/src/Illuminate/Database/Connectors/Connector.php(44): Illuminate\\Database\\Connectors\\Connector->createPdoConnection()
#2 /home/u533806958/domains/a1merchantsolutions.triviio.com/public_html/vendor/laravel/framework/src/Illuminate/Database/Connectors/MySqlConnector.php(24): Illuminate\\Database\\Connectors\\Connector->createConnection()
#3 /home/u533806958/domains/a1merchantsolutions.triviio.com/public_html/vendor/laravel/framework/src/Illuminate/Database/Connectors/ConnectionFactory.php(186): Illuminate\\Database\\Connectors\\MySqlConnector->connect()
#4 [internal function]: Illuminate\\Database\\Connectors\\ConnectionFactory->Illuminate\\Database\\Connectors\\{closure}()
#5 /home/u533806958/domains/a1merchantsolutions.triviio.com/public_html/vendor/laravel/framework/src/Illuminate/Database/Connection.php(1257): call_user_func()
#6 /home/u533806958/domains/a1merchantsolutions.triviio.com/public_html/vendor/laravel/framework/src/Illuminate/Database/Connection.php(525): Illuminate\\Database\\Connection->getPdo()
#7 /home/u533806958/domains/a1merchantsolutions.triviio.com/public_html/vendor/laravel/framework/src/Illuminate/Database/Connection.php(420): Illuminate\\Database\\Connection->getPdoForSelect()
#8 /home/u533806958/domains/a1merchantsolutions.triviio.com/public_html/vendor/laravel/framework/src/Illuminate/Database/Connection.php(827): Illuminate\\Database\\Connection->Illuminate\\Database\\{closure}()
#9 /home/u533806958/domains/a1merchantsolutions.triviio.com/public_html/vendor/laravel/framework/src/Illuminate/Database/Connection.php(794): Illuminate\\Database\\Connection->runQueryCallback()
#10 /home/u533806958/domains/a1merchantsolutions.triviio.com/public_html/vendor/laravel/framework/src/Illuminate/Database/Connection.php(411): Illuminate\\Database\\Connection->run()
#11 /home/u533806958/domains/a1merchantsolutions.triviio.com/public_html/vendor/laravel/framework/src/Illuminate/Database/Query/Builder.php(3505): Illuminate\\Database\\Connection->select()
#12 /home/u533806958/domains/a1merchantsolutions.triviio.com/public_html/vendor/laravel/framework/src/Illuminate/Database/Query/Builder.php(3490): Illuminate\\Database\\Query\\Builder->runSelect()
#13 /home/u533806958/domains/a1merchantsolutions.triviio.com/public_html/vendor/laravel/framework/src/Illuminate/Database/Query/Builder.php(4080): Illuminate\\Database\\Query\\Builder->Illuminate\\Database\\Query\\{closure}()
#14 /home/u533806958/domains/a1merchantsolutions.triviio.com/public_html/vendor/laravel/framework/src/Illuminate/Database/Query/Builder.php(3489): Illuminate\\Database\\Query\\Builder->onceWithColumns()
#15 /home/u533806958/domains/a1merchantsolutions.triviio.com/public_html/vendor/laravel/framework/src/Illuminate/Database/Concerns/BuildsQueries.php(366): Illuminate\\Database\\Query\\Builder->get()
#16 /home/u533806958/domains/a1merchantsolutions.triviio.com/public_html/vendor/laravel/framework/src/Illuminate/Database/Query/Builder.php(3412): Illuminate\\Database\\Query\\Builder->first()
#17 /home/u533806958/domains/a1merchantsolutions.triviio.com/public_html/vendor/laravel/framework/src/Illuminate/Session/DatabaseSessionHandler.php(96): Illuminate\\Database\\Query\\Builder->find()
#18 /home/u533806958/domains/a1merchantsolutions.triviio.com/public_html/vendor/laravel/framework/src/Illuminate/Session/Store.php(128): Illuminate\\Session\\DatabaseSessionHandler->read()
#19 /home/u533806958/domains/a1merchantsolutions.triviio.com/public_html/vendor/laravel/framework/src/Illuminate/Session/Store.php(116): Illuminate\\Session\\Store->readFromHandler()
#20 /home/u533806958/domains/a1merchantsolutions.triviio.com/public_html/vendor/laravel/framework/src/Illuminate/Session/Store.php(100): Illuminate\\Session\\Store->loadSession()
#21 /home/u533806958/domains/a1merchantsolutions.triviio.com/public_html/vendor/laravel/framework/src/Illuminate/Session/Middleware/StartSession.php(146): Illuminate\\Session\\Store->start()
#22 /home/u533806958/domains/a1merchantsolutions.triviio.com/public_html/vendor/laravel/framework/src/Illuminate/Support/helpers.php(393): Illuminate\\Session\\Middleware\\StartSession->Illuminate\\Session\\Middleware\\{closure}()
#23 /home/u533806958/domains/a1merchantsolutions.triviio.com/public_html/vendor/laravel/framework/src/Illuminate/Session/Middleware/StartSession.php(143): tap()
#24 /home/u533806958/domains/a1merchantsolutions.triviio.com/public_html/vendor/laravel/framework/src/Illuminate/Session/Middleware/StartSession.php(115): Illuminate\\Session\\Middleware\\StartSession->startSession()
#25 /home/u533806958/domains/a1merchantsolutions.triviio.com/public_html/vendor/laravel/framework/src/Illuminate/Session/Middleware/StartSession.php(63): Illuminate\\Session\\Middleware\\StartSession->handleStatefulRequest()
#26 /home/u533806958/domains/a1merchantsolutions.triviio.com/public_html/vendor/laravel/framework/src/Illuminate/Pipeline/Pipeline.php(219): Illuminate\\Session\\Middleware\\StartSession->handle()
#27 /home/u533806958/domains/a1merchantsolutions.triviio.com/public_html/vendor/laravel/framework/src/Illuminate/Cookie/Middleware/AddQueuedCookiesToResponse.php(36): Illuminate\\Pipeline\\Pipeline->Illuminate\\Pipeline\\{closure}()
#28 /home/u533806958/domains/a1merchantsolutions.triviio.com/public_html/vendor/laravel/framework/src/Illuminate/Pipeline/Pipeline.php(219): Illuminate\\Cookie\\Middleware\\AddQueuedCookiesToResponse->handle()
#29 /home/u533806958/domains/a1merchantsolutions.triviio.com/public_html/vendor/laravel/framework/src/Illuminate/Cookie/Middleware/EncryptCookies.php(74): Illuminate\\Pipeline\\Pipeline->Illuminate\\Pipeline\\{closure}()
#30 /home/u533806958/domains/a1merchantsolutions.triviio.com/public_html/vendor/laravel/framework/src/Illuminate/Pipeline/Pipeline.php(219): Illuminate\\Cookie\\Middleware\\EncryptCookies->handle()
#31 /home/u533806958/domains/a1merchantsolutions.triviio.com/public_html/vendor/laravel/framework/src/Illuminate/Pipeline/Pipeline.php(137): Illuminate\\Pipeline\\Pipeline->Illuminate\\Pipeline\\{closure}()
#32 /home/u533806958/domains/a1merchantsolutions.triviio.com/public_html/vendor/laravel/framework/src/Illuminate/Routing/Router.php(821): Illuminate\\Pipeline\\Pipeline->then()
#33 /home/u533806958/domains/a1merchantsolutions.triviio.com/public_html/vendor/laravel/framework/src/Illuminate/Routing/Router.php(800): Illuminate\\Routing\\Router->runRouteWithinStack()
#34 /home/u533806958/domains/a1merchantsolutions.triviio.com/public_html/vendor/laravel/framework/src/Illuminate/Routing/Router.php(764): Illuminate\\Routing\\Router->runRoute()
#35 /home/u533806958/domains/a1merchantsolutions.triviio.com/public_html/vendor/laravel/framework/src/Illuminate/Routing/Router.php(753): Illuminate\\Routing\\Router->dispatchToRoute()
#36 /home/u533806958/domains/a1merchantsolutions.triviio.com/public_html/vendor/laravel/framework/src/Illuminate/Foundation/Http/Kernel.php(200): Illuminate\\Routing\\Router->dispatch()
#37 /home/u533806958/domains/a1merchantsolutions.triviio.com/public_html/vendor/laravel/framework/src/Illuminate/Pipeline/Pipeline.php(180): Illuminate\\Foundation\\Http\\Kernel->Illuminate\\Foundation\\Http\\{closure}()
#38 /home/u533806958/domains/a1merchantsolutions.triviio.com/public_html/vendor/laravel/framework/src/Illuminate/Foundation/Http/Middleware/TransformsRequest.php(21): Illuminate\\Pipeline\\Pipeline->Illuminate\\Pipeline\\{closure}()
#39 /home/u533806958/domains/a1merchantsolutions.triviio.com/public_html/vendor/laravel/framework/src/Illuminate/Foundation/Http/Middleware/ConvertEmptyStringsToNull.php(31): Illuminate\\Foundation\\Http\\Middleware\\TransformsRequest->handle()
#40 /home/u533806958/domains/a1merchantsolutions.triviio.com/public_html/vendor/laravel/framework/src/Illuminate/Pipeline/Pipeline.php(219): Illuminate\\Foundation\\Http\\Middleware\\ConvertEmptyStringsToNull->handle()
#41 /home/u533806958/domains/a1merchantsolutions.triviio.com/public_html/vendor/laravel/framework/src/Illuminate/Foundation/Http/Middleware/TransformsRequest.php(21): Illuminate\\Pipeline\\Pipeline->Illuminate\\Pipeline\\{closure}()
#42 /home/u533806958/domains/a1merchantsolutions.triviio.com/public_html/vendor/laravel/framework/src/Illuminate/Foundation/Http/Middleware/TrimStrings.php(51): Illuminate\\Foundation\\Http\\Middleware\\TransformsRequest->handle()
#43 /home/u533806958/domains/a1merchantsolutions.triviio.com/public_html/vendor/laravel/framework/src/Illuminate/Pipeline/Pipeline.php(219): Illuminate\\Foundation\\Http\\Middleware\\TrimStrings->handle()
#44 /home/u533806958/domains/a1merchantsolutions.triviio.com/public_html/vendor/laravel/framework/src/Illuminate/Http/Middleware/ValidatePostSize.php(27): Illuminate\\Pipeline\\Pipeline->Illuminate\\Pipeline\\{closure}()
#45 /home/u533806958/domains/a1merchantsolutions.triviio.com/public_html/vendor/laravel/framework/src/Illuminate/Pipeline/Pipeline.php(219): Illuminate\\Http\\Middleware\\ValidatePostSize->handle()
#46 /home/u533806958/domains/a1merchantsolutions.triviio.com/public_html/vendor/laravel/framework/src/Illuminate/Foundation/Http/Middleware/PreventRequestsDuringMaintenance.php(109): Illuminate\\Pipeline\\Pipeline->Illuminate\\Pipeline\\{closure}()
#47 /home/u533806958/domains/a1merchantsolutions.triviio.com/public_html/vendor/laravel/framework/src/Illuminate/Pipeline/Pipeline.php(219): Illuminate\\Foundation\\Http\\Middleware\\PreventRequestsDuringMaintenance->handle()
#48 /home/u533806958/domains/a1merchantsolutions.triviio.com/public_html/vendor/laravel/framework/src/Illuminate/Http/Middleware/HandleCors.php(61): Illuminate\\Pipeline\\Pipeline->Illuminate\\Pipeline\\{closure}()
#49 /home/u533806958/domains/a1merchantsolutions.triviio.com/public_html/vendor/laravel/framework/src/Illuminate/Pipeline/Pipeline.php(219): Illuminate\\Http\\Middleware\\HandleCors->handle()
#50 /home/u533806958/domains/a1merchantsolutions.triviio.com/public_html/vendor/laravel/framework/src/Illuminate/Http/Middleware/TrustProxies.php(58): Illuminate\\Pipeline\\Pipeline->Illuminate\\Pipeline\\{closure}()
#51 /home/u533806958/domains/a1merchantsolutions.triviio.com/public_html/vendor/laravel/framework/src/Illuminate/Pipeline/Pipeline.php(219): Illuminate\\Http\\Middleware\\TrustProxies->handle()
#52 /home/u533806958/domains/a1merchantsolutions.triviio.com/public_html/vendor/laravel/framework/src/Illuminate/Foundation/Http/Middleware/InvokeDeferredCallbacks.php(22): Illuminate\\Pipeline\\Pipeline->Illuminate\\Pipeline\\{closure}()
#53 /home/u533806958/domains/a1merchantsolutions.triviio.com/public_html/vendor/laravel/framework/src/Illuminate/Pipeline/Pipeline.php(219): Illuminate\\Foundation\\Http\\Middleware\\InvokeDeferredCallbacks->handle()
#54 /home/u533806958/domains/a1merchantsolutions.triviio.com/public_html/vendor/laravel/framework/src/Illuminate/Http/Middleware/ValidatePathEncoding.php(26): Illuminate\\Pipeline\\Pipeline->Illuminate\\Pipeline\\{closure}()
#55 /home/u533806958/domains/a1merchantsolutions.triviio.com/public_html/vendor/laravel/framework/src/Illuminate/Pipeline/Pipeline.php(219): Illuminate\\Http\\Middleware\\ValidatePathEncoding->handle()
#56 /home/u533806958/domains/a1merchantsolutions.triviio.com/public_html/vendor/laravel/framework/src/Illuminate/Pipeline/Pipeline.php(137): Illuminate\\Pipeline\\Pipeline->Illuminate\\Pipeline\\{closure}()
#57 /home/u533806958/domains/a1merchantsolutions.triviio.com/public_html/vendor/laravel/framework/src/Illuminate/Foundation/Http/Kernel.php(175): Illuminate\\Pipeline\\Pipeline->then()
#58 /home/u533806958/domains/a1merchantsolutions.triviio.com/public_html/vendor/laravel/framework/src/Illuminate/Foundation/Http/Kernel.php(144): Illuminate\\Foundation\\Http\\Kernel->sendRequestThroughRouter()
#59 /home/u533806958/domains/a1merchantsolutions.triviio.com/public_html/vendor/laravel/framework/src/Illuminate/Foundation/Application.php(1220): Illuminate\\Foundation\\Http\\Kernel->handle()
#60 /home/u533806958/domains/a1merchantsolutions.triviio.com/public_html/public/index.php(15): Illuminate\\Foundation\\Application->handleRequest()
#61 {main}
"} 
[2026-08-13 13:11:58] local.ERROR: SQLSTATE[HY000] [2002] Operation not permitted (Connection: mysql, Host: 127.0.0.1, Port: 3306, Database: u533806958_adcoupon, SQL: select * from `sessions` where `id` = QulFhHMXKY2R1hgegmEMjxV1t16Kgz8fSP4weIF8 limit 1) {"exception":"[object] (Illuminate\\Database\\QueryException(code: 2002): SQLSTATE[HY000] [2002] Operation not permitted (Connection: mysql, Host: 127.0.0.1, Port: 3306, Database: u533806958_adcoupon, SQL: select * from `sessions` where `id` = QulFhHMXKY2R1hgegmEMjxV1t16Kgz8fSP4weIF8 limit 1) at /home/u533806958/domains/a1merchantsolutions.triviio.com/public_html/vendor/laravel/framework/src/Illuminate/Database/Connection.php:838)
[stacktrace]
#0 /home/u533806958/domains/a1merchantsolutions.triviio.com/public_html/vendor/laravel/framework/src/Illuminate/Database/Connection.php(794): Illuminate\\Database\\Connection->runQueryCallback()
#1 /home/u533806958/domains/a1merchantsolutions.triviio.com/public_html/vendor/laravel/framework/src/Illuminate/Database/Connection.php(411): Illuminate\\Database\\Connection->run()
#2 /home/u533806958/domains/a1merchantsolutions.triviio.com/public_html/vendor/laravel/framework/src/Illuminate/Database/Query/Builder.php(3505): Illuminate\\Database\\Connection->select()
#3 /home/u533806958/domains/a1merchantsolutions.triviio.com/public_html/vendor/laravel/framework/src/Illuminate/Database/Query/Builder.php(3490): Illuminate\\Database\\Query\\Builder->runSelect()
#4 /home/u533806958/domains/a1merchantsolutions.triviio.com/public_html/vendor/laravel/framework/src/Illuminate/Database/Query/Builder.php(4080): Illuminate\\Database\\Query\\Builder->Illuminate\\Database\\Query\\{closure}()
#5 /home/u533806958/domains/a1merchantsolutions.triviio.com/public_html/vendor/laravel/framework/src/Illuminate/Database/Query/Builder.php(3489): Illuminate\\Database\\Query\\Builder->onceWithColumns()
#6 /home/u533806958/domains/a1merchantsolutions.triviio.com/public_html/vendor/laravel/framework/src/Illuminate/Database/Concerns/BuildsQueries.php(366): Illuminate\\Database\\Query\\Builder->get()
#7 /home/u533806958/domains/a1merchantsolutions.triviio.com/public_html/vendor/laravel/framework/src/Illuminate/Database/Query/Builder.php(3412): Illuminate\\Database\\Query\\Builder->first()
#8 /home/u533806958/domains/a1merchantsolutions.triviio.com/public_html/vendor/laravel/framework/src/Illuminate/Session/DatabaseSessionHandler.php(96): Illuminate\\Database\\Query\\Builder->find()
#9 /home/u533806958/domains/a1merchantsolutions.triviio.com/public_html/vendor/laravel/framework/src/Illuminate/Session/Store.php(128): Illuminate\\Session\\DatabaseSessionHandler->read()
#10 /home/u533806958/domains/a1merchantsolutions.triviio.com/public_html/vendor/laravel/framework/src/Illuminate/Session/Store.php(116): Illuminate\\Session\\Store->readFromHandler()
#11 /home/u533806958/domains/a1merchantsolutions.triviio.com/public_html/vendor/laravel/framework/src/Illuminate/Session/Store.php(100): Illuminate\\Session\\Store->loadSession()
#12 /home/u533806958/domains/a1merchantsolutions.triviio.com/public_html/vendor/laravel/framework/src/Illuminate/Session/Middleware/StartSession.php(146): Illuminate\\Session\\Store->start()
#13 /home/u533806958/domains/a1merchantsolutions.triviio.com/public_html/vendor/laravel/framework/src/Illuminate/Support/helpers.php(393): Illuminate\\Session\\Middleware\\StartSession->Illuminate\\Session\\Middleware\\{closure}()
#14 /home/u533806958/domains/a1merchantsolutions.triviio.com/public_html/vendor/laravel/framework/src/Illuminate/Session/Middleware/StartSession.php(143): tap()
#15 /home/u533806958/domains/a1merchantsolutions.triviio.com/public_html/vendor/laravel/framework/src/Illuminate/Session/Middleware/StartSession.php(115): Illuminate\\Session\\Middleware\\StartSession->startSession()
#16 /home/u533806958/domains/a1merchantsolutions.triviio.com/public_html/vendor/laravel/framework/src/Illuminate/Session/Middleware/StartSession.php(63): Illuminate\\Session\\Middleware\\StartSession->handleStatefulRequest()
#17 /home/u533806958/domains/a1merchantsolutions.triviio.com/public_html/vendor/laravel/framework/src/Illuminate/Pipeline/Pipeline.php(219): Illuminate\\Session\\Middleware\\StartSession->handle()
#18 /home/u533806958/domains/a1merchantsolutions.triviio.com/public_html/vendor/laravel/framework/src/Illuminate/Cookie/Middleware/AddQueuedCookiesToResponse.php(36): Illuminate\\Pipeline\\Pipeline->Illuminate\\Pipeline\\{closure}()
#19 /home/u533806958/domains/a1merchantsolutions.triviio.com/public_html/vendor/laravel/framework/src/Illuminate/Pipeline/Pipeline.php(219): Illuminate\\Cookie\\Middleware\\AddQueuedCookiesToResponse->handle()
#20 /home/u533806958/domains/a1merchantsolutions.triviio.com/public_html/vendor/laravel/framework/src/Illuminate/Cookie/Middleware/EncryptCookies.php(74): Illuminate\\Pipeline\\Pipeline->Illuminate\\Pipeline\\{closure}()
#21 /home/u533806958/domains/a1merchantsolutions.triviio.com/public_html/vendor/laravel/framework/src/Illuminate/Pipeline/Pipeline.php(219): Illuminate\\Cookie\\Middleware\\EncryptCookies->handle()
#22 /home/u533806958/domains/a1merchantsolutions.triviio.com/public_html/vendor/laravel/framework/src/Illuminate/Pipeline/Pipeline.php(137): Illuminate\\Pipeline\\Pipeline->Illuminate\\Pipeline\\{closure}()
#23 /home/u533806958/domains/a1merchantsolutions.triviio.com/public_html/vendor/laravel/framework/src/Illuminate/Routing/Router.php(821): Illuminate\\Pipeline\\Pipeline->then()
#24 /home/u533806958/domains/a1merchantsolutions.triviio.com/public_html/vendor/laravel/framework/src/Illuminate/Routing/Router.php(800): Illuminate\\Routing\\Router->runRouteWithinStack()
#25 /home/u533806958/domains/a1merchantsolutions.triviio.com/public_html/vendor/laravel/framework/src/Illuminate/Routing/Router.php(764): Illuminate\\Routing\\Router->runRoute()
#26 /home/u533806958/domains/a1merchantsolutions.triviio.com/public_html/vendor/laravel/framework/src/Illuminate/Routing/Router.php(753): Illuminate\\Routing\\Router->dispatchToRoute()
#27 /home/u533806958/domains/a1merchantsolutions.triviio.com/public_html/vendor/laravel/framework/src/Illuminate/Foundation/Http/Kernel.php(200): Illuminate\\Routing\\Router->dispatch()
#28 /home/u533806958/domains/a1merchantsolutions.triviio.com/public_html/vendor/laravel/framework/src/Illuminate/Pipeline/Pipeline.php(180): Illuminate\\Foundation\\Http\\Kernel->Illuminate\\Foundation\\Http\\{closure}()
#29 /home/u533806958/domains/a1merchantsolutions.triviio.com/public_html/vendor/laravel/framework/src/Illuminate/Foundation/Http/Middleware/TransformsRequest.php(21): Illuminate\\Pipeline\\Pipeline->Illuminate\\Pipeline\\{closure}()
#30 /home/u533806958/domains/a1merchantsolutions.triviio.com/public_html/vendor/laravel/framework/src/Illuminate/Foundation/Http/Middleware/ConvertEmptyStringsToNull.php(31): Illuminate\\Foundation\\Http\\Middleware\\TransformsRequest->handle()
#31 /home/u533806958/domains/a1merchantsolutions.triviio.com/public_html/vendor/laravel/framework/src/Illuminate/Pipeline/Pipeline.php(219): Illuminate\\Foundation\\Http\\Middleware\\ConvertEmptyStringsToNull->handle()
#32 /home/u533806958/domains/a1merchantsolutions.triviio.com/public_html/vendor/laravel/framework/src/Illuminate/Foundation/Http/Middleware/TransformsRequest.php(21): Illuminate\\Pipeline\\Pipeline->Illuminate\\Pipeline\\{closure}()
#33 /home/u533806958/domains/a1merchantsolutions.triviio.com/public_html/vendor/laravel/framework/src/Illuminate/Foundation/Http/Middleware/TrimStrings.php(51): Illuminate\\Foundation\\Http\\Middleware\\TransformsRequest->handle()
#34 /home/u533806958/domains/a1merchantsolutions.triviio.com/public_html/vendor/laravel/framework/src/Illuminate/Pipeline/Pipeline.php(219): Illuminate\\Foundation\\Http\\Middleware\\TrimStrings->handle()
#35 /home/u533806958/domains/a1merchantsolutions.triviio.com/public_html/vendor/laravel/framework/src/Illuminate/Http/Middleware/ValidatePostSize.php(27): Illuminate\\Pipeline\\Pipeline->Illuminate\\Pipeline\\{closure}()
#36 /home/u533806958/domains/a1merchantsolutions.triviio.com/public_html/vendor/laravel/framework/src/Illuminate/Pipeline/Pipeline.php(219): Illuminate\\Http\\Middleware\\ValidatePostSize->handle()
#37 /home/u533806958/domains/a1merchantsolutions.triviio.com/public_html/vendor/laravel/framework/src/Illuminate/Foundation/Http/Middleware/PreventRequestsDuringMaintenance.php(109): Illuminate\\Pipeline\\Pipeline->Illuminate\\Pipeline\\{closure}()
#38 /home/u533806958/domains/a1merchantsolutions.triviio.com/public_html/vendor/laravel/framework/src/Illuminate/Pipeline/Pipeline.php(219): Illuminate\\Foundation\\Http\\Middleware\\PreventRequestsDuringMaintenance->handle()
#39 /home/u533806958/domains/a1merchantsolutions.triviio.com/public_html/vendor/laravel/framework/src/Illuminate/Http/Middleware/HandleCors.php(61): Illuminate\\Pipeline\\Pipeline->Illuminate\\Pipeline\\{closure}()
#40 /home/u533806958/domains/a1merchantsolutions.triviio.com/public_html/vendor/laravel/framework/src/Illuminate/Pipeline/Pipeline.php(219): Illuminate\\Http\\Middleware\\HandleCors->handle()
#41 /home/u533806958/domains/a1merchantsolutions.triviio.com/public_html/vendor/laravel/framework/src/Illuminate/Http/Middleware/TrustProxies.php(58): Illuminate\\Pipeline\\Pipeline->Illuminate\\Pipeline\\{closure}()
#42 /home/u533806958/domains/a1merchantsolutions.triviio.com/public_html/vendor/laravel/framework/src/Illuminate/Pipeline/Pipeline.php(219): Illuminate\\Http\\Middleware\\TrustProxies->handle()
#43 /home/u533806958/domains/a1merchantsolutions.triviio.com/public_html/vendor/laravel/framework/src/Illuminate/Foundation/Http/Middleware/InvokeDeferredCallbacks.php(22): Illuminate\\Pipeline\\Pipeline->Illuminate\\Pipeline\\{closure}()
#44 /home/u533806958/domains/a1merchantsolutions.triviio.com/public_html/vendor/laravel/framework/src/Illuminate/Pipeline/Pipeline.php(219): Illuminate\\Foundation\\Http\\Middleware\\InvokeDeferredCallbacks->handle()
#45 /home/u533806958/domains/a1merchantsolutions.triviio.com/public_html/vendor/laravel/framework/src/Illuminate/Http/Middleware/ValidatePathEncoding.php(26): Illuminate\\Pipeline\\Pipeline->Illuminate\\Pipeline\\{closure}()
#46 /home/u533806958/domains/a1merchantsolutions.triviio.com/public_html/vendor/laravel/framework/src/Illuminate/Pipeline/Pipeline.php(219): Illuminate\\Http\\Middleware\\ValidatePathEncoding->handle()
#47 /home/u533806958/domains/a1merchantsolutions.triviio.com/public_html/vendor/laravel/framework/src/Illuminate/Pipeline/Pipeline.php(137): Illuminate\\Pipeline\\Pipeline->Illuminate\\Pipeline\\{closure}()
#48 /home/u533806958/domains/a1merchantsolutions.triviio.com/public_html/vendor/laravel/framework/src/Illuminate/Foundation/Http/Kernel.php(175): Illuminate\\Pipeline\\Pipeline->then()
#49 /home/u533806958/domains/a1merchantsolutions.triviio.com/public_html/vendor/laravel/framework/src/Illuminate/Foundation/Http/Kernel.php(144): Illuminate\\Foundation\\Http\\Kernel->sendRequestThroughRouter()
#50 /home/u533806958/domains/a1merchantsolutions.triviio.com/public_html/vendor/laravel/framework/src/Illuminate/Foundation/Application.php(1220): Illuminate\\Foundation\\Http\\Kernel->handle()
#51 /home/u533806958/domains/a1merchantsolutions.triviio.com/public_html/public/index.php(15): Illuminate\\Foundation\\Application->handleRequest()
#52 {main}

[previous exception] [object] (PDOException(code: 2002): SQLSTATE[HY000] [2002] Operation not permitted at /home/u533806958/domains/a1merchantsolutions.triviio.com/public_html/vendor/laravel/framework/src/Illuminate/Database/Connectors/Connector.php:66)
[stacktrace]
#0 /home/u533806958/domains/a1merchantsolutions.triviio.com/public_html/vendor/laravel/framework/src/Illuminate/Database/Connectors/Connector.php(66): PDO->__construct()
#1 /home/u533806958/domains/a1merchantsolutions.triviio.com/public_html/vendor/laravel/framework/src/Illuminate/Database/Connectors/Connector.php(44): Illuminate\\Database\\Connectors\\Connector->createPdoConnection()
#2 /home/u533806958/domains/a1merchantsolutions.triviio.com/public_html/vendor/laravel/framework/src/Illuminate/Database/Connectors/MySqlConnector.php(24): Illuminate\\Database\\Connectors\\Connector->createConnection()
#3 /home/u533806958/domains/a1merchantsolutions.triviio.com/public_html/vendor/laravel/framework/src/Illuminate/Database/Connectors/ConnectionFactory.php(186): Illuminate\\Database\\Connectors\\MySqlConnector->connect()
#4 [internal function]: Illuminate\\Database\\Connectors\\ConnectionFactory->Illuminate\\Database\\Connectors\\{closure}()
#5 /home/u533806958/domains/a1merchantsolutions.triviio.com/public_html/vendor/laravel/framework/src/Illuminate/Database/Connection.php(1257): call_user_func()
#6 /home/u533806958/domains/a1merchantsolutions.triviio.com/public_html/vendor/laravel/framework/src/Illuminate/Database/Connection.php(525): Illuminate\\Database\\Connection->getPdo()
#7 /home/u533806958/domains/a1merchantsolutions.triviio.com/public_html/vendor/laravel/framework/src/Illuminate/Database/Connection.php(420): Illuminate\\Database\\Connection->getPdoForSelect()
#8 /home/u533806958/domains/a1merchantsolutions.triviio.com/public_html/vendor/laravel/framework/src/Illuminate/Database/Connection.php(827): Illuminate\\Database\\Connection->Illuminate\\Database\\{closure}()
#9 /home/u533806958/domains/a1merchantsolutions.triviio.com/public_html/vendor/laravel/framework/src/Illuminate/Database/Connection.php(794): Illuminate\\Database\\Connection->runQueryCallback()
#10 /home/u533806958/domains/a1merchantsolutions.triviio.com/public_html/vendor/laravel/framework/src/Illuminate/Database/Connection.php(411): Illuminate\\Database\\Connection->run()
#11 /home/u533806958/domains/a1merchantsolutions.triviio.com/public_html/vendor/laravel/framework/src/Illuminate/Database/Query/Builder.php(3505): Illuminate\\Database\\Connection->select()
#12 /home/u533806958/domains/a1merchantsolutions.triviio.com/public_html/vendor/laravel/framework/src/Illuminate/Database/Query/Builder.php(3490): Illuminate\\Database\\Query\\Builder->runSelect()
#13 /home/u533806958/domains/a1merchantsolutions.triviio.com/public_html/vendor/laravel/framework/src/Illuminate/Database/Query/Builder.php(4080): Illuminate\\Database\\Query\\Builder->Illuminate\\Database\\Query\\{closure}()
#14 /home/u533806958/domains/a1merchantsolutions.triviio.com/public_html/vendor/laravel/framework/src/Illuminate/Database/Query/Builder.php(3489): Illuminate\\Database\\Query\\Builder->onceWithColumns()
#15 /home/u533806958/domains/a1merchantsolutions.triviio.com/public_html/vendor/laravel/framework/src/Illuminate/Database/Concerns/BuildsQueries.php(366): Illuminate\\Database\\Query\\Builder->get()
#16 /home/u533806958/domains/a1merchantsolutions.triviio.com/public_html/vendor/laravel/framework/src/Illuminate/Database/Query/Builder.php(3412): Illuminate\\Database\\Query\\Builder->first()
#17 /home/u533806958/domains/a1merchantsolutions.triviio.com/public_html/vendor/laravel/framework/src/Illuminate/Session/DatabaseSessionHandler.php(96): Illuminate\\Database\\Query\\Builder->find()
#18 /home/u533806958/domains/a1merchantsolutions.triviio.com/public_html/vendor/laravel/framework/src/Illuminate/Session/Store.php(128): Illuminate\\Session\\DatabaseSessionHandler->read()
#19 /home/u533806958/domains/a1merchantsolutions.triviio.com/public_html/vendor/laravel/framework/src/Illuminate/Session/Store.php(116): Illuminate\\Session\\Store->readFromHandler()
#20 /home/u533806958/domains/a1merchantsolutions.triviio.com/public_html/vendor/laravel/framework/src/Illuminate/Session/Store.php(100): Illuminate\\Session\\Store->loadSession()
#21 /home/u533806958/domains/a1merchantsolutions.triviio.com/public_html/vendor/laravel/framework/src/Illuminate/Session/Middleware/StartSession.php(146): Illuminate\\Session\\Store->start()
#22 /home/u533806958/domains/a1merchantsolutions.triviio.com/public_html/vendor/laravel/framework/src/Illuminate/Support/helpers.php(393): Illuminate\\Session\\Middleware\\StartSession->Illuminate\\Session\\Middleware\\{closure}()
#23 /home/u533806958/domains/a1merchantsolutions.triviio.com/public_html/vendor/laravel/framework/src/Illuminate/Session/Middleware/StartSession.php(143): tap()
#24 /home/u533806958/domains/a1merchantsolutions.triviio.com/public_html/vendor/laravel/framework/src/Illuminate/Session/Middleware/StartSession.php(115): Illuminate\\Session\\Middleware\\StartSession->startSession()
#25 /home/u533806958/domains/a1merchantsolutions.triviio.com/public_html/vendor/laravel/framework/src/Illuminate/Session/Middleware/StartSession.php(63): Illuminate\\Session\\Middleware\\StartSession->handleStatefulRequest()
#26 /home/u533806958/domains/a1merchantsolutions.triviio.com/public_html/vendor/laravel/framework/src/Illuminate/Pipeline/Pipeline.php(219): Illuminate\\Session\\Middleware\\StartSession->handle()
#27 /home/u533806958/domains/a1merchantsolutions.triviio.com/public_html/vendor/laravel/framework/src/Illuminate/Cookie/Middleware/AddQueuedCookiesToResponse.php(36): Illuminate\\Pipeline\\Pipeline->Illuminate\\Pipeline\\{closure}()
#28 /home/u533806958/domains/a1merchantsolutions.triviio.com/public_html/vendor/laravel/framework/src/Illuminate/Pipeline/Pipeline.php(219): Illuminate\\Cookie\\Middleware\\AddQueuedCookiesToResponse->handle()
#29 /home/u533806958/domains/a1merchantsolutions.triviio.com/public_html/vendor/laravel/framework/src/Illuminate/Cookie/Middleware/EncryptCookies.php(74): Illuminate\\Pipeline\\Pipeline->Illuminate\\Pipeline\\{closure}()
#30 /home/u533806958/domains/a1merchantsolutions.triviio.com/public_html/vendor/laravel/framework/src/Illuminate/Pipeline/Pipeline.php(219): Illuminate\\Cookie\\Middleware\\EncryptCookies->handle()
#31 /home/u533806958/domains/a1merchantsolutions.triviio.com/public_html/vendor/laravel/framework/src/Illuminate/Pipeline/Pipeline.php(137): Illuminate\\Pipeline\\Pipeline->Illuminate\\Pipeline\\{closure}()
#32 /home/u533806958/domains/a1merchantsolutions.triviio.com/public_html/vendor/laravel/framework/src/Illuminate/Routing/Router.php(821): Illuminate\\Pipeline\\Pipeline->then()
#33 /home/u533806958/domains/a1merchantsolutions.triviio.com/public_html/vendor/laravel/framework/src/Illuminate/Routing/Router.php(800): Illuminate\\Routing\\Router->runRouteWithinStack()
#34 /home/u533806958/domains/a1merchantsolutions.triviio.com/public_html/vendor/laravel/framework/src/Illuminate/Routing/Router.php(764): Illuminate\\Routing\\Router->runRoute()
#35 /home/u533806958/domains/a1merchantsolutions.triviio.com/public_html/vendor/laravel/framework/src/Illuminate/Routing/Router.php(753): Illuminate\\Routing\\Router->dispatchToRoute()
#36 /home/u533806958/domains/a1merchantsolutions.triviio.com/public_html/vendor/laravel/framework/src/Illuminate/Foundation/Http/Kernel.php(200): Illuminate\\Routing\\Router->dispatch()
#37 /home/u533806958/domains/a1merchantsolutions.triviio.com/public_html/vendor/laravel/framework/src/Illuminate/Pipeline/Pipeline.php(180): Illuminate\\Foundation\\Http\\Kernel->Illuminate\\Foundation\\Http\\{closure}()
#38 /home/u533806958/domains/a1merchantsolutions.triviio.com/public_html/vendor/laravel/framework/src/Illuminate/Foundation/Http/Middleware/TransformsRequest.php(21): Illuminate\\Pipeline\\Pipeline->Illuminate\\Pipeline\\{closure}()
#39 /home/u533806958/domains/a1merchantsolutions.triviio.com/public_html/vendor/laravel/framework/src/Illuminate/Foundation/Http/Middleware/ConvertEmptyStringsToNull.php(31): Illuminate\\Foundation\\Http\\Middleware\\TransformsRequest->handle()
#40 /home/u533806958/domains/a1merchantsolutions.triviio.com/public_html/vendor/laravel/framework/src/Illuminate/Pipeline/Pipeline.php(219): Illuminate\\Foundation\\Http\\Middleware\\ConvertEmptyStringsToNull->handle()
#41 /home/u533806958/domains/a1merchantsolutions.triviio.com/public_html/vendor/laravel/framework/src/Illuminate/Foundation/Http/Middleware/TransformsRequest.php(21): Illuminate\\Pipeline\\Pipeline->Illuminate\\Pipeline\\{closure}()
#42 /home/u533806958/domains/a1merchantsolutions.triviio.com/public_html/vendor/laravel/framework/src/Illuminate/Foundation/Http/Middleware/TrimStrings.php(51): Illuminate\\Foundation\\Http\\Middleware\\TransformsRequest->handle()
#43 /home/u533806958/domains/a1merchantsolutions.triviio.com/public_html/vendor/laravel/framework/src/Illuminate/Pipeline/Pipeline.php(219): Illuminate\\Foundation\\Http\\Middleware\\TrimStrings->handle()
#44 /home/u533806958/domains/a1merchantsolutions.triviio.com/public_html/vendor/laravel/framework/src/Illuminate/Http/Middleware/ValidatePostSize.php(27): Illuminate\\Pipeline\\Pipeline->Illuminate\\Pipeline\\{closure}()
#45 /home/u533806958/domains/a1merchantsolutions.triviio.com/public_html/vendor/laravel/framework/src/Illuminate/Pipeline/Pipeline.php(219): Illuminate\\Http\\Middleware\\ValidatePostSize->handle()
#46 /home/u533806958/domains/a1merchantsolutions.triviio.com/public_html/vendor/laravel/framework/src/Illuminate/Foundation/Http/Middleware/PreventRequestsDuringMaintenance.php(109): Illuminate\\Pipeline\\Pipeline->Illuminate\\Pipeline\\{closure}()
#47 /home/u533806958/domains/a1merchantsolutions.triviio.com/public_html/vendor/laravel/framework/src/Illuminate/Pipeline/Pipeline.php(219): Illuminate\\Foundation\\Http\\Middleware\\PreventRequestsDuringMaintenance->handle()
#48 /home/u533806958/domains/a1merchantsolutions.triviio.com/public_html/vendor/laravel/framework/src/Illuminate/Http/Middleware/HandleCors.php(61): Illuminate\\Pipeline\\Pipeline->Illuminate\\Pipeline\\{closure}()
#49 /home/u533806958/domains/a1merchantsolutions.triviio.com/public_html/vendor/laravel/framework/src/Illuminate/Pipeline/Pipeline.php(219): Illuminate\\Http\\Middleware\\HandleCors->handle()
#50 /home/u533806958/domains/a1merchantsolutions.triviio.com/public_html/vendor/laravel/framework/src/Illuminate/Http/Middleware/TrustProxies.php(58): Illuminate\\Pipeline\\Pipeline->Illuminate\\Pipeline\\{closure}()
#51 /home/u533806958/domains/a1merchantsolutions.triviio.com/public_html/vendor/laravel/framework/src/Illuminate/Pipeline/Pipeline.php(219): Illuminate\\Http\\Middleware\\TrustProxies->handle()
#52 /home/u533806958/domains/a1merchantsolutions.triviio.com/public_html/vendor/laravel/framework/src/Illuminate/Foundation/Http/Middleware/InvokeDeferredCallbacks.php(22): Illuminate\\Pipeline\\Pipeline->Illuminate\\Pipeline\\{closure}()
#53 /home/u533806958/domains/a1merchantsolutions.triviio.com/public_html/vendor/laravel/framework/src/Illuminate/Pipeline/Pipeline.php(219): Illuminate\\Foundation\\Http\\Middleware\\InvokeDeferredCallbacks->handle()
#54 /home/u533806958/domains/a1merchantsolutions.triviio.com/public_html/vendor/laravel/framework/src/Illuminate/Http/Middleware/ValidatePathEncoding.php(26): Illuminate\\Pipeline\\Pipeline->Illuminate\\Pipeline\\{closure}()
#55 /home/u533806958/domains/a1merchantsolutions.triviio.com/public_html/vendor/laravel/framework/src/Illuminate/Pipeline/Pipeline.php(219): Illuminate\\Http\\Middleware\\ValidatePathEncoding->handle()
#56 /home/u533806958/domains/a1merchantsolutions.triviio.com/public_html/vendor/laravel/framework/src/Illuminate/Pipeline/Pipeline.php(137): Illuminate\\Pipeline\\Pipeline->Illuminate\\Pipeline\\{closure}()
#57 /home/u533806958/domains/a1merchantsolutions.triviio.com/public_html/vendor/laravel/framework/src/Illuminate/Foundation/Http/Kernel.php(175): Illuminate\\Pipeline\\Pipeline->then()
#58 /home/u533806958/domains/a1merchantsolutions.triviio.com/public_html/vendor/laravel/framework/src/Illuminate/Foundation/Http/Kernel.php(144): Illuminate\\Foundation\\Http\\Kernel->sendRequestThroughRouter()
#59 /home/u533806958/domains/a1merchantsolutions.triviio.com/public_html/vendor/laravel/framework/src/Illuminate/Foundation/Application.php(1220): Illuminate\\Foundation\\Http\\Kernel->handle()
#60 /home/u533806958/domains/a1merchantsolutions.triviio.com/public_html/public/index.php(15): Illuminate\\Foundation\\Application->handleRequest()
#61 {main}
"} 
[2026-08-13 13:11:58] local.ERROR: SQLSTATE[HY000] [2002] Operation not permitted (Connection: mysql, Host: 127.0.0.1, Port: 3306, Database: u533806958_adcoupon, SQL: select * from `sessions` where `id` = QulFhHMXKY2R1hgegmEMjxV1t16Kgz8fSP4weIF8 limit 1) {"exception":"[object] (Illuminate\\Database\\QueryException(code: 2002): SQLSTATE[HY000] [2002] Operation not permitted (Connection: mysql, Host: 127.0.0.1, Port: 3306, Database: u533806958_adcoupon, SQL: select * from `sessions` where `id` = QulFhHMXKY2R1hgegmEMjxV1t16Kgz8fSP4weIF8 limit 1) at /home/u533806958/domains/a1merchantsolutions.triviio.com/public_html/vendor/laravel/framework/src/Illuminate/Database/Connection.php:838)
[stacktrace]
#0 /home/u533806958/domains/a1merchantsolutions.triviio.com/public_html/vendor/laravel/framework/src/Illuminate/Database/Connection.php(794): Illuminate\\Database\\Connection->runQueryCallback()
#1 /home/u533806958/domains/a1merchantsolutions.triviio.com/public_html/vendor/laravel/framework/src/Illuminate/Database/Connection.php(411): Illuminate\\Database\\Connection->run()
#2 /home/u533806958/domains/a1merchantsolutions.triviio.com/public_html/vendor/laravel/framework/src/Illuminate/Database/Query/Builder.php(3505): Illuminate\\Database\\Connection->select()
#3 /home/u533806958/domains/a1merchantsolutions.triviio.com/public_html/vendor/laravel/framework/src/Illuminate/Database/Query/Builder.php(3490): Illuminate\\Database\\Query\\Builder->runSelect()
#4 /home/u533806958/domains/a1merchantsolutions.triviio.com/public_html/vendor/laravel/framework/src/Illuminate/Database/Query/Builder.php(4080): Illuminate\\Database\\Query\\Builder->Illuminate\\Database\\Query\\{closure}()
#5 /home/u533806958/domains/a1merchantsolutions.triviio.com/public_html/vendor/laravel/framework/src/Illuminate/Database/Query/Builder.php(3489): Illuminate\\Database\\Query\\Builder->onceWithColumns()
#6 /home/u533806958/domains/a1merchantsolutions.triviio.com/public_html/vendor/laravel/framework/src/Illuminate/Database/Concerns/BuildsQueries.php(366): Illuminate\\Database\\Query\\Builder->get()
#7 /home/u533806958/domains/a1merchantsolutions.triviio.com/public_html/vendor/laravel/framework/src/Illuminate/Database/Query/Builder.php(3412): Illuminate\\Database\\Query\\Builder->first()
#8 /home/u533806958/domains/a1merchantsolutions.triviio.com/public_html/vendor/laravel/framework/src/Illuminate/Session/DatabaseSessionHandler.php(96): Illuminate\\Database\\Query\\Builder->find()
#9 /home/u533806958/domains/a1merchantsolutions.triviio.com/public_html/vendor/laravel/framework/src/Illuminate/Session/Store.php(128): Illuminate\\Session\\DatabaseSessionHandler->read()
#10 /home/u533806958/domains/a1merchantsolutions.triviio.com/public_html/vendor/laravel/framework/src/Illuminate/Session/Store.php(116): Illuminate\\Session\\Store->readFromHandler()
#11 /home/u533806958/domains/a1merchantsolutions.triviio.com/public_html/vendor/laravel/framework/src/Illuminate/Session/Store.php(100): Illuminate\\Session\\Store->loadSession()
#12 /home/u533806958/domains/a1merchantsolutions.triviio.com/public_html/vendor/laravel/framework/src/Illuminate/Session/Middleware/StartSession.php(146): Illuminate\\Session\\Store->start()
#13 /home/u533806958/domains/a1merchantsolutions.triviio.com/public_html/vendor/laravel/framework/src/Illuminate/Support/helpers.php(393): Illuminate\\Session\\Middleware\\StartSession->Illuminate\\Session\\Middleware\\{closure}()
#14 /home/u533806958/domains/a1merchantsolutions.triviio.com/public_html/vendor/laravel/framework/src/Illuminate/Session/Middleware/StartSession.php(143): tap()
#15 /home/u533806958/domains/a1merchantsolutions.triviio.com/public_html/vendor/laravel/framework/src/Illuminate/Session/Middleware/StartSession.php(115): Illuminate\\Session\\Middleware\\StartSession->startSession()
#16 /home/u533806958/domains/a1merchantsolutions.triviio.com/public_html/vendor/laravel/framework/src/Illuminate/Session/Middleware/StartSession.php(63): Illuminate\\Session\\Middleware\\StartSession->handleStatefulRequest()
#17 /home/u533806958/domains/a1merchantsolutions.triviio.com/public_html/vendor/laravel/framework/src/Illuminate/Pipeline/Pipeline.php(219): Illuminate\\Session\\Middleware\\StartSession->handle()
#18 /home/u533806958/domains/a1merchantsolutions.triviio.com/public_html/vendor/laravel/framework/src/Illuminate/Cookie/Middleware/AddQueuedCookiesToResponse.php(36): Illuminate\\Pipeline\\Pipeline->Illuminate\\Pipeline\\{closure}()
#19 /home/u533806958/domains/a1merchantsolutions.triviio.com/public_html/vendor/laravel/framework/src/Illuminate/Pipeline/Pipeline.php(219): Illuminate\\Cookie\\Middleware\\AddQueuedCookiesToResponse->handle()
#20 /home/u533806958/domains/a1merchantsolutions.triviio.com/public_html/vendor/laravel/framework/src/Illuminate/Cookie/Middleware/EncryptCookies.php(74): Illuminate\\Pipeline\\Pipeline->Illuminate\\Pipeline\\{closure}()
#21 /home/u533806958/domains/a1merchantsolutions.triviio.com/public_html/vendor/laravel/framework/src/Illuminate/Pipeline/Pipeline.php(219): Illuminate\\Cookie\\Middleware\\EncryptCookies->handle()
#22 /home/u533806958/domains/a1merchantsolutions.triviio.com/public_html/vendor/laravel/framework/src/Illuminate/Pipeline/Pipeline.php(137): Illuminate\\Pipeline\\Pipeline->Illuminate\\Pipeline\\{closure}()
#23 /home/u533806958/domains/a1merchantsolutions.triviio.com/public_html/vendor/laravel/framework/src/Illuminate/Routing/Router.php(821): Illuminate\\Pipeline\\Pipeline->then()
#24 /home/u533806958/domains/a1merchantsolutions.triviio.com/public_html/vendor/laravel/framework/src/Illuminate/Routing/Router.php(800): Illuminate\\Routing\\Router->runRouteWithinStack()
#25 /home/u533806958/domains/a1merchantsolutions.triviio.com/public_html/vendor/laravel/framework/src/Illuminate/Routing/Router.php(764): Illuminate\\Routing\\Router->runRoute()
#26 /home/u533806958/domains/a1merchantsolutions.triviio.com/public_html/vendor/laravel/framework/src/Illuminate/Routing/Router.php(753): Illuminate\\Routing\\Router->dispatchToRoute()
#27 /home/u533806958/domains/a1merchantsolutions.triviio.com/public_html/vendor/laravel/framework/src/Illuminate/Foundation/Http/Kernel.php(200): Illuminate\\Routing\\Router->dispatch()
#28 /home/u533806958/domains/a1merchantsolutions.triviio.com/public_html/vendor/laravel/framework/src/Illuminate/Pipeline/Pipeline.php(180): Illuminate\\Foundation\\Http\\Kernel->Illuminate\\Foundation\\Http\\{closure}()
#29 /home/u533806958/domains/a1merchantsolutions.triviio.com/public_html/vendor/laravel/framework/src/Illuminate/Foundation/Http/Middleware/TransformsRequest.php(21): Illuminate\\Pipeline\\Pipeline->Illuminate\\Pipeline\\{closure}()
#30 /home/u533806958/domains/a1merchantsolutions.triviio.com/public_html/vendor/laravel/framework/src/Illuminate/Foundation/Http/Middleware/ConvertEmptyStringsToNull.php(31): Illuminate\\Foundation\\Http\\Middleware\\TransformsRequest->handle()
#31 /home/u533806958/domains/a1merchantsolutions.triviio.com/public_html/vendor/laravel/framework/src/Illuminate/Pipeline/Pipeline.php(219): Illuminate\\Foundation\\Http\\Middleware\\ConvertEmptyStringsToNull->handle()
#32 /home/u533806958/domains/a1merchantsolutions.triviio.com/public_html/vendor/laravel/framework/src/Illuminate/Foundation/Http/Middleware/TransformsRequest.php(21): Illuminate\\Pipeline\\Pipeline->Illuminate\\Pipeline\\{closure}()
#33 /home/u533806958/domains/a1merchantsolutions.triviio.com/public_html/vendor/laravel/framework/src/Illuminate/Foundation/Http/Middleware/TrimStrings.php(51): Illuminate\\Foundation\\Http\\Middleware\\TransformsRequest->handle()
#34 /home/u533806958/domains/a1merchantsolutions.triviio.com/public_html/vendor/laravel/framework/src/Illuminate/Pipeline/Pipeline.php(219): Illuminate\\Foundation\\Http\\Middleware\\TrimStrings->handle()
#35 /home/u533806958/domains/a1merchantsolutions.triviio.com/public_html/vendor/laravel/framework/src/Illuminate/Http/Middleware/ValidatePostSize.php(27): Illuminate\\Pipeline\\Pipeline->Illuminate\\Pipeline\\{closure}()
#36 /home/u533806958/domains/a1merchantsolutions.triviio.com/public_html/vendor/laravel/framework/src/Illuminate/Pipeline/Pipeline.php(219): Illuminate\\Http\\Middleware\\ValidatePostSize->handle()
#37 /home/u533806958/domains/a1merchantsolutions.triviio.com/public_html/vendor/laravel/framework/src/Illuminate/Foundation/Http/Middleware/PreventRequestsDuringMaintenance.php(109): Illuminate\\Pipeline\\Pipeline->Illuminate\\Pipeline\\{closure}()
#38 /home/u533806958/domains/a1merchantsolutions.triviio.com/public_html/vendor/laravel/framework/src/Illuminate/Pipeline/Pipeline.php(219): Illuminate\\Foundation\\Http\\Middleware\\PreventRequestsDuringMaintenance->handle()
#39 /home/u533806958/domains/a1merchantsolutions.triviio.com/public_html/vendor/laravel/framework/src/Illuminate/Http/Middleware/HandleCors.php(61): Illuminate\\Pipeline\\Pipeline->Illuminate\\Pipeline\\{closure}()
#40 /home/u533806958/domains/a1merchantsolutions.triviio.com/public_html/vendor/laravel/framework/src/Illuminate/Pipeline/Pipeline.php(219): Illuminate\\Http\\Middleware\\HandleCors->handle()
#41 /home/u533806958/domains/a1merchantsolutions.triviio.com/public_html/vendor/laravel/framework/src/Illuminate/Http/Middleware/TrustProxies.php(58): Illuminate\\Pipeline\\Pipeline->Illuminate\\Pipeline\\{closure}()
#42 /home/u533806958/domains/a1merchantsolutions.triviio.com/public_html/vendor/laravel/framework/src/Illuminate/Pipeline/Pipeline.php(219): Illuminate\\Http\\Middleware\\TrustProxies->handle()
#43 /home/u533806958/domains/a1merchantsolutions.triviio.com/public_html/vendor/laravel/framework/src/Illuminate/Foundation/Http/Middleware/InvokeDeferredCallbacks.php(22): Illuminate\\Pipeline\\Pipeline->Illuminate\\Pipeline\\{closure}()
#44 /home/u533806958/domains/a1merchantsolutions.triviio.com/public_html/vendor/laravel/framework/src/Illuminate/Pipeline/Pipeline.php(219): Illuminate\\Foundation\\Http\\Middleware\\InvokeDeferredCallbacks->handle()
#45 /home/u533806958/domains/a1merchantsolutions.triviio.com/public_html/vendor/laravel/framework/src/Illuminate/Http/Middleware/ValidatePathEncoding.php(26): Illuminate\\Pipeline\\Pipeline->Illuminate\\Pipeline\\{closure}()
#46 /home/u533806958/domains/a1merchantsolutions.triviio.com/public_html/vendor/laravel/framework/src/Illuminate/Pipeline/Pipeline.php(219): Illuminate\\Http\\Middleware\\ValidatePathEncoding->handle()
#47 /home/u533806958/domains/a1merchantsolutions.triviio.com/public_html/vendor/laravel/framework/src/Illuminate/Pipeline/Pipeline.php(137): Illuminate\\Pipeline\\Pipeline->Illuminate\\Pipeline\\{closure}()
#48 /home/u533806958/domains/a1merchantsolutions.triviio.com/public_html/vendor/laravel/framework/src/Illuminate/Foundation/Http/Kernel.php(175): Illuminate\\Pipeline\\Pipeline->then()
#49 /home/u533806958/domains/a1merchantsolutions.triviio.com/public_html/vendor/laravel/framework/src/Illuminate/Foundation/Http/Kernel.php(144): Illuminate\\Foundation\\Http\\Kernel->sendRequestThroughRouter()
#50 /home/u533806958/domains/a1merchantsolutions.triviio.com/public_html/vendor/laravel/framework/src/Illuminate/Foundation/Application.php(1220): Illuminate\\Foundation\\Http\\Kernel->handle()
#51 /home/u533806958/domains/a1merchantsolutions.triviio.com/public_html/public/index.php(15): Illuminate\\Foundation\\Application->handleRequest()
#52 {main}

[previous exception] [object] (PDOException(code: 2002): SQLSTATE[HY000] [2002] Operation not permitted at /home/u533806958/domains/a1merchantsolutions.triviio.com/public_html/vendor/laravel/framework/src/Illuminate/Database/Connectors/Connector.php:66)
[stacktrace]
#0 /home/u533806958/domains/a1merchantsolutions.triviio.com/public_html/vendor/laravel/framework/src/Illuminate/Database/Connectors/Connector.php(66): PDO->__construct()
#1 /home/u533806958/domains/a1merchantsolutions.triviio.com/public_html/vendor/laravel/framework/src/Illuminate/Database/Connectors/Connector.php(44): Illuminate\\Database\\Connectors\\Connector->createPdoConnection()
#2 /home/u533806958/domains/a1merchantsolutions.triviio.com/public_html/vendor/laravel/framework/src/Illuminate/Database/Connectors/MySqlConnector.php(24): Illuminate\\Database\\Connectors\\Connector->createConnection()
#3 /home/u533806958/domains/a1merchantsolutions.triviio.com/public_html/vendor/laravel/framework/src/Illuminate/Database/Connectors/ConnectionFactory.php(186): Illuminate\\Database\\Connectors\\MySqlConnector->connect()
#4 [internal function]: Illuminate\\Database\\Connectors\\ConnectionFactory->Illuminate\\Database\\Connectors\\{closure}()
#5 /home/u533806958/domains/a1merchantsolutions.triviio.com/public_html/vendor/laravel/framework/src/Illuminate/Database/Connection.php(1257): call_user_func()
#6 /home/u533806958/domains/a1merchantsolutions.triviio.com/public_html/vendor/laravel/framework/src/Illuminate/Database/Connection.php(525): Illuminate\\Database\\Connection->getPdo()
#7 /home/u533806958/domains/a1merchantsolutions.triviio.com/public_html/vendor/laravel/framework/src/Illuminate/Database/Connection.php(420): Illuminate\\Database\\Connection->getPdoForSelect()
#8 /home/u533806958/domains/a1merchantsolutions.triviio.com/public_html/vendor/laravel/framework/src/Illuminate/Database/Connection.php(827): Illuminate\\Database\\Connection->Illuminate\\Database\\{closure}()
#9 /home/u533806958/domains/a1merchantsolutions.triviio.com/public_html/vendor/laravel/framework/src/Illuminate/Database/Connection.php(794): Illuminate\\Database\\Connection->runQueryCallback()
#10 /home/u533806958/domains/a1merchantsolutions.triviio.com/public_html/vendor/laravel/framework/src/Illuminate/Database/Connection.php(411): Illuminate\\Database\\Connection->run()
#11 /home/u533806958/domains/a1merchantsolutions.triviio.com/public_html/vendor/laravel/framework/src/Illuminate/Database/Query/Builder.php(3505): Illuminate\\Database\\Connection->select()
#12 /home/u533806958/domains/a1merchantsolutions.triviio.com/public_html/vendor/laravel/framework/src/Illuminate/Database/Query/Builder.php(3490): Illuminate\\Database\\Query\\Builder->runSelect()
#13 /home/u533806958/domains/a1merchantsolutions.triviio.com/public_html/vendor/laravel/framework/src/Illuminate/Database/Query/Builder.php(4080): Illuminate\\Database\\Query\\Builder->Illuminate\\Database\\Query\\{closure}()
#14 /home/u533806958/domains/a1merchantsolutions.triviio.com/public_html/vendor/laravel/framework/src/Illuminate/Database/Query/Builder.php(3489): Illuminate\\Database\\Query\\Builder->onceWithColumns()
#15 /home/u533806958/domains/a1merchantsolutions.triviio.com/public_html/vendor/laravel/framework/src/Illuminate/Database/Concerns/BuildsQueries.php(366): Illuminate\\Database\\Query\\Builder->get()
#16 /home/u533806958/domains/a1merchantsolutions.triviio.com/public_html/vendor/laravel/framework/src/Illuminate/Database/Query/Builder.php(3412): Illuminate\\Database\\Query\\Builder->first()
#17 /home/u533806958/domains/a1merchantsolutions.triviio.com/public_html/vendor/laravel/framework/src/Illuminate/Session/DatabaseSessionHandler.php(96): Illuminate\\Database\\Query\\Builder->find()
#18 /home/u533806958/domains/a1merchantsolutions.triviio.com/public_html/vendor/laravel/framework/src/Illuminate/Session/Store.php(128): Illuminate\\Session\\DatabaseSessionHandler->read()
#19 /home/u533806958/domains/a1merchantsolutions.triviio.com/public_html/vendor/laravel/framework/src/Illuminate/Session/Store.php(116): Illuminate\\Session\\Store->readFromHandler()
#20 /home/u533806958/domains/a1merchantsolutions.triviio.com/public_html/vendor/laravel/framework/src/Illuminate/Session/Store.php(100): Illuminate\\Session\\Store->loadSession()
#21 /home/u533806958/domains/a1merchantsolutions.triviio.com/public_html/vendor/laravel/framework/src/Illuminate/Session/Middleware/StartSession.php(146): Illuminate\\Session\\Store->start()
#22 /home/u533806958/domains/a1merchantsolutions.triviio.com/public_html/vendor/laravel/framework/src/Illuminate/Support/helpers.php(393): Illuminate\\Session\\Middleware\\StartSession->Illuminate\\Session\\Middleware\\{closure}()
#23 /home/u533806958/domains/a1merchantsolutions.triviio.com/public_html/vendor/laravel/framework/src/Illuminate/Session/Middleware/StartSession.php(143): tap()
#24 /home/u533806958/domains/a1merchantsolutions.triviio.com/public_html/vendor/laravel/framework/src/Illuminate/Session/Middleware/StartSession.php(115): Illuminate\\Session\\Middleware\\StartSession->startSession()
#25 /home/u533806958/domains/a1merchantsolutions.triviio.com/public_html/vendor/laravel/framework/src/Illuminate/Session/Middleware/StartSession.php(63): Illuminate\\Session\\Middleware\\StartSession->handleStatefulRequest()
#26 /home/u533806958/domains/a1merchantsolutions.triviio.com/public_html/vendor/laravel/framework/src/Illuminate/Pipeline/Pipeline.php(219): Illuminate\\Session\\Middleware\\StartSession->handle()
#27 /home/u533806958/domains/a1merchantsolutions.triviio.com/public_html/vendor/laravel/framework/src/Illuminate/Cookie/Middleware/AddQueuedCookiesToResponse.php(36): Illuminate\\Pipeline\\Pipeline->Illuminate\\Pipeline\\{closure}()
#28 /home/u533806958/domains/a1merchantsolutions.triviio.com/public_html/vendor/laravel/framework/src/Illuminate/Pipeline/Pipeline.php(219): Illuminate\\Cookie\\Middleware\\AddQueuedCookiesToResponse->handle()
#29 /home/u533806958/domains/a1merchantsolutions.triviio.com/public_html/vendor/laravel/framework/src/Illuminate/Cookie/Middleware/EncryptCookies.php(74): Illuminate\\Pipeline\\Pipeline->Illuminate\\Pipeline\\{closure}()
#30 /home/u533806958/domains/a1merchantsolutions.triviio.com/public_html/vendor/laravel/framework/src/Illuminate/Pipeline/Pipeline.php(219): Illuminate\\Cookie\\Middleware\\EncryptCookies->handle()
#31 /home/u533806958/domains/a1merchantsolutions.triviio.com/public_html/vendor/laravel/framework/src/Illuminate/Pipeline/Pipeline.php(137): Illuminate\\Pipeline\\Pipeline->Illuminate\\Pipeline\\{closure}()
#32 /home/u533806958/domains/a1merchantsolutions.triviio.com/public_html/vendor/laravel/framework/src/Illuminate/Routing/Router.php(821): Illuminate\\Pipeline\\Pipeline->then()
#33 /home/u533806958/domains/a1merchantsolutions.triviio.com/public_html/vendor/laravel/framework/src/Illuminate/Routing/Router.php(800): Illuminate\\Routing\\Router->runRouteWithinStack()
#34 /home/u533806958/domains/a1merchantsolutions.triviio.com/public_html/vendor/laravel/framework/src/Illuminate/Routing/Router.php(764): Illuminate\\Routing\\Router->runRoute()
#35 /home/u533806958/domains/a1merchantsolutions.triviio.com/public_html/vendor/laravel/framework/src/Illuminate/Routing/Router.php(753): Illuminate\\Routing\\Router->dispatchToRoute()
#36 /home/u533806958/domains/a1merchantsolutions.triviio.com/public_html/vendor/laravel/framework/src/Illuminate/Foundation/Http/Kernel.php(200): Illuminate\\Routing\\Router->dispatch()
#37 /home/u533806958/domains/a1merchantsolutions.triviio.com/public_html/vendor/laravel/framework/src/Illuminate/Pipeline/Pipeline.php(180): Illuminate\\Foundation\\Http\\Kernel->Illuminate\\Foundation\\Http\\{closure}()
#38 /home/u533806958/domains/a1merchantsolutions.triviio.com/public_html/vendor/laravel/framework/src/Illuminate/Foundation/Http/Middleware/TransformsRequest.php(21): Illuminate\\Pipeline\\Pipeline->Illuminate\\Pipeline\\{closure}()
#39 /home/u533806958/domains/a1merchantsolutions.triviio.com/public_html/vendor/laravel/framework/src/Illuminate/Foundation/Http/Middleware/ConvertEmptyStringsToNull.php(31): Illuminate\\Foundation\\Http\\Middleware\\TransformsRequest->handle()
#40 /home/u533806958/domains/a1merchantsolutions.triviio.com/public_html/vendor/laravel/framework/src/Illuminate/Pipeline/Pipeline.php(219): Illuminate\\Foundation\\Http\\Middleware\\ConvertEmptyStringsToNull->handle()
#41 /home/u533806958/domains/a1merchantsolutions.triviio.com/public_html/vendor/laravel/framework/src/Illuminate/Foundation/Http/Middleware/TransformsRequest.php(21): Illuminate\\Pipeline\\Pipeline->Illuminate\\Pipeline\\{closure}()
#42 /home/u533806958/domains/a1merchantsolutions.triviio.com/public_html/vendor/laravel/framework/src/Illuminate/Foundation/Http/Middleware/TrimStrings.php(51): Illuminate\\Foundation\\Http\\Middleware\\TransformsRequest->handle()
#43 /home/u533806958/domains/a1merchantsolutions.triviio.com/public_html/vendor/laravel/framework/src/Illuminate/Pipeline/Pipeline.php(219): Illuminate\\Foundation\\Http\\Middleware\\TrimStrings->handle()
#44 /home/u533806958/domains/a1merchantsolutions.triviio.com/public_html/vendor/laravel/framework/src/Illuminate/Http/Middleware/ValidatePostSize.php(27): Illuminate\\Pipeline\\Pipeline->Illuminate\\Pipeline\\{closure}()
#45 /home/u533806958/domains/a1merchantsolutions.triviio.com/public_html/vendor/laravel/framework/src/Illuminate/Pipeline/Pipeline.php(219): Illuminate\\Http\\Middleware\\ValidatePostSize->handle()
#46 /home/u533806958/domains/a1merchantsolutions.triviio.com/public_html/vendor/laravel/framework/src/Illuminate/Foundation/Http/Middleware/PreventRequestsDuringMaintenance.php(109): Illuminate\\Pipeline\\Pipeline->Illuminate\\Pipeline\\{closure}()
#47 /home/u533806958/domains/a1merchantsolutions.triviio.com/public_html/vendor/laravel/framework/src/Illuminate/Pipeline/Pipeline.php(219): Illuminate\\Foundation\\Http\\Middleware\\PreventRequestsDuringMaintenance->handle()
#48 /home/u533806958/domains/a1merchantsolutions.triviio.com/public_html/vendor/laravel/framework/src/Illuminate/Http/Middleware/HandleCors.php(61): Illuminate\\Pipeline\\Pipeline->Illuminate\\Pipeline\\{closure}()
#49 /home/u533806958/domains/a1merchantsolutions.triviio.com/public_html/vendor/laravel/framework/src/Illuminate/Pipeline/Pipeline.php(219): Illuminate\\Http\\Middleware\\HandleCors->handle()
#50 /home/u533806958/domains/a1merchantsolutions.triviio.com/public_html/vendor/laravel/framework/src/Illuminate/Http/Middleware/TrustProxies.php(58): Illuminate\\Pipeline\\Pipeline->Illuminate\\Pipeline\\{closure}()
#51 /home/u533806958/domains/a1merchantsolutions.triviio.com/public_html/vendor/laravel/framework/src/Illuminate/Pipeline/Pipeline.php(219): Illuminate\\Http\\Middleware\\TrustProxies->handle()
#52 /home/u533806958/domains/a1merchantsolutions.triviio.com/public_html/vendor/laravel/framework/src/Illuminate/Foundation/Http/Middleware/InvokeDeferredCallbacks.php(22): Illuminate\\Pipeline\\Pipeline->Illuminate\\Pipeline\\{closure}()
#53 /home/u533806958/domains/a1merchantsolutions.triviio.com/public_html/vendor/laravel/framework/src/Illuminate/Pipeline/Pipeline.php(219): Illuminate\\Foundation\\Http\\Middleware\\InvokeDeferredCallbacks->handle()
#54 /home/u533806958/domains/a1merchantsolutions.triviio.com/public_html/vendor/laravel/framework/src/Illuminate/Http/Middleware/ValidatePathEncoding.php(26): Illuminate\\Pipeline\\Pipeline->Illuminate\\Pipeline\\{closure}()
#55 /home/u533806958/domains/a1merchantsolutions.triviio.com/public_html/vendor/laravel/framework/src/Illuminate/Pipeline/Pipeline.php(219): Illuminate\\Http\\Middleware\\ValidatePathEncoding->handle()
#56 /home/u533806958/domains/a1merchantsolutions.triviio.com/public_html/vendor/laravel/framework/src/Illuminate/Pipeline/Pipeline.php(137): Illuminate\\Pipeline\\Pipeline->Illuminate\\Pipeline\\{closure}()
#57 /home/u533806958/domains/a1merchantsolutions.triviio.com/public_html/vendor/laravel/framework/src/Illuminate/Foundation/Http/Kernel.php(175): Illuminate\\Pipeline\\Pipeline->then()
#58 /home/u533806958/domains/a1merchantsolutions.triviio.com/public_html/vendor/laravel/framework/src/Illuminate/Foundation/Http/Kernel.php(144): Illuminate\\Foundation\\Http\\Kernel->sendRequestThroughRouter()
#59 /home/u533806958/domains/a1merchantsolutions.triviio.com/public_html/vendor/laravel/framework/src/Illuminate/Foundation/Application.php(1220): Illuminate\\Foundation\\Http\\Kernel->handle()
#60 /home/u533806958/domains/a1merchantsolutions.triviio.com/public_html/public/index.php(15): Illuminate\\Foundation\\Application->handleRequest()
#61 {main}
"} 
[2026-08-13 13:11:58] local.ERROR: SQLSTATE[HY000] [2002] Operation not permitted (Connection: mysql, Host: 127.0.0.1, Port: 3306, Database: u533806958_adcoupon, SQL: select * from `sessions` where `id` = QulFhHMXKY2R1hgegmEMjxV1t16Kgz8fSP4weIF8 limit 1) {"exception":"[object] (Illuminate\\Database\\QueryException(code: 2002): SQLSTATE[HY000] [2002] Operation not permitted (Connection: mysql, Host: 127.0.0.1, Port: 3306, Database: u533806958_adcoupon, SQL: select * from `sessions` where `id` = QulFhHMXKY2R1hgegmEMjxV1t16Kgz8fSP4weIF8 limit 1) at /home/u533806958/domains/a1merchantsolutions.triviio.com/public_html/vendor/laravel/framework/src/Illuminate/Database/Connection.php:838)
[stacktrace]
#0 /home/u533806958/domains/a1merchantsolutions.triviio.com/public_html/vendor/laravel/framework/src/Illuminate/Database/Connection.php(794): Illuminate\\Database\\Connection->runQueryCallback()
#1 /home/u533806958/domains/a1merchantsolutions.triviio.com/public_html/vendor/laravel/framework/src/Illuminate/Database/Connection.php(411): Illuminate\\Database\\Connection->run()
#2 /home/u533806958/domains/a1merchantsolutions.triviio.com/public_html/vendor/laravel/framework/src/Illuminate/Database/Query/Builder.php(3505): Illuminate\\Database\\Connection->select()
#3 /home/u533806958/domains/a1merchantsolutions.triviio.com/public_html/vendor/laravel/framework/src/Illuminate/Database/Query/Builder.php(3490): Illuminate\\Database\\Query\\Builder->runSelect()
#4 /home/u533806958/domains/a1merchantsolutions.triviio.com/public_html/vendor/laravel/framework/src/Illuminate/Database/Query/Builder.php(4080): Illuminate\\Database\\Query\\Builder->Illuminate\\Database\\Query\\{closure}()
#5 /home/u533806958/domains/a1merchantsolutions.triviio.com/public_html/vendor/laravel/framework/src/Illuminate/Database/Query/Builder.php(3489): Illuminate\\Database\\Query\\Builder->onceWithColumns()
#6 /home/u533806958/domains/a1merchantsolutions.triviio.com/public_html/vendor/laravel/framework/src/Illuminate/Database/Concerns/BuildsQueries.php(366): Illuminate\\Database\\Query\\Builder->get()
#7 /home/u533806958/domains/a1merchantsolutions.triviio.com/public_html/vendor/laravel/framework/src/Illuminate/Database/Query/Builder.php(3412): Illuminate\\Database\\Query\\Builder->first()
#8 /home/u533806958/domains/a1merchantsolutions.triviio.com/public_html/vendor/laravel/framework/src/Illuminate/Session/DatabaseSessionHandler.php(96): Illuminate\\Database\\Query\\Builder->find()
#9 /home/u533806958/domains/a1merchantsolutions.triviio.com/public_html/vendor/laravel/framework/src/Illuminate/Session/Store.php(128): Illuminate\\Session\\DatabaseSessionHandler->read()
#10 /home/u533806958/domains/a1merchantsolutions.triviio.com/public_html/vendor/laravel/framework/src/Illuminate/Session/Store.php(116): Illuminate\\Session\\Store->readFromHandler()
#11 /home/u533806958/domains/a1merchantsolutions.triviio.com/public_html/vendor/laravel/framework/src/Illuminate/Session/Store.php(100): Illuminate\\Session\\Store->loadSession()
#12 /home/u533806958/domains/a1merchantsolutions.triviio.com/public_html/vendor/laravel/framework/src/Illuminate/Session/Middleware/StartSession.php(146): Illuminate\\Session\\Store->start()
#13 /home/u533806958/domains/a1merchantsolutions.triviio.com/public_html/vendor/laravel/framework/src/Illuminate/Support/helpers.php(393): Illuminate\\Session\\Middleware\\StartSession->Illuminate\\Session\\Middleware\\{closure}()
#14 /home/u533806958/domains/a1merchantsolutions.triviio.com/public_html/vendor/laravel/framework/src/Illuminate/Session/Middleware/StartSession.php(143): tap()
#15 /home/u533806958/domains/a1merchantsolutions.triviio.com/public_html/vendor/laravel/framework/src/Illuminate/Session/Middleware/StartSession.php(115): Illuminate\\Session\\Middleware\\StartSession->startSession()
#16 /home/u533806958/domains/a1merchantsolutions.triviio.com/public_html/vendor/laravel/framework/src/Illuminate/Session/Middleware/StartSession.php(63): Illuminate\\Session\\Middleware\\StartSession->handleStatefulRequest()
#17 /home/u533806958/domains/a1merchantsolutions.triviio.com/public_html/vendor/laravel/framework/src/Illuminate/Pipeline/Pipeline.php(219): Illuminate\\Session\\Middleware\\StartSession->handle()
#18 /home/u533806958/domains/a1merchantsolutions.triviio.com/public_html/vendor/laravel/framework/src/Illuminate/Cookie/Middleware/AddQueuedCookiesToResponse.php(36): Illuminate\\Pipeline\\Pipeline->Illuminate\\Pipeline\\{closure}()
#19 /home/u533806958/domains/a1merchantsolutions.triviio.com/public_html/vendor/laravel/framework/src/Illuminate/Pipeline/Pipeline.php(219): Illuminate\\Cookie\\Middleware\\AddQueuedCookiesToResponse->handle()
#20 /home/u533806958/domains/a1merchantsolutions.triviio.com/public_html/vendor/laravel/framework/src/Illuminate/Cookie/Middleware/EncryptCookies.php(74): Illuminate\\Pipeline\\Pipeline->Illuminate\\Pipeline\\{closure}()
#21 /home/u533806958/domains/a1merchantsolutions.triviio.com/public_html/vendor/laravel/framework/src/Illuminate/Pipeline/Pipeline.php(219): Illuminate\\Cookie\\Middleware\\EncryptCookies->handle()
#22 /home/u533806958/domains/a1merchantsolutions.triviio.com/public_html/vendor/laravel/framework/src/Illuminate/Pipeline/Pipeline.php(137): Illuminate\\Pipeline\\Pipeline->Illuminate\\Pipeline\\{closure}()
#23 /home/u533806958/domains/a1merchantsolutions.triviio.com/public_html/vendor/laravel/framework/src/Illuminate/Routing/Router.php(821): Illuminate\\Pipeline\\Pipeline->then()
#24 /home/u533806958/domains/a1merchantsolutions.triviio.com/public_html/vendor/laravel/framework/src/Illuminate/Routing/Router.php(800): Illuminate\\Routing\\Router->runRouteWithinStack()
#25 /home/u533806958/domains/a1merchantsolutions.triviio.com/public_html/vendor/laravel/framework/src/Illuminate/Routing/Router.php(764): Illuminate\\Routing\\Router->runRoute()
#26 /home/u533806958/domains/a1merchantsolutions.triviio.com/public_html/vendor/laravel/framework/src/Illuminate/Routing/Router.php(753): Illuminate\\Routing\\Router->dispatchToRoute()
#27 /home/u533806958/domains/a1merchantsolutions.triviio.com/public_html/vendor/laravel/framework/src/Illuminate/Foundation/Http/Kernel.php(200): Illuminate\\Routing\\Router->dispatch()
#28 /home/u533806958/domains/a1merchantsolutions.triviio.com/public_html/vendor/laravel/framework/src/Illuminate/Pipeline/Pipeline.php(180): Illuminate\\Foundation\\Http\\Kernel->Illuminate\\Foundation\\Http\\{closure}()
#29 /home/u533806958/domains/a1merchantsolutions.triviio.com/public_html/vendor/laravel/framework/src/Illuminate/Foundation/Http/Middleware/TransformsRequest.php(21): Illuminate\\Pipeline\\Pipeline->Illuminate\\Pipeline\\{closure}()
#30 /home/u533806958/domains/a1merchantsolutions.triviio.com/public_html/vendor/laravel/framework/src/Illuminate/Foundation/Http/Middleware/ConvertEmptyStringsToNull.php(31): Illuminate\\Foundation\\Http\\Middleware\\TransformsRequest->handle()
#31 /home/u533806958/domains/a1merchantsolutions.triviio.com/public_html/vendor/laravel/framework/src/Illuminate/Pipeline/Pipeline.php(219): Illuminate\\Foundation\\Http\\Middleware\\ConvertEmptyStringsToNull->handle()
#32 /home/u533806958/domains/a1merchantsolutions.triviio.com/public_html/vendor/laravel/framework/src/Illuminate/Foundation/Http/Middleware/TransformsRequest.php(21): Illuminate\\Pipeline\\Pipeline->Illuminate\\Pipeline\\{closure}()
#33 /home/u533806958/domains/a1merchantsolutions.triviio.com/public_html/vendor/laravel/framework/src/Illuminate/Foundation/Http/Middleware/TrimStrings.php(51): Illuminate\\Foundation\\Http\\Middleware\\TransformsRequest->handle()
#34 /home/u533806958/domains/a1merchantsolutions.triviio.com/public_html/vendor/laravel/framework/src/Illuminate/Pipeline/Pipeline.php(219): Illuminate\\Foundation\\Http\\Middleware\\TrimStrings->handle()
#35 /home/u533806958/domains/a1merchantsolutions.triviio.com/public_html/vendor/laravel/framework/src/Illuminate/Http/Middleware/ValidatePostSize.php(27): Illuminate\\Pipeline\\Pipeline->Illuminate\\Pipeline\\{closure}()
#36 /home/u533806958/domains/a1merchantsolutions.triviio.com/public_html/vendor/laravel/framework/src/Illuminate/Pipeline/Pipeline.php(219): Illuminate\\Http\\Middleware\\ValidatePostSize->handle()
#37 /home/u533806958/domains/a1merchantsolutions.triviio.com/public_html/vendor/laravel/framework/src/Illuminate/Foundation/Http/Middleware/PreventRequestsDuringMaintenance.php(109): Illuminate\\Pipeline\\Pipeline->Illuminate\\Pipeline\\{closure}()
#38 /home/u533806958/domains/a1merchantsolutions.triviio.com/public_html/vendor/laravel/framework/src/Illuminate/Pipeline/Pipeline.php(219): Illuminate\\Foundation\\Http\\Middleware\\PreventRequestsDuringMaintenance->handle()
#39 /home/u533806958/domains/a1merchantsolutions.triviio.com/public_html/vendor/laravel/framework/src/Illuminate/Http/Middleware/HandleCors.php(61): Illuminate\\Pipeline\\Pipeline->Illuminate\\Pipeline\\{closure}()
#40 /home/u533806958/domains/a1merchantsolutions.triviio.com/public_html/vendor/laravel/framework/src/Illuminate/Pipeline/Pipeline.php(219): Illuminate\\Http\\Middleware\\HandleCors->handle()
#41 /home/u533806958/domains/a1merchantsolutions.triviio.com/public_html/vendor/laravel/framework/src/Illuminate/Http/Middleware/TrustProxies.php(58): Illuminate\\Pipeline\\Pipeline->Illuminate\\Pipeline\\{closure}()
#42 /home/u533806958/domains/a1merchantsolutions.triviio.com/public_html/vendor/laravel/framework/src/Illuminate/Pipeline/Pipeline.php(219): Illuminate\\Http\\Middleware\\TrustProxies->handle()
#43 /home/u533806958/domains/a1merchantsolutions.triviio.com/public_html/vendor/laravel/framework/src/Illuminate/Foundation/Http/Middleware/InvokeDeferredCallbacks.php(22): Illuminate\\Pipeline\\Pipeline->Illuminate\\Pipeline\\{closure}()
#44 /home/u533806958/domains/a1merchantsolutions.triviio.com/public_html/vendor/laravel/framework/src/Illuminate/Pipeline/Pipeline.php(219): Illuminate\\Foundation\\Http\\Middleware\\InvokeDeferredCallbacks->handle()
#45 /home/u533806958/domains/a1merchantsolutions.triviio.com/public_html/vendor/laravel/framework/src/Illuminate/Http/Middleware/ValidatePathEncoding.php(26): Illuminate\\Pipeline\\Pipeline->Illuminate\\Pipeline\\{closure}()
#46 /home/u533806958/domains/a1merchantsolutions.triviio.com/public_html/vendor/laravel/framework/src/Illuminate/Pipeline/Pipeline.php(219): Illuminate\\Http\\Middleware\\ValidatePathEncoding->handle()
#47 /home/u533806958/domains/a1merchantsolutions.triviio.com/public_html/vendor/laravel/framework/src/Illuminate/Pipeline/Pipeline.php(137): Illuminate\\Pipeline\\Pipeline->Illuminate\\Pipeline\\{closure}()
#48 /home/u533806958/domains/a1merchantsolutions.triviio.com/public_html/vendor/laravel/framework/src/Illuminate/Foundation/Http/Kernel.php(175): Illuminate\\Pipeline\\Pipeline->then()
#49 /home/u533806958/domains/a1merchantsolutions.triviio.com/public_html/vendor/laravel/framework/src/Illuminate/Foundation/Http/Kernel.php(144): Illuminate\\Foundation\\Http\\Kernel->sendRequestThroughRouter()
#50 /home/u533806958/domains/a1merchantsolutions.triviio.com/public_html/vendor/laravel/framework/src/Illuminate/Foundation/Application.php(1220): Illuminate\\Foundation\\Http\\Kernel->handle()
#51 /home/u533806958/domains/a1merchantsolutions.triviio.com/public_html/public/index.php(15): Illuminate\\Foundation\\Application->handleRequest()
#52 {main}

[previous exception] [object] (PDOException(code: 2002): SQLSTATE[HY000] [2002] Operation not permitted at /home/u533806958/domains/a1merchantsolutions.triviio.com/public_html/vendor/laravel/framework/src/Illuminate/Database/Connectors/Connector.php:66)
[stacktrace]
#0 /home/u533806958/domains/a1merchantsolutions.triviio.com/public_html/vendor/laravel/framework/src/Illuminate/Database/Connectors/Connector.php(66): PDO->__construct()
#1 /home/u533806958/domains/a1merchantsolutions.triviio.com/public_html/vendor/laravel/framework/src/Illuminate/Database/Connectors/Connector.php(44): Illuminate\\Database\\Connectors\\Connector->createPdoConnection()
#2 /home/u533806958/domains/a1merchantsolutions.triviio.com/public_html/vendor/laravel/framework/src/Illuminate/Database/Connectors/MySqlConnector.php(24): Illuminate\\Database\\Connectors\\Connector->createConnection()
#3 /home/u533806958/domains/a1merchantsolutions.triviio.com/public_html/vendor/laravel/framework/src/Illuminate/Database/Connectors/ConnectionFactory.php(186): Illuminate\\Database\\Connectors\\MySqlConnector->connect()
#4 [internal function]: Illuminate\\Database\\Connectors\\ConnectionFactory->Illuminate\\Database\\Connectors\\{closure}()
#5 /home/u533806958/domains/a1merchantsolutions.triviio.com/public_html/vendor/laravel/framework/src/Illuminate/Database/Connection.php(1257): call_user_func()
#6 /home/u533806958/domains/a1merchantsolutions.triviio.com/public_html/vendor/laravel/framework/src/Illuminate/Database/Connection.php(525): Illuminate\\Database\\Connection->getPdo()
#7 /home/u533806958/domains/a1merchantsolutions.triviio.com/public_html/vendor/laravel/framework/src/Illuminate/Database/Connection.php(420): Illuminate\\Database\\Connection->getPdoForSelect()
#8 /home/u533806958/domains/a1merchantsolutions.triviio.com/public_html/vendor/laravel/framework/src/Illuminate/Database/Connection.php(827): Illuminate\\Database\\Connection->Illuminate\\Database\\{closure}()
#9 /home/u533806958/domains/a1merchantsolutions.triviio.com/public_html/vendor/laravel/framework/src/Illuminate/Database/Connection.php(794): Illuminate\\Database\\Connection->runQueryCallback()
#10 /home/u533806958/domains/a1merchantsolutions.triviio.com/public_html/vendor/laravel/framework/src/Illuminate/Database/Connection.php(411): Illuminate\\Database\\Connection->run()
#11 /home/u533806958/domains/a1merchantsolutions.triviio.com/public_html/vendor/laravel/framework/src/Illuminate/Database/Query/Builder.php(3505): Illuminate\\Database\\Connection->select()
#12 /home/u533806958/domains/a1merchantsolutions.triviio.com/public_html/vendor/laravel/framework/src/Illuminate/Database/Query/Builder.php(3490): Illuminate\\Database\\Query\\Builder->runSelect()
#13 /home/u533806958/domains/a1merchantsolutions.triviio.com/public_html/vendor/laravel/framework/src/Illuminate/Database/Query/Builder.php(4080): Illuminate\\Database\\Query\\Builder->Illuminate\\Database\\Query\\{closure}()
#14 /home/u533806958/domains/a1merchantsolutions.triviio.com/public_html/vendor/laravel/framework/src/Illuminate/Database/Query/Builder.php(3489): Illuminate\\Database\\Query\\Builder->onceWithColumns()
#15 /home/u533806958/domains/a1merchantsolutions.triviio.com/public_html/vendor/laravel/framework/src/Illuminate/Database/Concerns/BuildsQueries.php(366): Illuminate\\Database\\Query\\Builder->get()
#16 /home/u533806958/domains/a1merchantsolutions.triviio.com/public_html/vendor/laravel/framework/src/Illuminate/Database/Query/Builder.php(3412): Illuminate\\Database\\Query\\Builder->first()
#17 /home/u533806958/domains/a1merchantsolutions.triviio.com/public_html/vendor/laravel/framework/src/Illuminate/Session/DatabaseSessionHandler.php(96): Illuminate\\Database\\Query\\Builder->find()
#18 /home/u533806958/domains/a1merchantsolutions.triviio.com/public_html/vendor/laravel/framework/src/Illuminate/Session/Store.php(128): Illuminate\\Session\\DatabaseSessionHandler->read()
#19 /home/u533806958/domains/a1merchantsolutions.triviio.com/public_html/vendor/laravel/framework/src/Illuminate/Session/Store.php(116): Illuminate\\Session\\Store->readFromHandler()
#20 /home/u533806958/domains/a1merchantsolutions.triviio.com/public_html/vendor/laravel/framework/src/Illuminate/Session/Store.php(100): Illuminate\\Session\\Store->loadSession()
#21 /home/u533806958/domains/a1merchantsolutions.triviio.com/public_html/vendor/laravel/framework/src/Illuminate/Session/Middleware/StartSession.php(146): Illuminate\\Session\\Store->start()
#22 /home/u533806958/domains/a1merchantsolutions.triviio.com/public_html/vendor/laravel/framework/src/Illuminate/Support/helpers.php(393): Illuminate\\Session\\Middleware\\StartSession->Illuminate\\Session\\Middleware\\{closure}()
#23 /home/u533806958/domains/a1merchantsolutions.triviio.com/public_html/vendor/laravel/framework/src/Illuminate/Session/Middleware/StartSession.php(143): tap()
#24 /home/u533806958/domains/a1merchantsolutions.triviio.com/public_html/vendor/laravel/framework/src/Illuminate/Session/Middleware/StartSession.php(115): Illuminate\\Session\\Middleware\\StartSession->startSession()
#25 /home/u533806958/domains/a1merchantsolutions.triviio.com/public_html/vendor/laravel/framework/src/Illuminate/Session/Middleware/StartSession.php(63): Illuminate\\Session\\Middleware\\StartSession->handleStatefulRequest()
#26 /home/u533806958/domains/a1merchantsolutions.triviio.com/public_html/vendor/laravel/framework/src/Illuminate/Pipeline/Pipeline.php(219): Illuminate\\Session\\Middleware\\StartSession->handle()
#27 /home/u533806958/domains/a1merchantsolutions.triviio.com/public_html/vendor/laravel/framework/src/Illuminate/Cookie/Middleware/AddQueuedCookiesToResponse.php(36): Illuminate\\Pipeline\\Pipeline->Illuminate\\Pipeline\\{closure}()
#28 /home/u533806958/domains/a1merchantsolutions.triviio.com/public_html/vendor/laravel/framework/src/Illuminate/Pipeline/Pipeline.php(219): Illuminate\\Cookie\\Middleware\\AddQueuedCookiesToResponse->handle()
#29 /home/u533806958/domains/a1merchantsolutions.triviio.com/public_html/vendor/laravel/framework/src/Illuminate/Cookie/Middleware/EncryptCookies.php(74): Illuminate\\Pipeline\\Pipeline->Illuminate\\Pipeline\\{closure}()
#30 /home/u533806958/domains/a1merchantsolutions.triviio.com/public_html/vendor/laravel/framework/src/Illuminate/Pipeline/Pipeline.php(219): Illuminate\\Cookie\\Middleware\\EncryptCookies->handle()
#31 /home/u533806958/domains/a1merchantsolutions.triviio.com/public_html/vendor/laravel/framework/src/Illuminate/Pipeline/Pipeline.php(137): Illuminate\\Pipeline\\Pipeline->Illuminate\\Pipeline\\{closure}()
#32 /home/u533806958/domains/a1merchantsolutions.triviio.com/public_html/vendor/laravel/framework/src/Illuminate/Routing/Router.php(821): Illuminate\\Pipeline\\Pipeline->then()
#33 /home/u533806958/domains/a1merchantsolutions.triviio.com/public_html/vendor/laravel/framework/src/Illuminate/Routing/Router.php(800): Illuminate\\Routing\\Router->runRouteWithinStack()
#34 /home/u533806958/domains/a1merchantsolutions.triviio.com/public_html/vendor/laravel/framework/src/Illuminate/Routing/Router.php(764): Illuminate\\Routing\\Router->runRoute()
#35 /home/u533806958/domains/a1merchantsolutions.triviio.com/public_html/vendor/laravel/framework/src/Illuminate/Routing/Router.php(753): Illuminate\\Routing\\Router->dispatchToRoute()
#36 /home/u533806958/domains/a1merchantsolutions.triviio.com/public_html/vendor/laravel/framework/src/Illuminate/Foundation/Http/Kernel.php(200): Illuminate\\Routing\\Router->dispatch()
#37 /home/u533806958/domains/a1merchantsolutions.triviio.com/public_html/vendor/laravel/framework/src/Illuminate/Pipeline/Pipeline.php(180): Illuminate\\Foundation\\Http\\Kernel->Illuminate\\Foundation\\Http\\{closure}()
#38 /home/u533806958/domains/a1merchantsolutions.triviio.com/public_html/vendor/laravel/framework/src/Illuminate/Foundation/Http/Middleware/TransformsRequest.php(21): Illuminate\\Pipeline\\Pipeline->Illuminate\\Pipeline\\{closure}()
#39 /home/u533806958/domains/a1merchantsolutions.triviio.com/public_html/vendor/laravel/framework/src/Illuminate/Foundation/Http/Middleware/ConvertEmptyStringsToNull.php(31): Illuminate\\Foundation\\Http\\Middleware\\TransformsRequest->handle()
#40 /home/u533806958/domains/a1merchantsolutions.triviio.com/public_html/vendor/laravel/framework/src/Illuminate/Pipeline/Pipeline.php(219): Illuminate\\Foundation\\Http\\Middleware\\ConvertEmptyStringsToNull->handle()
#41 /home/u533806958/domains/a1merchantsolutions.triviio.com/public_html/vendor/laravel/framework/src/Illuminate/Foundation/Http/Middleware/TransformsRequest.php(21): Illuminate\\Pipeline\\Pipeline->Illuminate\\Pipeline\\{closure}()
#42 /home/u533806958/domains/a1merchantsolutions.triviio.com/public_html/vendor/laravel/framework/src/Illuminate/Foundation/Http/Middleware/TrimStrings.php(51): Illuminate\\Foundation\\Http\\Middleware\\TransformsRequest->handle()
#43 /home/u533806958/domains/a1merchantsolutions.triviio.com/public_html/vendor/laravel/framework/src/Illuminate/Pipeline/Pipeline.php(219): Illuminate\\Foundation\\Http\\Middleware\\TrimStrings->handle()
#44 /home/u533806958/domains/a1merchantsolutions.triviio.com/public_html/vendor/laravel/framework/src/Illuminate/Http/Middleware/ValidatePostSize.php(27): Illuminate\\Pipeline\\Pipeline->Illuminate\\Pipeline\\{closure}()
#45 /home/u533806958/domains/a1merchantsolutions.triviio.com/public_html/vendor/laravel/framework/src/Illuminate/Pipeline/Pipeline.php(219): Illuminate\\Http\\Middleware\\ValidatePostSize->handle()
#46 /home/u533806958/domains/a1merchantsolutions.triviio.com/public_html/vendor/laravel/framework/src/Illuminate/Foundation/Http/Middleware/PreventRequestsDuringMaintenance.php(109): Illuminate\\Pipeline\\Pipeline->Illuminate\\Pipeline\\{closure}()
#47 /home/u533806958/domains/a1merchantsolutions.triviio.com/public_html/vendor/laravel/framework/src/Illuminate/Pipeline/Pipeline.php(219): Illuminate\\Foundation\\Http\\Middleware\\PreventRequestsDuringMaintenance->handle()
#48 /home/u533806958/domains/a1merchantsolutions.triviio.com/public_html/vendor/laravel/framework/src/Illuminate/Http/Middleware/HandleCors.php(61): Illuminate\\Pipeline\\Pipeline->Illuminate\\Pipeline\\{closure}()
#49 /home/u533806958/domains/a1merchantsolutions.triviio.com/public_html/vendor/laravel/framework/src/Illuminate/Pipeline/Pipeline.php(219): Illuminate\\Http\\Middleware\\HandleCors->handle()
#50 /home/u533806958/domains/a1merchantsolutions.triviio.com/public_html/vendor/laravel/framework/src/Illuminate/Http/Middleware/TrustProxies.php(58): Illuminate\\Pipeline\\Pipeline->Illuminate\\Pipeline\\{closure}()
#51 /home/u533806958/domains/a1merchantsolutions.triviio.com/public_html/vendor/laravel/framework/src/Illuminate/Pipeline/Pipeline.php(219): Illuminate\\Http\\Middleware\\TrustProxies->handle()
#52 /home/u533806958/domains/a1merchantsolutions.triviio.com/public_html/vendor/laravel/framework/src/Illuminate/Foundation/Http/Middleware/InvokeDeferredCallbacks.php(22): Illuminate\\Pipeline\\Pipeline->Illuminate\\Pipeline\\{closure}()
#53 /home/u533806958/domains/a1merchantsolutions.triviio.com/public_html/vendor/laravel/framework/src/Illuminate/Pipeline/Pipeline.php(219): Illuminate\\Foundation\\Http\\Middleware\\InvokeDeferredCallbacks->handle()
#54 /home/u533806958/domains/a1merchantsolutions.triviio.com/public_html/vendor/laravel/framework/src/Illuminate/Http/Middleware/ValidatePathEncoding.php(26): Illuminate\\Pipeline\\Pipeline->Illuminate\\Pipeline\\{closure}()
#55 /home/u533806958/domains/a1merchantsolutions.triviio.com/public_html/vendor/laravel/framework/src/Illuminate/Pipeline/Pipeline.php(219): Illuminate\\Http\\Middleware\\ValidatePathEncoding->handle()
#56 /home/u533806958/domains/a1merchantsolutions.triviio.com/public_html/vendor/laravel/framework/src/Illuminate/Pipeline/Pipeline.php(137): Illuminate\\Pipeline\\Pipeline->Illuminate\\Pipeline\\{closure}()
#57 /home/u533806958/domains/a1merchantsolutions.triviio.com/public_html/vendor/laravel/framework/src/Illuminate/Foundation/Http/Kernel.php(175): Illuminate\\Pipeline\\Pipeline->then()
#58 /home/u533806958/domains/a1merchantsolutions.triviio.com/public_html/vendor/laravel/framework/src/Illuminate/Foundation/Http/Kernel.php(144): Illuminate\\Foundation\\Http\\Kernel->sendRequestThroughRouter()
#59 /home/u533806958/domains/a1merchantsolutions.triviio.com/public_html/vendor/laravel/framework/src/Illuminate/Foundation/Application.php(1220): Illuminate\\Foundation\\Http\\Kernel->handle()
#60 /home/u533806958/domains/a1merchantsolutions.triviio.com/public_html/public/index.php(15): Illuminate\\Foundation\\Application->handleRequest()
#61 {main}
"} 
[2026-08-13 13:11:58] local.ERROR: SQLSTATE[HY000] [2002] Operation not permitted (Connection: mysql, Host: 127.0.0.1, Port: 3306, Database: u533806958_adcoupon, SQL: select * from `sessions` where `id` = QulFhHMXKY2R1hgegmEMjxV1t16Kgz8fSP4weIF8 limit 1) {"exception":"[object] (Illuminate\\Database\\QueryException(code: 2002): SQLSTATE[HY000] [2002] Operation not permitted (Connection: mysql, Host: 127.0.0.1, Port: 3306, Database: u533806958_adcoupon, SQL: select * from `sessions` where `id` = QulFhHMXKY2R1hgegmEMjxV1t16Kgz8fSP4weIF8 limit 1) at /home/u533806958/domains/a1merchantsolutions.triviio.com/public_html/vendor/laravel/framework/src/Illuminate/Database/Connection.php:838)
[stacktrace]
#0 /home/u533806958/domains/a1merchantsolutions.triviio.com/public_html/vendor/laravel/framework/src/Illuminate/Database/Connection.php(794): Illuminate\\Database\\Connection->runQueryCallback()
#1 /home/u533806958/domains/a1merchantsolutions.triviio.com/public_html/vendor/laravel/framework/src/Illuminate/Database/Connection.php(411): Illuminate\\Database\\Connection->run()
#2 /home/u533806958/domains/a1merchantsolutions.triviio.com/public_html/vendor/laravel/framework/src/Illuminate/Database/Query/Builder.php(3505): Illuminate\\Database\\Connection->select()
#3 /home/u533806958/domains/a1merchantsolutions.triviio.com/public_html/vendor/laravel/framework/src/Illuminate/Database/Query/Builder.php(3490): Illuminate\\Database\\Query\\Builder->runSelect()
#4 /home/u533806958/domains/a1merchantsolutions.triviio.com/public_html/vendor/laravel/framework/src/Illuminate/Database/Query/Builder.php(4080): Illuminate\\Database\\Query\\Builder->Illuminate\\Database\\Query\\{closure}()
#5 /home/u533806958/domains/a1merchantsolutions.triviio.com/public_html/vendor/laravel/framework/src/Illuminate/Database/Query/Builder.php(3489): Illuminate\\Database\\Query\\Builder->onceWithColumns()
#6 /home/u533806958/domains/a1merchantsolutions.triviio.com/public_html/vendor/laravel/framework/src/Illuminate/Database/Concerns/BuildsQueries.php(366): Illuminate\\Database\\Query\\Builder->get()
#7 /home/u533806958/domains/a1merchantsolutions.triviio.com/public_html/vendor/laravel/framework/src/Illuminate/Database/Query/Builder.php(3412): Illuminate\\Database\\Query\\Builder->first()
#8 /home/u533806958/domains/a1merchantsolutions.triviio.com/public_html/vendor/laravel/framework/src/Illuminate/Session/DatabaseSessionHandler.php(96): Illuminate\\Database\\Query\\Builder->find()
#9 /home/u533806958/domains/a1merchantsolutions.triviio.com/public_html/vendor/laravel/framework/src/Illuminate/Session/Store.php(128): Illuminate\\Session\\DatabaseSessionHandler->read()
#10 /home/u533806958/domains/a1merchantsolutions.triviio.com/public_html/vendor/laravel/framework/src/Illuminate/Session/Store.php(116): Illuminate\\Session\\Store->readFromHandler()
#11 /home/u533806958/domains/a1merchantsolutions.triviio.com/public_html/vendor/laravel/framework/src/Illuminate/Session/Store.php(100): Illuminate\\Session\\Store->loadSession()
#12 /home/u533806958/domains/a1merchantsolutions.triviio.com/public_html/vendor/laravel/framework/src/Illuminate/Session/Middleware/StartSession.php(146): Illuminate\\Session\\Store->start()
#13 /home/u533806958/domains/a1merchantsolutions.triviio.com/public_html/vendor/laravel/framework/src/Illuminate/Support/helpers.php(393): Illuminate\\Session\\Middleware\\StartSession->Illuminate\\Session\\Middleware\\{closure}()
#14 /home/u533806958/domains/a1merchantsolutions.triviio.com/public_html/vendor/laravel/framework/src/Illuminate/Session/Middleware/StartSession.php(143): tap()
#15 /home/u533806958/domains/a1merchantsolutions.triviio.com/public_html/vendor/laravel/framework/src/Illuminate/Session/Middleware/StartSession.php(115): Illuminate\\Session\\Middleware\\StartSession->startSession()
#16 /home/u533806958/domains/a1merchantsolutions.triviio.com/public_html/vendor/laravel/framework/src/Illuminate/Session/Middleware/StartSession.php(63): Illuminate\\Session\\Middleware\\StartSession->handleStatefulRequest()
#17 /home/u533806958/domains/a1merchantsolutions.triviio.com/public_html/vendor/laravel/framework/src/Illuminate/Pipeline/Pipeline.php(219): Illuminate\\Session\\Middleware\\StartSession->handle()
#18 /home/u533806958/domains/a1merchantsolutions.triviio.com/public_html/vendor/laravel/framework/src/Illuminate/Cookie/Middleware/AddQueuedCookiesToResponse.php(36): Illuminate\\Pipeline\\Pipeline->Illuminate\\Pipeline\\{closure}()
#19 /home/u533806958/domains/a1merchantsolutions.triviio.com/public_html/vendor/laravel/framework/src/Illuminate/Pipeline/Pipeline.php(219): Illuminate\\Cookie\\Middleware\\AddQueuedCookiesToResponse->handle()
#20 /home/u533806958/domains/a1merchantsolutions.triviio.com/public_html/vendor/laravel/framework/src/Illuminate/Cookie/Middleware/EncryptCookies.php(74): Illuminate\\Pipeline\\Pipeline->Illuminate\\Pipeline\\{closure}()
#21 /home/u533806958/domains/a1merchantsolutions.triviio.com/public_html/vendor/laravel/framework/src/Illuminate/Pipeline/Pipeline.php(219): Illuminate\\Cookie\\Middleware\\EncryptCookies->handle()
#22 /home/u533806958/domains/a1merchantsolutions.triviio.com/public_html/vendor/laravel/framework/src/Illuminate/Pipeline/Pipeline.php(137): Illuminate\\Pipeline\\Pipeline->Illuminate\\Pipeline\\{closure}()
#23 /home/u533806958/domains/a1merchantsolutions.triviio.com/public_html/vendor/laravel/framework/src/Illuminate/Routing/Router.php(821): Illuminate\\Pipeline\\Pipeline->then()
#24 /home/u533806958/domains/a1merchantsolutions.triviio.com/public_html/vendor/laravel/framework/src/Illuminate/Routing/Router.php(800): Illuminate\\Routing\\Router->runRouteWithinStack()
#25 /home/u533806958/domains/a1merchantsolutions.triviio.com/public_html/vendor/laravel/framework/src/Illuminate/Routing/Router.php(764): Illuminate\\Routing\\Router->runRoute()
#26 /home/u533806958/domains/a1merchantsolutions.triviio.com/public_html/vendor/laravel/framework/src/Illuminate/Routing/Router.php(753): Illuminate\\Routing\\Router->dispatchToRoute()
#27 /home/u533806958/domains/a1merchantsolutions.triviio.com/public_html/vendor/laravel/framework/src/Illuminate/Foundation/Http/Kernel.php(200): Illuminate\\Routing\\Router->dispatch()
#28 /home/u533806958/domains/a1merchantsolutions.triviio.com/public_html/vendor/laravel/framework/src/Illuminate/Pipeline/Pipeline.php(180): Illuminate\\Foundation\\Http\\Kernel->Illuminate\\Foundation\\Http\\{closure}()
#29 /home/u533806958/domains/a1merchantsolutions.triviio.com/public_html/vendor/laravel/framework/src/Illuminate/Foundation/Http/Middleware/TransformsRequest.php(21): Illuminate\\Pipeline\\Pipeline->Illuminate\\Pipeline\\{closure}()
#30 /home/u533806958/domains/a1merchantsolutions.triviio.com/public_html/vendor/laravel/framework/src/Illuminate/Foundation/Http/Middleware/ConvertEmptyStringsToNull.php(31): Illuminate\\Foundation\\Http\\Middleware\\TransformsRequest->handle()
#31 /home/u533806958/domains/a1merchantsolutions.triviio.com/public_html/vendor/laravel/framework/src/Illuminate/Pipeline/Pipeline.php(219): Illuminate\\Foundation\\Http\\Middleware\\ConvertEmptyStringsToNull->handle()
#32 /home/u533806958/domains/a1merchantsolutions.triviio.com/public_html/vendor/laravel/framework/src/Illuminate/Foundation/Http/Middleware/TransformsRequest.php(21): Illuminate\\Pipeline\\Pipeline->Illuminate\\Pipeline\\{closure}()
#33 /home/u533806958/domains/a1merchantsolutions.triviio.com/public_html/vendor/laravel/framework/src/Illuminate/Foundation/Http/Middleware/TrimStrings.php(51): Illuminate\\Foundation\\Http\\Middleware\\TransformsRequest->handle()
#34 /home/u533806958/domains/a1merchantsolutions.triviio.com/public_html/vendor/laravel/framework/src/Illuminate/Pipeline/Pipeline.php(219): Illuminate\\Foundation\\Http\\Middleware\\TrimStrings->handle()
#35 /home/u533806958/domains/a1merchantsolutions.triviio.com/public_html/vendor/laravel/framework/src/Illuminate/Http/Middleware/ValidatePostSize.php(27): Illuminate\\Pipeline\\Pipeline->Illuminate\\Pipeline\\{closure}()
#36 /home/u533806958/domains/a1merchantsolutions.triviio.com/public_html/vendor/laravel/framework/src/Illuminate/Pipeline/Pipeline.php(219): Illuminate\\Http\\Middleware\\ValidatePostSize->handle()
#37 /home/u533806958/domains/a1merchantsolutions.triviio.com/public_html/vendor/laravel/framework/src/Illuminate/Foundation/Http/Middleware/PreventRequestsDuringMaintenance.php(109): Illuminate\\Pipeline\\Pipeline->Illuminate\\Pipeline\\{closure}()
#38 /home/u533806958/domains/a1merchantsolutions.triviio.com/public_html/vendor/laravel/framework/src/Illuminate/Pipeline/Pipeline.php(219): Illuminate\\Foundation\\Http\\Middleware\\PreventRequestsDuringMaintenance->handle()
#39 /home/u533806958/domains/a1merchantsolutions.triviio.com/public_html/vendor/laravel/framework/src/Illuminate/Http/Middleware/HandleCors.php(61): Illuminate\\Pipeline\\Pipeline->Illuminate\\Pipeline\\{closure}()
#40 /home/u533806958/domains/a1merchantsolutions.triviio.com/public_html/vendor/laravel/framework/src/Illuminate/Pipeline/Pipeline.php(219): Illuminate\\Http\\Middleware\\HandleCors->handle()
#41 /home/u533806958/domains/a1merchantsolutions.triviio.com/public_html/vendor/laravel/framework/src/Illuminate/Http/Middleware/TrustProxies.php(58): Illuminate\\Pipeline\\Pipeline->Illuminate\\Pipeline\\{closure}()
#42 /home/u533806958/domains/a1merchantsolutions.triviio.com/public_html/vendor/laravel/framework/src/Illuminate/Pipeline/Pipeline.php(219): Illuminate\\Http\\Middleware\\TrustProxies->handle()
#43 /home/u533806958/domains/a1merchantsolutions.triviio.com/public_html/vendor/laravel/framework/src/Illuminate/Foundation/Http/Middleware/InvokeDeferredCallbacks.php(22): Illuminate\\Pipeline\\Pipeline->Illuminate\\Pipeline\\{closure}()
#44 /home/u533806958/domains/a1merchantsolutions.triviio.com/public_html/vendor/laravel/framework/src/Illuminate/Pipeline/Pipeline.php(219): Illuminate\\Foundation\\Http\\Middleware\\InvokeDeferredCallbacks->handle()
#45 /home/u533806958/domains/a1merchantsolutions.triviio.com/public_html/vendor/laravel/framework/src/Illuminate/Http/Middleware/ValidatePathEncoding.php(26): Illuminate\\Pipeline\\Pipeline->Illuminate\\Pipeline\\{closure}()
#46 /home/u533806958/domains/a1merchantsolutions.triviio.com/public_html/vendor/laravel/framework/src/Illuminate/Pipeline/Pipeline.php(219): Illuminate\\Http\\Middleware\\ValidatePathEncoding->handle()
#47 /home/u533806958/domains/a1merchantsolutions.triviio.com/public_html/vendor/laravel/framework/src/Illuminate/Pipeline/Pipeline.php(137): Illuminate\\Pipeline\\Pipeline->Illuminate\\Pipeline\\{closure}()
#48 /home/u533806958/domains/a1merchantsolutions.triviio.com/public_html/vendor/laravel/framework/src/Illuminate/Foundation/Http/Kernel.php(175): Illuminate\\Pipeline\\Pipeline->then()
#49 /home/u533806958/domains/a1merchantsolutions.triviio.com/public_html/vendor/laravel/framework/src/Illuminate/Foundation/Http/Kernel.php(144): Illuminate\\Foundation\\Http\\Kernel->sendRequestThroughRouter()
#50 /home/u533806958/domains/a1merchantsolutions.triviio.com/public_html/vendor/laravel/framework/src/Illuminate/Foundation/Application.php(1220): Illuminate\\Foundation\\Http\\Kernel->handle()
#51 /home/u533806958/domains/a1merchantsolutions.triviio.com/public_html/public/index.php(15): Illuminate\\Foundation\\Application->handleRequest()
#52 {main}

[previous exception] [object] (PDOException(code: 2002): SQLSTATE[HY000] [2002] Operation not permitted at /home/u533806958/domains/a1merchantsolutions.triviio.com/public_html/vendor/laravel/framework/src/Illuminate/Database/Connectors/Connector.php:66)
[stacktrace]
#0 /home/u533806958/domains/a1merchantsolutions.triviio.com/public_html/vendor/laravel/framework/src/Illuminate/Database/Connectors/Connector.php(66): PDO->__construct()
#1 /home/u533806958/domains/a1merchantsolutions.triviio.com/public_html/vendor/laravel/framework/src/Illuminate/Database/Connectors/Connector.php(44): Illuminate\\Database\\Connectors\\Connector->createPdoConnection()
#2 /home/u533806958/domains/a1merchantsolutions.triviio.com/public_html/vendor/laravel/framework/src/Illuminate/Database/Connectors/MySqlConnector.php(24): Illuminate\\Database\\Connectors\\Connector->createConnection()
#3 /home/u533806958/domains/a1merchantsolutions.triviio.com/public_html/vendor/laravel/framework/src/Illuminate/Database/Connectors/ConnectionFactory.php(186): Illuminate\\Database\\Connectors\\MySqlConnector->connect()
#4 [internal function]: Illuminate\\Database\\Connectors\\ConnectionFactory->Illuminate\\Database\\Connectors\\{closure}()
#5 /home/u533806958/domains/a1merchantsolutions.triviio.com/public_html/vendor/laravel/framework/src/Illuminate/Database/Connection.php(1257): call_user_func()
#6 /home/u533806958/domains/a1merchantsolutions.triviio.com/public_html/vendor/laravel/framework/src/Illuminate/Database/Connection.php(525): Illuminate\\Database\\Connection->getPdo()
#7 /home/u533806958/domains/a1merchantsolutions.triviio.com/public_html/vendor/laravel/framework/src/Illuminate/Database/Connection.php(420): Illuminate\\Database\\Connection->getPdoForSelect()
#8 /home/u533806958/domains/a1merchantsolutions.triviio.com/public_html/vendor/laravel/framework/src/Illuminate/Database/Connection.php(827): Illuminate\\Database\\Connection->Illuminate\\Database\\{closure}()
#9 /home/u533806958/domains/a1merchantsolutions.triviio.com/public_html/vendor/laravel/framework/src/Illuminate/Database/Connection.php(794): Illuminate\\Database\\Connection->runQueryCallback()
#10 /home/u533806958/domains/a1merchantsolutions.triviio.com/public_html/vendor/laravel/framework/src/Illuminate/Database/Connection.php(411): Illuminate\\Database\\Connection->run()
#11 /home/u533806958/domains/a1merchantsolutions.triviio.com/public_html/vendor/laravel/framework/src/Illuminate/Database/Query/Builder.php(3505): Illuminate\\Database\\Connection->select()
#12 /home/u533806958/domains/a1merchantsolutions.triviio.com/public_html/vendor/laravel/framework/src/Illuminate/Database/Query/Builder.php(3490): Illuminate\\Database\\Query\\Builder->runSelect()
#13 /home/u533806958/domains/a1merchantsolutions.triviio.com/public_html/vendor/laravel/framework/src/Illuminate/Database/Query/Builder.php(4080): Illuminate\\Database\\Query\\Builder->Illuminate\\Database\\Query\\{closure}()
#14 /home/u533806958/domains/a1merchantsolutions.triviio.com/public_html/vendor/laravel/framework/src/Illuminate/Database/Query/Builder.php(3489): Illuminate\\Database\\Query\\Builder->onceWithColumns()
#15 /home/u533806958/domains/a1merchantsolutions.triviio.com/public_html/vendor/laravel/framework/src/Illuminate/Database/Concerns/BuildsQueries.php(366): Illuminate\\Database\\Query\\Builder->get()
#16 /home/u533806958/domains/a1merchantsolutions.triviio.com/public_html/vendor/laravel/framework/src/Illuminate/Database/Query/Builder.php(3412): Illuminate\\Database\\Query\\Builder->first()
#17 /home/u533806958/domains/a1merchantsolutions.triviio.com/public_html/vendor/laravel/framework/src/Illuminate/Session/DatabaseSessionHandler.php(96): Illuminate\\Database\\Query\\Builder->find()
#18 /home/u533806958/domains/a1merchantsolutions.triviio.com/public_html/vendor/laravel/framework/src/Illuminate/Session/Store.php(128): Illuminate\\Session\\DatabaseSessionHandler->read()
#19 /home/u533806958/domains/a1merchantsolutions.triviio.com/public_html/vendor/laravel/framework/src/Illuminate/Session/Store.php(116): Illuminate\\Session\\Store->readFromHandler()
#20 /home/u533806958/domains/a1merchantsolutions.triviio.com/public_html/vendor/laravel/framework/src/Illuminate/Session/Store.php(100): Illuminate\\Session\\Store->loadSession()
#21 /home/u533806958/domains/a1merchantsolutions.triviio.com/public_html/vendor/laravel/framework/src/Illuminate/Session/Middleware/StartSession.php(146): Illuminate\\Session\\Store->start()
#22 /home/u533806958/domains/a1merchantsolutions.triviio.com/public_html/vendor/laravel/framework/src/Illuminate/Support/helpers.php(393): Illuminate\\Session\\Middleware\\StartSession->Illuminate\\Session\\Middleware\\{closure}()
#23 /home/u533806958/domains/a1merchantsolutions.triviio.com/public_html/vendor/laravel/framework/src/Illuminate/Session/Middleware/StartSession.php(143): tap()
#24 /home/u533806958/domains/a1merchantsolutions.triviio.com/public_html/vendor/laravel/framework/src/Illuminate/Session/Middleware/StartSession.php(115): Illuminate\\Session\\Middleware\\StartSession->startSession()
#25 /home/u533806958/domains/a1merchantsolutions.triviio.com/public_html/vendor/laravel/framework/src/Illuminate/Session/Middleware/StartSession.php(63): Illuminate\\Session\\Middleware\\StartSession->handleStatefulRequest()
#26 /home/u533806958/domains/a1merchantsolutions.triviio.com/public_html/vendor/laravel/framework/src/Illuminate/Pipeline/Pipeline.php(219): Illuminate\\Session\\Middleware\\StartSession->handle()
#27 /home/u533806958/domains/a1merchantsolutions.triviio.com/public_html/vendor/laravel/framework/src/Illuminate/Cookie/Middleware/AddQueuedCookiesToResponse.php(36): Illuminate\\Pipeline\\Pipeline->Illuminate\\Pipeline\\{closure}()
#28 /home/u533806958/domains/a1merchantsolutions.triviio.com/public_html/vendor/laravel/framework/src/Illuminate/Pipeline/Pipeline.php(219): Illuminate\\Cookie\\Middleware\\AddQueuedCookiesToResponse->handle()
#29 /home/u533806958/domains/a1merchantsolutions.triviio.com/public_html/vendor/laravel/framework/src/Illuminate/Cookie/Middleware/EncryptCookies.php(74): Illuminate\\Pipeline\\Pipeline->Illuminate\\Pipeline\\{closure}()
#30 /home/u533806958/domains/a1merchantsolutions.triviio.com/public_html/vendor/laravel/framework/src/Illuminate/Pipeline/Pipeline.php(219): Illuminate\\Cookie\\Middleware\\EncryptCookies->handle()
#31 /home/u533806958/domains/a1merchantsolutions.triviio.com/public_html/vendor/laravel/framework/src/Illuminate/Pipeline/Pipeline.php(137): Illuminate\\Pipeline\\Pipeline->Illuminate\\Pipeline\\{closure}()
#32 /home/u533806958/domains/a1merchantsolutions.triviio.com/public_html/vendor/laravel/framework/src/Illuminate/Routing/Router.php(821): Illuminate\\Pipeline\\Pipeline->then()
#33 /home/u533806958/domains/a1merchantsolutions.triviio.com/public_html/vendor/laravel/framework/src/Illuminate/Routing/Router.php(800): Illuminate\\Routing\\Router->runRouteWithinStack()
#34 /home/u533806958/domains/a1merchantsolutions.triviio.com/public_html/vendor/laravel/framework/src/Illuminate/Routing/Router.php(764): Illuminate\\Routing\\Router->runRoute()
#35 /home/u533806958/domains/a1merchantsolutions.triviio.com/public_html/vendor/laravel/framework/src/Illuminate/Routing/Router.php(753): Illuminate\\Routing\\Router->dispatchToRoute()
#36 /home/u533806958/domains/a1merchantsolutions.triviio.com/public_html/vendor/laravel/framework/src/Illuminate/Foundation/Http/Kernel.php(200): Illuminate\\Routing\\Router->dispatch()
#37 /home/u533806958/domains/a1merchantsolutions.triviio.com/public_html/vendor/laravel/framework/src/Illuminate/Pipeline/Pipeline.php(180): Illuminate\\Foundation\\Http\\Kernel->Illuminate\\Foundation\\Http\\{closure}()
#38 /home/u533806958/domains/a1merchantsolutions.triviio.com/public_html/vendor/laravel/framework/src/Illuminate/Foundation/Http/Middleware/TransformsRequest.php(21): Illuminate\\Pipeline\\Pipeline->Illuminate\\Pipeline\\{closure}()
#39 /home/u533806958/domains/a1merchantsolutions.triviio.com/public_html/vendor/laravel/framework/src/Illuminate/Foundation/Http/Middleware/ConvertEmptyStringsToNull.php(31): Illuminate\\Foundation\\Http\\Middleware\\TransformsRequest->handle()
#40 /home/u533806958/domains/a1merchantsolutions.triviio.com/public_html/vendor/laravel/framework/src/Illuminate/Pipeline/Pipeline.php(219): Illuminate\\Foundation\\Http\\Middleware\\ConvertEmptyStringsToNull->handle()
#41 /home/u533806958/domains/a1merchantsolutions.triviio.com/public_html/vendor/laravel/framework/src/Illuminate/Foundation/Http/Middleware/TransformsRequest.php(21): Illuminate\\Pipeline\\Pipeline->Illuminate\\Pipeline\\{closure}()
#42 /home/u533806958/domains/a1merchantsolutions.triviio.com/public_html/vendor/laravel/framework/src/Illuminate/Foundation/Http/Middleware/TrimStrings.php(51): Illuminate\\Foundation\\Http\\Middleware\\TransformsRequest->handle()
#43 /home/u533806958/domains/a1merchantsolutions.triviio.com/public_html/vendor/laravel/framework/src/Illuminate/Pipeline/Pipeline.php(219): Illuminate\\Foundation\\Http\\Middleware\\TrimStrings->handle()
#44 /home/u533806958/domains/a1merchantsolutions.triviio.com/public_html/vendor/laravel/framework/src/Illuminate/Http/Middleware/ValidatePostSize.php(27): Illuminate\\Pipeline\\Pipeline->Illuminate\\Pipeline\\{closure}()
#45 /home/u533806958/domains/a1merchantsolutions.triviio.com/public_html/vendor/laravel/framework/src/Illuminate/Pipeline/Pipeline.php(219): Illuminate\\Http\\Middleware\\ValidatePostSize->handle()
#46 /home/u533806958/domains/a1merchantsolutions.triviio.com/public_html/vendor/laravel/framework/src/Illuminate/Foundation/Http/Middleware/PreventRequestsDuringMaintenance.php(109): Illuminate\\Pipeline\\Pipeline->Illuminate\\Pipeline\\{closure}()
#47 /home/u533806958/domains/a1merchantsolutions.triviio.com/public_html/vendor/laravel/framework/src/Illuminate/Pipeline/Pipeline.php(219): Illuminate\\Foundation\\Http\\Middleware\\PreventRequestsDuringMaintenance->handle()
#48 /home/u533806958/domains/a1merchantsolutions.triviio.com/public_html/vendor/laravel/framework/src/Illuminate/Http/Middleware/HandleCors.php(61): Illuminate\\Pipeline\\Pipeline->Illuminate\\Pipeline\\{closure}()
#49 /home/u533806958/domains/a1merchantsolutions.triviio.com/public_html/vendor/laravel/framework/src/Illuminate/Pipeline/Pipeline.php(219): Illuminate\\Http\\Middleware\\HandleCors->handle()
#50 /home/u533806958/domains/a1merchantsolutions.triviio.com/public_html/vendor/laravel/framework/src/Illuminate/Http/Middleware/TrustProxies.php(58): Illuminate\\Pipeline\\Pipeline->Illuminate\\Pipeline\\{closure}()
#51 /home/u533806958/domains/a1merchantsolutions.triviio.com/public_html/vendor/laravel/framework/src/Illuminate/Pipeline/Pipeline.php(219): Illuminate\\Http\\Middleware\\TrustProxies->handle()
#52 /home/u533806958/domains/a1merchantsolutions.triviio.com/public_html/vendor/laravel/framework/src/Illuminate/Foundation/Http/Middleware/InvokeDeferredCallbacks.php(22): Illuminate\\Pipeline\\Pipeline->Illuminate\\Pipeline\\{closure}()
#53 /home/u533806958/domains/a1merchantsolutions.triviio.com/public_html/vendor/laravel/framework/src/Illuminate/Pipeline/Pipeline.php(219): Illuminate\\Foundation\\Http\\Middleware\\InvokeDeferredCallbacks->handle()
#54 /home/u533806958/domains/a1merchantsolutions.triviio.com/public_html/vendor/laravel/framework/src/Illuminate/Http/Middleware/ValidatePathEncoding.php(26): Illuminate\\Pipeline\\Pipeline->Illuminate\\Pipeline\\{closure}()
#55 /home/u533806958/domains/a1merchantsolutions.triviio.com/public_html/vendor/laravel/framework/src/Illuminate/Pipeline/Pipeline.php(219): Illuminate\\Http\\Middleware\\ValidatePathEncoding->handle()
#56 /home/u533806958/domains/a1merchantsolutions.triviio.com/public_html/vendor/laravel/framework/src/Illuminate/Pipeline/Pipeline.php(137): Illuminate\\Pipeline\\Pipeline->Illuminate\\Pipeline\\{closure}()
#57 /home/u533806958/domains/a1merchantsolutions.triviio.com/public_html/vendor/laravel/framework/src/Illuminate/Foundation/Http/Kernel.php(175): Illuminate\\Pipeline\\Pipeline->then()
#58 /home/u533806958/domains/a1merchantsolutions.triviio.com/public_html/vendor/laravel/framework/src/Illuminate/Foundation/Http/Kernel.php(144): Illuminate\\Foundation\\Http\\Kernel->sendRequestThroughRouter()
#59 /home/u533806958/domains/a1merchantsolutions.triviio.com/public_html/vendor/laravel/framework/src/Illuminate/Foundation/Application.php(1220): Illuminate\\Foundation\\Http\\Kernel->handle()
#60 /home/u533806958/domains/a1merchantsolutions.triviio.com/public_html/public/index.php(15): Illuminate\\Foundation\\Application->handleRequest()
#61 {main}
"} 
[2026-08-13 13:11:58] local.ERROR: SQLSTATE[HY000] [2002] Operation not permitted (Connection: mysql, Host: 127.0.0.1, Port: 3306, Database: u533806958_adcoupon, SQL: select * from `sessions` where `id` = QulFhHMXKY2R1hgegmEMjxV1t16Kgz8fSP4weIF8 limit 1) {"exception":"[object] (Illuminate\\Database\\QueryException(code: 2002): SQLSTATE[HY000] [2002] Operation not permitted (Connection: mysql, Host: 127.0.0.1, Port: 3306, Database: u533806958_adcoupon, SQL: select * from `sessions` where `id` = QulFhHMXKY2R1hgegmEMjxV1t16Kgz8fSP4weIF8 limit 1) at /home/u533806958/domains/a1merchantsolutions.triviio.com/public_html/vendor/laravel/framework/src/Illuminate/Database/Connection.php:838)
[stacktrace]
#0 /home/u533806958/domains/a1merchantsolutions.triviio.com/public_html/vendor/laravel/framework/src/Illuminate/Database/Connection.php(794): Illuminate\\Database\\Connection->runQueryCallback()
#1 /home/u533806958/domains/a1merchantsolutions.triviio.com/public_html/vendor/laravel/framework/src/Illuminate/Database/Connection.php(411): Illuminate\\Database\\Connection->run()
#2 /home/u533806958/domains/a1merchantsolutions.triviio.com/public_html/vendor/laravel/framework/src/Illuminate/Database/Query/Builder.php(3505): Illuminate\\Database\\Connection->select()
#3 /home/u533806958/domains/a1merchantsolutions.triviio.com/public_html/vendor/laravel/framework/src/Illuminate/Database/Query/Builder.php(3490): Illuminate\\Database\\Query\\Builder->runSelect()
#4 /home/u533806958/domains/a1merchantsolutions.triviio.com/public_html/vendor/laravel/framework/src/Illuminate/Database/Query/Builder.php(4080): Illuminate\\Database\\Query\\Builder->Illuminate\\Database\\Query\\{closure}()
#5 /home/u533806958/domains/a1merchantsolutions.triviio.com/public_html/vendor/laravel/framework/src/Illuminate/Database/Query/Builder.php(3489): Illuminate\\Database\\Query\\Builder->onceWithColumns()
#6 /home/u533806958/domains/a1merchantsolutions.triviio.com/public_html/vendor/laravel/framework/src/Illuminate/Database/Concerns/BuildsQueries.php(366): Illuminate\\Database\\Query\\Builder->get()
#7 /home/u533806958/domains/a1merchantsolutions.triviio.com/public_html/vendor/laravel/framework/src/Illuminate/Database/Query/Builder.php(3412): Illuminate\\Database\\Query\\Builder->first()
#8 /home/u533806958/domains/a1merchantsolutions.triviio.com/public_html/vendor/laravel/framework/src/Illuminate/Session/DatabaseSessionHandler.php(96): Illuminate\\Database\\Query\\Builder->find()
#9 /home/u533806958/domains/a1merchantsolutions.triviio.com/public_html/vendor/laravel/framework/src/Illuminate/Session/Store.php(128): Illuminate\\Session\\DatabaseSessionHandler->read()
#10 /home/u533806958/domains/a1merchantsolutions.triviio.com/public_html/vendor/laravel/framework/src/Illuminate/Session/Store.php(116): Illuminate\\Session\\Store->readFromHandler()
#11 /home/u533806958/domains/a1merchantsolutions.triviio.com/public_html/vendor/laravel/framework/src/Illuminate/Session/Store.php(100): Illuminate\\Session\\Store->loadSession()
#12 /home/u533806958/domains/a1merchantsolutions.triviio.com/public_html/vendor/laravel/framework/src/Illuminate/Session/Middleware/StartSession.php(146): Illuminate\\Session\\Store->start()
#13 /home/u533806958/domains/a1merchantsolutions.triviio.com/public_html/vendor/laravel/framework/src/Illuminate/Support/helpers.php(393): Illuminate\\Session\\Middleware\\StartSession->Illuminate\\Session\\Middleware\\{closure}()
#14 /home/u533806958/domains/a1merchantsolutions.triviio.com/public_html/vendor/laravel/framework/src/Illuminate/Session/Middleware/StartSession.php(143): tap()
#15 /home/u533806958/domains/a1merchantsolutions.triviio.com/public_html/vendor/laravel/framework/src/Illuminate/Session/Middleware/StartSession.php(115): Illuminate\\Session\\Middleware\\StartSession->startSession()
#16 /home/u533806958/domains/a1merchantsolutions.triviio.com/public_html/vendor/laravel/framework/src/Illuminate/Session/Middleware/StartSession.php(63): Illuminate\\Session\\Middleware\\StartSession->handleStatefulRequest()
#17 /home/u533806958/domains/a1merchantsolutions.triviio.com/public_html/vendor/laravel/framework/src/Illuminate/Pipeline/Pipeline.php(219): Illuminate\\Session\\Middleware\\StartSession->handle()
#18 /home/u533806958/domains/a1merchantsolutions.triviio.com/public_html/vendor/laravel/framework/src/Illuminate/Cookie/Middleware/AddQueuedCookiesToResponse.php(36): Illuminate\\Pipeline\\Pipeline->Illuminate\\Pipeline\\{closure}()
#19 /home/u533806958/domains/a1merchantsolutions.triviio.com/public_html/vendor/laravel/framework/src/Illuminate/Pipeline/Pipeline.php(219): Illuminate\\Cookie\\Middleware\\AddQueuedCookiesToResponse->handle()
#20 /home/u533806958/domains/a1merchantsolutions.triviio.com/public_html/vendor/laravel/framework/src/Illuminate/Cookie/Middleware/EncryptCookies.php(74): Illuminate\\Pipeline\\Pipeline->Illuminate\\Pipeline\\{closure}()
#21 /home/u533806958/domains/a1merchantsolutions.triviio.com/public_html/vendor/laravel/framework/src/Illuminate/Pipeline/Pipeline.php(219): Illuminate\\Cookie\\Middleware\\EncryptCookies->handle()
#22 /home/u533806958/domains/a1merchantsolutions.triviio.com/public_html/vendor/laravel/framework/src/Illuminate/Pipeline/Pipeline.php(137): Illuminate\\Pipeline\\Pipeline->Illuminate\\Pipeline\\{closure}()
#23 /home/u533806958/domains/a1merchantsolutions.triviio.com/public_html/vendor/laravel/framework/src/Illuminate/Routing/Router.php(821): Illuminate\\Pipeline\\Pipeline->then()
#24 /home/u533806958/domains/a1merchantsolutions.triviio.com/public_html/vendor/laravel/framework/src/Illuminate/Routing/Router.php(800): Illuminate\\Routing\\Router->runRouteWithinStack()
#25 /home/u533806958/domains/a1merchantsolutions.triviio.com/public_html/vendor/laravel/framework/src/Illuminate/Routing/Router.php(764): Illuminate\\Routing\\Router->runRoute()
#26 /home/u533806958/domains/a1merchantsolutions.triviio.com/public_html/vendor/laravel/framework/src/Illuminate/Routing/Router.php(753): Illuminate\\Routing\\Router->dispatchToRoute()
#27 /home/u533806958/domains/a1merchantsolutions.triviio.com/public_html/vendor/laravel/framework/src/Illuminate/Foundation/Http/Kernel.php(200): Illuminate\\Routing\\Router->dispatch()
#28 /home/u533806958/domains/a1merchantsolutions.triviio.com/public_html/vendor/laravel/framework/src/Illuminate/Pipeline/Pipeline.php(180): Illuminate\\Foundation\\Http\\Kernel->Illuminate\\Foundation\\Http\\{closure}()
#29 /home/u533806958/domains/a1merchantsolutions.triviio.com/public_html/vendor/laravel/framework/src/Illuminate/Foundation/Http/Middleware/TransformsRequest.php(21): Illuminate\\Pipeline\\Pipeline->Illuminate\\Pipeline\\{closure}()
#30 /home/u533806958/domains/a1merchantsolutions.triviio.com/public_html/vendor/laravel/framework/src/Illuminate/Foundation/Http/Middleware/ConvertEmptyStringsToNull.php(31): Illuminate\\Foundation\\Http\\Middleware\\TransformsRequest->handle()
#31 /home/u533806958/domains/a1merchantsolutions.triviio.com/public_html/vendor/laravel/framework/src/Illuminate/Pipeline/Pipeline.php(219): Illuminate\\Foundation\\Http\\Middleware\\ConvertEmptyStringsToNull->handle()
#32 /home/u533806958/domains/a1merchantsolutions.triviio.com/public_html/vendor/laravel/framework/src/Illuminate/Foundation/Http/Middleware/TransformsRequest.php(21): Illuminate\\Pipeline\\Pipeline->Illuminate\\Pipeline\\{closure}()
#33 /home/u533806958/domains/a1merchantsolutions.triviio.com/public_html/vendor/laravel/framework/src/Illuminate/Foundation/Http/Middleware/TrimStrings.php(51): Illuminate\\Foundation\\Http\\Middleware\\TransformsRequest->handle()
#34 /home/u533806958/domains/a1merchantsolutions.triviio.com/public_html/vendor/laravel/framework/src/Illuminate/Pipeline/Pipeline.php(219): Illuminate\\Foundation\\Http\\Middleware\\TrimStrings->handle()
#35 /home/u533806958/domains/a1merchantsolutions.triviio.com/public_html/vendor/laravel/framework/src/Illuminate/Http/Middleware/ValidatePostSize.php(27): Illuminate\\Pipeline\\Pipeline->Illuminate\\Pipeline\\{closure}()
#36 /home/u533806958/domains/a1merchantsolutions.triviio.com/public_html/vendor/laravel/framework/src/Illuminate/Pipeline/Pipeline.php(219): Illuminate\\Http\\Middleware\\ValidatePostSize->handle()
#37 /home/u533806958/domains/a1merchantsolutions.triviio.com/public_html/vendor/laravel/framework/src/Illuminate/Foundation/Http/Middleware/PreventRequestsDuringMaintenance.php(109): Illuminate\\Pipeline\\Pipeline->Illuminate\\Pipeline\\{closure}()
#38 /home/u533806958/domains/a1merchantsolutions.triviio.com/public_html/vendor/laravel/framework/src/Illuminate/Pipeline/Pipeline.php(219): Illuminate\\Foundation\\Http\\Middleware\\PreventRequestsDuringMaintenance->handle()
#39 /home/u533806958/domains/a1merchantsolutions.triviio.com/public_html/vendor/laravel/framework/src/Illuminate/Http/Middleware/HandleCors.php(61): Illuminate\\Pipeline\\Pipeline->Illuminate\\Pipeline\\{closure}()
#40 /home/u533806958/domains/a1merchantsolutions.triviio.com/public_html/vendor/laravel/framework/src/Illuminate/Pipeline/Pipeline.php(219): Illuminate\\Http\\Middleware\\HandleCors->handle()
#41 /home/u533806958/domains/a1merchantsolutions.triviio.com/public_html/vendor/laravel/framework/src/Illuminate/Http/Middleware/TrustProxies.php(58): Illuminate\\Pipeline\\Pipeline->Illuminate\\Pipeline\\{closure}()
#42 /home/u533806958/domains/a1merchantsolutions.triviio.com/public_html/vendor/laravel/framework/src/Illuminate/Pipeline/Pipeline.php(219): Illuminate\\Http\\Middleware\\TrustProxies->handle()
#43 /home/u533806958/domains/a1merchantsolutions.triviio.com/public_html/vendor/laravel/framework/src/Illuminate/Foundation/Http/Middleware/InvokeDeferredCallbacks.php(22): Illuminate\\Pipeline\\Pipeline->Illuminate\\Pipeline\\{closure}()
#44 /home/u533806958/domains/a1merchantsolutions.triviio.com/public_html/vendor/laravel/framework/src/Illuminate/Pipeline/Pipeline.php(219): Illuminate\\Foundation\\Http\\Middleware\\InvokeDeferredCallbacks->handle()
#45 /home/u533806958/domains/a1merchantsolutions.triviio.com/public_html/vendor/laravel/framework/src/Illuminate/Http/Middleware/ValidatePathEncoding.php(26): Illuminate\\Pipeline\\Pipeline->Illuminate\\Pipeline\\{closure}()
#46 /home/u533806958/domains/a1merchantsolutions.triviio.com/public_html/vendor/laravel/framework/src/Illuminate/Pipeline/Pipeline.php(219): Illuminate\\Http\\Middleware\\ValidatePathEncoding->handle()
#47 /home/u533806958/domains/a1merchantsolutions.triviio.com/public_html/vendor/laravel/framework/src/Illuminate/Pipeline/Pipeline.php(137): Illuminate\\Pipeline\\Pipeline->Illuminate\\Pipeline\\{closure}()
#48 /home/u533806958/domains/a1merchantsolutions.triviio.com/public_html/vendor/laravel/framework/src/Illuminate/Foundation/Http/Kernel.php(175): Illuminate\\Pipeline\\Pipeline->then()
#49 /home/u533806958/domains/a1merchantsolutions.triviio.com/public_html/vendor/laravel/framework/src/Illuminate/Foundation/Http/Kernel.php(144): Illuminate\\Foundation\\Http\\Kernel->sendRequestThroughRouter()
#50 /home/u533806958/domains/a1merchantsolutions.triviio.com/public_html/vendor/laravel/framework/src/Illuminate/Foundation/Application.php(1220): Illuminate\\Foundation\\Http\\Kernel->handle()
#51 /home/u533806958/domains/a1merchantsolutions.triviio.com/public_html/public/index.php(15): Illuminate\\Foundation\\Application->handleRequest()
#52 {main}

[previous exception] [object] (PDOException(code: 2002): SQLSTATE[HY000] [2002] Operation not permitted at /home/u533806958/domains/a1merchantsolutions.triviio.com/public_html/vendor/laravel/framework/src/Illuminate/Database/Connectors/Connector.php:66)
[stacktrace]
#0 /home/u533806958/domains/a1merchantsolutions.triviio.com/public_html/vendor/laravel/framework/src/Illuminate/Database/Connectors/Connector.php(66): PDO->__construct()
#1 /home/u533806958/domains/a1merchantsolutions.triviio.com/public_html/vendor/laravel/framework/src/Illuminate/Database/Connectors/Connector.php(44): Illuminate\\Database\\Connectors\\Connector->createPdoConnection()
#2 /home/u533806958/domains/a1merchantsolutions.triviio.com/public_html/vendor/laravel/framework/src/Illuminate/Database/Connectors/MySqlConnector.php(24): Illuminate\\Database\\Connectors\\Connector->createConnection()
#3 /home/u533806958/domains/a1merchantsolutions.triviio.com/public_html/vendor/laravel/framework/src/Illuminate/Database/Connectors/ConnectionFactory.php(186): Illuminate\\Database\\Connectors\\MySqlConnector->connect()
#4 [internal function]: Illuminate\\Database\\Connectors\\ConnectionFactory->Illuminate\\Database\\Connectors\\{closure}()
#5 /home/u533806958/domains/a1merchantsolutions.triviio.com/public_html/vendor/laravel/framework/src/Illuminate/Database/Connection.php(1257): call_user_func()
#6 /home/u533806958/domains/a1merchantsolutions.triviio.com/public_html/vendor/laravel/framework/src/Illuminate/Database/Connection.php(525): Illuminate\\Database\\Connection->getPdo()
#7 /home/u533806958/domains/a1merchantsolutions.triviio.com/public_html/vendor/laravel/framework/src/Illuminate/Database/Connection.php(420): Illuminate\\Database\\Connection->getPdoForSelect()
#8 /home/u533806958/domains/a1merchantsolutions.triviio.com/public_html/vendor/laravel/framework/src/Illuminate/Database/Connection.php(827): Illuminate\\Database\\Connection->Illuminate\\Database\\{closure}()
#9 /home/u533806958/domains/a1merchantsolutions.triviio.com/public_html/vendor/laravel/framework/src/Illuminate/Database/Connection.php(794): Illuminate\\Database\\Connection->runQueryCallback()
#10 /home/u533806958/domains/a1merchantsolutions.triviio.com/public_html/vendor/laravel/framework/src/Illuminate/Database/Connection.php(411): Illuminate\\Database\\Connection->run()
#11 /home/u533806958/domains/a1merchantsolutions.triviio.com/public_html/vendor/laravel/framework/src/Illuminate/Database/Query/Builder.php(3505): Illuminate\\Database\\Connection->select()
#12 /home/u533806958/domains/a1merchantsolutions.triviio.com/public_html/vendor/laravel/framework/src/Illuminate/Database/Query/Builder.php(3490): Illuminate\\Database\\Query\\Builder->runSelect()
#13 /home/u533806958/domains/a1merchantsolutions.triviio.com/public_html/vendor/laravel/framework/src/Illuminate/Database/Query/Builder.php(4080): Illuminate\\Database\\Query\\Builder->Illuminate\\Database\\Query\\{closure}()
#14 /home/u533806958/domains/a1merchantsolutions.triviio.com/public_html/vendor/laravel/framework/src/Illuminate/Database/Query/Builder.php(3489): Illuminate\\Database\\Query\\Builder->onceWithColumns()
#15 /home/u533806958/domains/a1merchantsolutions.triviio.com/public_html/vendor/laravel/framework/src/Illuminate/Database/Concerns/BuildsQueries.php(366): Illuminate\\Database\\Query\\Builder->get()
#16 /home/u533806958/domains/a1merchantsolutions.triviio.com/public_html/vendor/laravel/framework/src/Illuminate/Database/Query/Builder.php(3412): Illuminate\\Database\\Query\\Builder->first()
#17 /home/u533806958/domains/a1merchantsolutions.triviio.com/public_html/vendor/laravel/framework/src/Illuminate/Session/DatabaseSessionHandler.php(96): Illuminate\\Database\\Query\\Builder->find()
#18 /home/u533806958/domains/a1merchantsolutions.triviio.com/public_html/vendor/laravel/framework/src/Illuminate/Session/Store.php(128): Illuminate\\Session\\DatabaseSessionHandler->read()
#19 /home/u533806958/domains/a1merchantsolutions.triviio.com/public_html/vendor/laravel/framework/src/Illuminate/Session/Store.php(116): Illuminate\\Session\\Store->readFromHandler()
#20 /home/u533806958/domains/a1merchantsolutions.triviio.com/public_html/vendor/laravel/framework/src/Illuminate/Session/Store.php(100): Illuminate\\Session\\Store->loadSession()
#21 /home/u533806958/domains/a1merchantsolutions.triviio.com/public_html/vendor/laravel/framework/src/Illuminate/Session/Middleware/StartSession.php(146): Illuminate\\Session\\Store->start()
#22 /home/u533806958/domains/a1merchantsolutions.triviio.com/public_html/vendor/laravel/framework/src/Illuminate/Support/helpers.php(393): Illuminate\\Session\\Middleware\\StartSession->Illuminate\\Session\\Middleware\\{closure}()
#23 /home/u533806958/domains/a1merchantsolutions.triviio.com/public_html/vendor/laravel/framework/src/Illuminate/Session/Middleware/StartSession.php(143): tap()
#24 /home/u533806958/domains/a1merchantsolutions.triviio.com/public_html/vendor/laravel/framework/src/Illuminate/Session/Middleware/StartSession.php(115): Illuminate\\Session\\Middleware\\StartSession->startSession()
#25 /home/u533806958/domains/a1merchantsolutions.triviio.com/public_html/vendor/laravel/framework/src/Illuminate/Session/Middleware/StartSession.php(63): Illuminate\\Session\\Middleware\\StartSession->handleStatefulRequest()
#26 /home/u533806958/domains/a1merchantsolutions.triviio.com/public_html/vendor/laravel/framework/src/Illuminate/Pipeline/Pipeline.php(219): Illuminate\\Session\\Middleware\\StartSession->handle()
#27 /home/u533806958/domains/a1merchantsolutions.triviio.com/public_html/vendor/laravel/framework/src/Illuminate/Cookie/Middleware/AddQueuedCookiesToResponse.php(36): Illuminate\\Pipeline\\Pipeline->Illuminate\\Pipeline\\{closure}()
#28 /home/u533806958/domains/a1merchantsolutions.triviio.com/public_html/vendor/laravel/framework/src/Illuminate/Pipeline/Pipeline.php(219): Illuminate\\Cookie\\Middleware\\AddQueuedCookiesToResponse->handle()
#29 /home/u533806958/domains/a1merchantsolutions.triviio.com/public_html/vendor/laravel/framework/src/Illuminate/Cookie/Middleware/EncryptCookies.php(74): Illuminate\\Pipeline\\Pipeline->Illuminate\\Pipeline\\{closure}()
#30 /home/u533806958/domains/a1merchantsolutions.triviio.com/public_html/vendor/laravel/framework/src/Illuminate/Pipeline/Pipeline.php(219): Illuminate\\Cookie\\Middleware\\EncryptCookies->handle()
#31 /home/u533806958/domains/a1merchantsolutions.triviio.com/public_html/vendor/laravel/framework/src/Illuminate/Pipeline/Pipeline.php(137): Illuminate\\Pipeline\\Pipeline->Illuminate\\Pipeline\\{closure}()
#32 /home/u533806958/domains/a1merchantsolutions.triviio.com/public_html/vendor/laravel/framework/src/Illuminate/Routing/Router.php(821): Illuminate\\Pipeline\\Pipeline->then()
#33 /home/u533806958/domains/a1merchantsolutions.triviio.com/public_html/vendor/laravel/framework/src/Illuminate/Routing/Router.php(800): Illuminate\\Routing\\Router->runRouteWithinStack()
#34 /home/u533806958/domains/a1merchantsolutions.triviio.com/public_html/vendor/laravel/framework/src/Illuminate/Routing/Router.php(764): Illuminate\\Routing\\Router->runRoute()
#35 /home/u533806958/domains/a1merchantsolutions.triviio.com/public_html/vendor/laravel/framework/src/Illuminate/Routing/Router.php(753): Illuminate\\Routing\\Router->dispatchToRoute()
#36 /home/u533806958/domains/a1merchantsolutions.triviio.com/public_html/vendor/laravel/framework/src/Illuminate/Foundation/Http/Kernel.php(200): Illuminate\\Routing\\Router->dispatch()
#37 /home/u533806958/domains/a1merchantsolutions.triviio.com/public_html/vendor/laravel/framework/src/Illuminate/Pipeline/Pipeline.php(180): Illuminate\\Foundation\\Http\\Kernel->Illuminate\\Foundation\\Http\\{closure}()
#38 /home/u533806958/domains/a1merchantsolutions.triviio.com/public_html/vendor/laravel/framework/src/Illuminate/Foundation/Http/Middleware/TransformsRequest.php(21): Illuminate\\Pipeline\\Pipeline->Illuminate\\Pipeline\\{closure}()
#39 /home/u533806958/domains/a1merchantsolutions.triviio.com/public_html/vendor/laravel/framework/src/Illuminate/Foundation/Http/Middleware/ConvertEmptyStringsToNull.php(31): Illuminate\\Foundation\\Http\\Middleware\\TransformsRequest->handle()
#40 /home/u533806958/domains/a1merchantsolutions.triviio.com/public_html/vendor/laravel/framework/src/Illuminate/Pipeline/Pipeline.php(219): Illuminate\\Foundation\\Http\\Middleware\\ConvertEmptyStringsToNull->handle()
#41 /home/u533806958/domains/a1merchantsolutions.triviio.com/public_html/vendor/laravel/framework/src/Illuminate/Foundation/Http/Middleware/TransformsRequest.php(21): Illuminate\\Pipeline\\Pipeline->Illuminate\\Pipeline\\{closure}()
#42 /home/u533806958/domains/a1merchantsolutions.triviio.com/public_html/vendor/laravel/framework/src/Illuminate/Foundation/Http/Middleware/TrimStrings.php(51): Illuminate\\Foundation\\Http\\Middleware\\TransformsRequest->handle()
#43 /home/u533806958/domains/a1merchantsolutions.triviio.com/public_html/vendor/laravel/framework/src/Illuminate/Pipeline/Pipeline.php(219): Illuminate\\Foundation\\Http\\Middleware\\TrimStrings->handle()
#44 /home/u533806958/domains/a1merchantsolutions.triviio.com/public_html/vendor/laravel/framework/src/Illuminate/Http/Middleware/ValidatePostSize.php(27): Illuminate\\Pipeline\\Pipeline->Illuminate\\Pipeline\\{closure}()
#45 /home/u533806958/domains/a1merchantsolutions.triviio.com/public_html/vendor/laravel/framework/src/Illuminate/Pipeline/Pipeline.php(219): Illuminate\\Http\\Middleware\\ValidatePostSize->handle()
#46 /home/u533806958/domains/a1merchantsolutions.triviio.com/public_html/vendor/laravel/framework/src/Illuminate/Foundation/Http/Middleware/PreventRequestsDuringMaintenance.php(109): Illuminate\\Pipeline\\Pipeline->Illuminate\\Pipeline\\{closure}()
#47 /home/u533806958/domains/a1merchantsolutions.triviio.com/public_html/vendor/laravel/framework/src/Illuminate/Pipeline/Pipeline.php(219): Illuminate\\Foundation\\Http\\Middleware\\PreventRequestsDuringMaintenance->handle()
#48 /home/u533806958/domains/a1merchantsolutions.triviio.com/public_html/vendor/laravel/framework/src/Illuminate/Http/Middleware/HandleCors.php(61): Illuminate\\Pipeline\\Pipeline->Illuminate\\Pipeline\\{closure}()
#49 /home/u533806958/domains/a1merchantsolutions.triviio.com/public_html/vendor/laravel/framework/src/Illuminate/Pipeline/Pipeline.php(219): Illuminate\\Http\\Middleware\\HandleCors->handle()
#50 /home/u533806958/domains/a1merchantsolutions.triviio.com/public_html/vendor/laravel/framework/src/Illuminate/Http/Middleware/TrustProxies.php(58): Illuminate\\Pipeline\\Pipeline->Illuminate\\Pipeline\\{closure}()
#51 /home/u533806958/domains/a1merchantsolutions.triviio.com/public_html/vendor/laravel/framework/src/Illuminate/Pipeline/Pipeline.php(219): Illuminate\\Http\\Middleware\\TrustProxies->handle()
#52 /home/u533806958/domains/a1merchantsolutions.triviio.com/public_html/vendor/laravel/framework/src/Illuminate/Foundation/Http/Middleware/InvokeDeferredCallbacks.php(22): Illuminate\\Pipeline\\Pipeline->Illuminate\\Pipeline\\{closure}()
#53 /home/u533806958/domains/a1merchantsolutions.triviio.com/public_html/vendor/laravel/framework/src/Illuminate/Pipeline/Pipeline.php(219): Illuminate\\Foundation\\Http\\Middleware\\InvokeDeferredCallbacks->handle()
#54 /home/u533806958/domains/a1merchantsolutions.triviio.com/public_html/vendor/laravel/framework/src/Illuminate/Http/Middleware/ValidatePathEncoding.php(26): Illuminate\\Pipeline\\Pipeline->Illuminate\\Pipeline\\{closure}()
#55 /home/u533806958/domains/a1merchantsolutions.triviio.com/public_html/vendor/laravel/framework/src/Illuminate/Pipeline/Pipeline.php(219): Illuminate\\Http\\Middleware\\ValidatePathEncoding->handle()
#56 /home/u533806958/domains/a1merchantsolutions.triviio.com/public_html/vendor/laravel/framework/src/Illuminate/Pipeline/Pipeline.php(137): Illuminate\\Pipeline\\Pipeline->Illuminate\\Pipeline\\{closure}()
#57 /home/u533806958/domains/a1merchantsolutions.triviio.com/public_html/vendor/laravel/framework/src/Illuminate/Foundation/Http/Kernel.php(175): Illuminate\\Pipeline\\Pipeline->then()
#58 /home/u533806958/domains/a1merchantsolutions.triviio.com/public_html/vendor/laravel/framework/src/Illuminate/Foundation/Http/Kernel.php(144): Illuminate\\Foundation\\Http\\Kernel->sendRequestThroughRouter()
#59 /home/u533806958/domains/a1merchantsolutions.triviio.com/public_html/vendor/laravel/framework/src/Illuminate/Foundation/Application.php(1220): Illuminate\\Foundation\\Http\\Kernel->handle()
#60 /home/u533806958/domains/a1merchantsolutions.triviio.com/public_html/public/index.php(15): Illuminate\\Foundation\\Application->handleRequest()
#61 {main}
"} 
[2026-08-13 13:11:58] local.ERROR: SQLSTATE[HY000] [2002] Operation not permitted (Connection: mysql, Host: 127.0.0.1, Port: 3306, Database: u533806958_adcoupon, SQL: select * from `sessions` where `id` = QulFhHMXKY2R1hgegmEMjxV1t16Kgz8fSP4weIF8 limit 1) {"exception":"[object] (Illuminate\\Database\\QueryException(code: 2002): SQLSTATE[HY000] [2002] Operation not permitted (Connection: mysql, Host: 127.0.0.1, Port: 3306, Database: u533806958_adcoupon, SQL: select * from `sessions` where `id` = QulFhHMXKY2R1hgegmEMjxV1t16Kgz8fSP4weIF8 limit 1) at /home/u533806958/domains/a1merchantsolutions.triviio.com/public_html/vendor/laravel/framework/src/Illuminate/Database/Connection.php:838)
[stacktrace]
#0 /home/u533806958/domains/a1merchantsolutions.triviio.com/public_html/vendor/laravel/framework/src/Illuminate/Database/Connection.php(794): Illuminate\\Database\\Connection->runQueryCallback()
#1 /home/u533806958/domains/a1merchantsolutions.triviio.com/public_html/vendor/laravel/framework/src/Illuminate/Database/Connection.php(411): Illuminate\\Database\\Connection->run()
#2 /home/u533806958/domains/a1merchantsolutions.triviio.com/public_html/vendor/laravel/framework/src/Illuminate/Database/Query/Builder.php(3505): Illuminate\\Database\\Connection->select()
#3 /home/u533806958/domains/a1merchantsolutions.triviio.com/public_html/vendor/laravel/framework/src/Illuminate/Database/Query/Builder.php(3490): Illuminate\\Database\\Query\\Builder->runSelect()
#4 /home/u533806958/domains/a1merchantsolutions.triviio.com/public_html/vendor/laravel/framework/src/Illuminate/Database/Query/Builder.php(4080): Illuminate\\Database\\Query\\Builder->Illuminate\\Database\\Query\\{closure}()
#5 /home/u533806958/domains/a1merchantsolutions.triviio.com/public_html/vendor/laravel/framework/src/Illuminate/Database/Query/Builder.php(3489): Illuminate\\Database\\Query\\Builder->onceWithColumns()
#6 /home/u533806958/domains/a1merchantsolutions.triviio.com/public_html/vendor/laravel/framework/src/Illuminate/Database/Concerns/BuildsQueries.php(366): Illuminate\\Database\\Query\\Builder->get()
#7 /home/u533806958/domains/a1merchantsolutions.triviio.com/public_html/vendor/laravel/framework/src/Illuminate/Database/Query/Builder.php(3412): Illuminate\\Database\\Query\\Builder->first()
#8 /home/u533806958/domains/a1merchantsolutions.triviio.com/public_html/vendor/laravel/framework/src/Illuminate/Session/DatabaseSessionHandler.php(96): Illuminate\\Database\\Query\\Builder->find()
#9 /home/u533806958/domains/a1merchantsolutions.triviio.com/public_html/vendor/laravel/framework/src/Illuminate/Session/Store.php(128): Illuminate\\Session\\DatabaseSessionHandler->read()
#10 /home/u533806958/domains/a1merchantsolutions.triviio.com/public_html/vendor/laravel/framework/src/Illuminate/Session/Store.php(116): Illuminate\\Session\\Store->readFromHandler()
#11 /home/u533806958/domains/a1merchantsolutions.triviio.com/public_html/vendor/laravel/framework/src/Illuminate/Session/Store.php(100): Illuminate\\Session\\Store->loadSession()
#12 /home/u533806958/domains/a1merchantsolutions.triviio.com/public_html/vendor/laravel/framework/src/Illuminate/Session/Middleware/StartSession.php(146): Illuminate\\Session\\Store->start()
#13 /home/u533806958/domains/a1merchantsolutions.triviio.com/public_html/vendor/laravel/framework/src/Illuminate/Support/helpers.php(393): Illuminate\\Session\\Middleware\\StartSession->Illuminate\\Session\\Middleware\\{closure}()
#14 /home/u533806958/domains/a1merchantsolutions.triviio.com/public_html/vendor/laravel/framework/src/Illuminate/Session/Middleware/StartSession.php(143): tap()
#15 /home/u533806958/domains/a1merchantsolutions.triviio.com/public_html/vendor/laravel/framework/src/Illuminate/Session/Middleware/StartSession.php(115): Illuminate\\Session\\Middleware\\StartSession->startSession()
#16 /home/u533806958/domains/a1merchantsolutions.triviio.com/public_html/vendor/laravel/framework/src/Illuminate/Session/Middleware/StartSession.php(63): Illuminate\\Session\\Middleware\\StartSession->handleStatefulRequest()
#17 /home/u533806958/domains/a1merchantsolutions.triviio.com/public_html/vendor/laravel/framework/src/Illuminate/Pipeline/Pipeline.php(219): Illuminate\\Session\\Middleware\\StartSession->handle()
#18 /home/u533806958/domains/a1merchantsolutions.triviio.com/public_html/vendor/laravel/framework/src/Illuminate/Cookie/Middleware/AddQueuedCookiesToResponse.php(36): Illuminate\\Pipeline\\Pipeline->Illuminate\\Pipeline\\{closure}()
#19 /home/u533806958/domains/a1merchantsolutions.triviio.com/public_html/vendor/laravel/framework/src/Illuminate/Pipeline/Pipeline.php(219): Illuminate\\Cookie\\Middleware\\AddQueuedCookiesToResponse->handle()
#20 /home/u533806958/domains/a1merchantsolutions.triviio.com/public_html/vendor/laravel/framework/src/Illuminate/Cookie/Middleware/EncryptCookies.php(74): Illuminate\\Pipeline\\Pipeline->Illuminate\\Pipeline\\{closure}()
#21 /home/u533806958/domains/a1merchantsolutions.triviio.com/public_html/vendor/laravel/framework/src/Illuminate/Pipeline/Pipeline.php(219): Illuminate\\Cookie\\Middleware\\EncryptCookies->handle()
#22 /home/u533806958/domains/a1merchantsolutions.triviio.com/public_html/vendor/laravel/framework/src/Illuminate/Pipeline/Pipeline.php(137): Illuminate\\Pipeline\\Pipeline->Illuminate\\Pipeline\\{closure}()
#23 /home/u533806958/domains/a1merchantsolutions.triviio.com/public_html/vendor/laravel/framework/src/Illuminate/Routing/Router.php(821): Illuminate\\Pipeline\\Pipeline->then()
#24 /home/u533806958/domains/a1merchantsolutions.triviio.com/public_html/vendor/laravel/framework/src/Illuminate/Routing/Router.php(800): Illuminate\\Routing\\Router->runRouteWithinStack()
#25 /home/u533806958/domains/a1merchantsolutions.triviio.com/public_html/vendor/laravel/framework/src/Illuminate/Routing/Router.php(764): Illuminate\\Routing\\Router->runRoute()
#26 /home/u533806958/domains/a1merchantsolutions.triviio.com/public_html/vendor/laravel/framework/src/Illuminate/Routing/Router.php(753): Illuminate\\Routing\\Router->dispatchToRoute()
#27 /home/u533806958/domains/a1merchantsolutions.triviio.com/public_html/vendor/laravel/framework/src/Illuminate/Foundation/Http/Kernel.php(200): Illuminate\\Routing\\Router->dispatch()
#28 /home/u533806958/domains/a1merchantsolutions.triviio.com/public_html/vendor/laravel/framework/src/Illuminate/Pipeline/Pipeline.php(180): Illuminate\\Foundation\\Http\\Kernel->Illuminate\\Foundation\\Http\\{closure}()
#29 /home/u533806958/domains/a1merchantsolutions.triviio.com/public_html/vendor/laravel/framework/src/Illuminate/Foundation/Http/Middleware/TransformsRequest.php(21): Illuminate\\Pipeline\\Pipeline->Illuminate\\Pipeline\\{closure}()
#30 /home/u533806958/domains/a1merchantsolutions.triviio.com/public_html/vendor/laravel/framework/src/Illuminate/Foundation/Http/Middleware/ConvertEmptyStringsToNull.php(31): Illuminate\\Foundation\\Http\\Middleware\\TransformsRequest->handle()
#31 /home/u533806958/domains/a1merchantsolutions.triviio.com/public_html/vendor/laravel/framework/src/Illuminate/Pipeline/Pipeline.php(219): Illuminate\\Foundation\\Http\\Middleware\\ConvertEmptyStringsToNull->handle()
#32 /home/u533806958/domains/a1merchantsolutions.triviio.com/public_html/vendor/laravel/framework/src/Illuminate/Foundation/Http/Middleware/TransformsRequest.php(21): Illuminate\\Pipeline\\Pipeline->Illuminate\\Pipeline\\{closure}()
#33 /home/u533806958/domains/a1merchantsolutions.triviio.com/public_html/vendor/laravel/framework/src/Illuminate/Foundation/Http/Middleware/TrimStrings.php(51): Illuminate\\Foundation\\Http\\Middleware\\TransformsRequest->handle()
#34 /home/u533806958/domains/a1merchantsolutions.triviio.com/public_html/vendor/laravel/framework/src/Illuminate/Pipeline/Pipeline.php(219): Illuminate\\Foundation\\Http\\Middleware\\TrimStrings->handle()
#35 /home/u533806958/domains/a1merchantsolutions.triviio.com/public_html/vendor/laravel/framework/src/Illuminate/Http/Middleware/ValidatePostSize.php(27): Illuminate\\Pipeline\\Pipeline->Illuminate\\Pipeline\\{closure}()
#36 /home/u533806958/domains/a1merchantsolutions.triviio.com/public_html/vendor/laravel/framework/src/Illuminate/Pipeline/Pipeline.php(219): Illuminate\\Http\\Middleware\\ValidatePostSize->handle()
#37 /home/u533806958/domains/a1merchantsolutions.triviio.com/public_html/vendor/laravel/framework/src/Illuminate/Foundation/Http/Middleware/PreventRequestsDuringMaintenance.php(109): Illuminate\\Pipeline\\Pipeline->Illuminate\\Pipeline\\{closure}()
#38 /home/u533806958/domains/a1merchantsolutions.triviio.com/public_html/vendor/laravel/framework/src/Illuminate/Pipeline/Pipeline.php(219): Illuminate\\Foundation\\Http\\Middleware\\PreventRequestsDuringMaintenance->handle()
#39 /home/u533806958/domains/a1merchantsolutions.triviio.com/public_html/vendor/laravel/framework/src/Illuminate/Http/Middleware/HandleCors.php(61): Illuminate\\Pipeline\\Pipeline->Illuminate\\Pipeline\\{closure}()
#40 /home/u533806958/domains/a1merchantsolutions.triviio.com/public_html/vendor/laravel/framework/src/Illuminate/Pipeline/Pipeline.php(219): Illuminate\\Http\\Middleware\\HandleCors->handle()
#41 /home/u533806958/domains/a1merchantsolutions.triviio.com/public_html/vendor/laravel/framework/src/Illuminate/Http/Middleware/TrustProxies.php(58): Illuminate\\Pipeline\\Pipeline->Illuminate\\Pipeline\\{closure}()
#42 /home/u533806958/domains/a1merchantsolutions.triviio.com/public_html/vendor/laravel/framework/src/Illuminate/Pipeline/Pipeline.php(219): Illuminate\\Http\\Middleware\\TrustProxies->handle()
#43 /home/u533806958/domains/a1merchantsolutions.triviio.com/public_html/vendor/laravel/framework/src/Illuminate/Foundation/Http/Middleware/InvokeDeferredCallbacks.php(22): Illuminate\\Pipeline\\Pipeline->Illuminate\\Pipeline\\{closure}()
#44 /home/u533806958/domains/a1merchantsolutions.triviio.com/public_html/vendor/laravel/framework/src/Illuminate/Pipeline/Pipeline.php(219): Illuminate\\Foundation\\Http\\Middleware\\InvokeDeferredCallbacks->handle()
#45 /home/u533806958/domains/a1merchantsolutions.triviio.com/public_html/vendor/laravel/framework/src/Illuminate/Http/Middleware/ValidatePathEncoding.php(26): Illuminate\\Pipeline\\Pipeline->Illuminate\\Pipeline\\{closure}()
#46 /home/u533806958/domains/a1merchantsolutions.triviio.com/public_html/vendor/laravel/framework/src/Illuminate/Pipeline/Pipeline.php(219): Illuminate\\Http\\Middleware\\ValidatePathEncoding->handle()
#47 /home/u533806958/domains/a1merchantsolutions.triviio.com/public_html/vendor/laravel/framework/src/Illuminate/Pipeline/Pipeline.php(137): Illuminate\\Pipeline\\Pipeline->Illuminate\\Pipeline\\{closure}()
#48 /home/u533806958/domains/a1merchantsolutions.triviio.com/public_html/vendor/laravel/framework/src/Illuminate/Foundation/Http/Kernel.php(175): Illuminate\\Pipeline\\Pipeline->then()
#49 /home/u533806958/domains/a1merchantsolutions.triviio.com/public_html/vendor/laravel/framework/src/Illuminate/Foundation/Http/Kernel.php(144): Illuminate\\Foundation\\Http\\Kernel->sendRequestThroughRouter()
#50 /home/u533806958/domains/a1merchantsolutions.triviio.com/public_html/vendor/laravel/framework/src/Illuminate/Foundation/Application.php(1220): Illuminate\\Foundation\\Http\\Kernel->handle()
#51 /home/u533806958/domains/a1merchantsolutions.triviio.com/public_html/public/index.php(15): Illuminate\\Foundation\\Application->handleRequest()
#52 {main}

[previous exception] [object] (PDOException(code: 2002): SQLSTATE[HY000] [2002] Operation not permitted at /home/u533806958/domains/a1merchantsolutions.triviio.com/public_html/vendor/laravel/framework/src/Illuminate/Database/Connectors/Connector.php:66)
[stacktrace]
#0 /home/u533806958/domains/a1merchantsolutions.triviio.com/public_html/vendor/laravel/framework/src/Illuminate/Database/Connectors/Connector.php(66): PDO->__construct()
#1 /home/u533806958/domains/a1merchantsolutions.triviio.com/public_html/vendor/laravel/framework/src/Illuminate/Database/Connectors/Connector.php(44): Illuminate\\Database\\Connectors\\Connector->createPdoConnection()
#2 /home/u533806958/domains/a1merchantsolutions.triviio.com/public_html/vendor/laravel/framework/src/Illuminate/Database/Connectors/MySqlConnector.php(24): Illuminate\\Database\\Connectors\\Connector->createConnection()
#3 /home/u533806958/domains/a1merchantsolutions.triviio.com/public_html/vendor/laravel/framework/src/Illuminate/Database/Connectors/ConnectionFactory.php(186): Illuminate\\Database\\Connectors\\MySqlConnector->connect()
#4 [internal function]: Illuminate\\Database\\Connectors\\ConnectionFactory->Illuminate\\Database\\Connectors\\{closure}()
#5 /home/u533806958/domains/a1merchantsolutions.triviio.com/public_html/vendor/laravel/framework/src/Illuminate/Database/Connection.php(1257): call_user_func()
#6 /home/u533806958/domains/a1merchantsolutions.triviio.com/public_html/vendor/laravel/framework/src/Illuminate/Database/Connection.php(525): Illuminate\\Database\\Connection->getPdo()
#7 /home/u533806958/domains/a1merchantsolutions.triviio.com/public_html/vendor/laravel/framework/src/Illuminate/Database/Connection.php(420): Illuminate\\Database\\Connection->getPdoForSelect()
#8 /home/u533806958/domains/a1merchantsolutions.triviio.com/public_html/vendor/laravel/framework/src/Illuminate/Database/Connection.php(827): Illuminate\\Database\\Connection->Illuminate\\Database\\{closure}()
#9 /home/u533806958/domains/a1merchantsolutions.triviio.com/public_html/vendor/laravel/framework/src/Illuminate/Database/Connection.php(794): Illuminate\\Database\\Connection->runQueryCallback()
#10 /home/u533806958/domains/a1merchantsolutions.triviio.com/public_html/vendor/laravel/framework/src/Illuminate/Database/Connection.php(411): Illuminate\\Database\\Connection->run()
#11 /home/u533806958/domains/a1merchantsolutions.triviio.com/public_html/vendor/laravel/framework/src/Illuminate/Database/Query/Builder.php(3505): Illuminate\\Database\\Connection->select()
#12 /home/u533806958/domains/a1merchantsolutions.triviio.com/public_html/vendor/laravel/framework/src/Illuminate/Database/Query/Builder.php(3490): Illuminate\\Database\\Query\\Builder->runSelect()
#13 /home/u533806958/domains/a1merchantsolutions.triviio.com/public_html/vendor/laravel/framework/src/Illuminate/Database/Query/Builder.php(4080): Illuminate\\Database\\Query\\Builder->Illuminate\\Database\\Query\\{closure}()
#14 /home/u533806958/domains/a1merchantsolutions.triviio.com/public_html/vendor/laravel/framework/src/Illuminate/Database/Query/Builder.php(3489): Illuminate\\Database\\Query\\Builder->onceWithColumns()
#15 /home/u533806958/domains/a1merchantsolutions.triviio.com/public_html/vendor/laravel/framework/src/Illuminate/Database/Concerns/BuildsQueries.php(366): Illuminate\\Database\\Query\\Builder->get()
#16 /home/u533806958/domains/a1merchantsolutions.triviio.com/public_html/vendor/laravel/framework/src/Illuminate/Database/Query/Builder.php(3412): Illuminate\\Database\\Query\\Builder->first()
#17 /home/u533806958/domains/a1merchantsolutions.triviio.com/public_html/vendor/laravel/framework/src/Illuminate/Session/DatabaseSessionHandler.php(96): Illuminate\\Database\\Query\\Builder->find()
#18 /home/u533806958/domains/a1merchantsolutions.triviio.com/public_html/vendor/laravel/framework/src/Illuminate/Session/Store.php(128): Illuminate\\Session\\DatabaseSessionHandler->read()
#19 /home/u533806958/domains/a1merchantsolutions.triviio.com/public_html/vendor/laravel/framework/src/Illuminate/Session/Store.php(116): Illuminate\\Session\\Store->readFromHandler()
#20 /home/u533806958/domains/a1merchantsolutions.triviio.com/public_html/vendor/laravel/framework/src/Illuminate/Session/Store.php(100): Illuminate\\Session\\Store->loadSession()
#21 /home/u533806958/domains/a1merchantsolutions.triviio.com/public_html/vendor/laravel/framework/src/Illuminate/Session/Middleware/StartSession.php(146): Illuminate\\Session\\Store->start()
#22 /home/u533806958/domains/a1merchantsolutions.triviio.com/public_html/vendor/laravel/framework/src/Illuminate/Support/helpers.php(393): Illuminate\\Session\\Middleware\\StartSession->Illuminate\\Session\\Middleware\\{closure}()
#23 /home/u533806958/domains/a1merchantsolutions.triviio.com/public_html/vendor/laravel/framework/src/Illuminate/Session/Middleware/StartSession.php(143): tap()
#24 /home/u533806958/domains/a1merchantsolutions.triviio.com/public_html/vendor/laravel/framework/src/Illuminate/Session/Middleware/StartSession.php(115): Illuminate\\Session\\Middleware\\StartSession->startSession()
#25 /home/u533806958/domains/a1merchantsolutions.triviio.com/public_html/vendor/laravel/framework/src/Illuminate/Session/Middleware/StartSession.php(63): Illuminate\\Session\\Middleware\\StartSession->handleStatefulRequest()
#26 /home/u533806958/domains/a1merchantsolutions.triviio.com/public_html/vendor/laravel/framework/src/Illuminate/Pipeline/Pipeline.php(219): Illuminate\\Session\\Middleware\\StartSession->handle()
#27 /home/u533806958/domains/a1merchantsolutions.triviio.com/public_html/vendor/laravel/framework/src/Illuminate/Cookie/Middleware/AddQueuedCookiesToResponse.php(36): Illuminate\\Pipeline\\Pipeline->Illuminate\\Pipeline\\{closure}()
#28 /home/u533806958/domains/a1merchantsolutions.triviio.com/public_html/vendor/laravel/framework/src/Illuminate/Pipeline/Pipeline.php(219): Illuminate\\Cookie\\Middleware\\AddQueuedCookiesToResponse->handle()
#29 /home/u533806958/domains/a1merchantsolutions.triviio.com/public_html/vendor/laravel/framework/src/Illuminate/Cookie/Middleware/EncryptCookies.php(74): Illuminate\\Pipeline\\Pipeline->Illuminate\\Pipeline\\{closure}()
#30 /home/u533806958/domains/a1merchantsolutions.triviio.com/public_html/vendor/laravel/framework/src/Illuminate/Pipeline/Pipeline.php(219): Illuminate\\Cookie\\Middleware\\EncryptCookies->handle()
#31 /home/u533806958/domains/a1merchantsolutions.triviio.com/public_html/vendor/laravel/framework/src/Illuminate/Pipeline/Pipeline.php(137): Illuminate\\Pipeline\\Pipeline->Illuminate\\Pipeline\\{closure}()
#32 /home/u533806958/domains/a1merchantsolutions.triviio.com/public_html/vendor/laravel/framework/src/Illuminate/Routing/Router.php(821): Illuminate\\Pipeline\\Pipeline->then()
#33 /home/u533806958/domains/a1merchantsolutions.triviio.com/public_html/vendor/laravel/framework/src/Illuminate/Routing/Router.php(800): Illuminate\\Routing\\Router->runRouteWithinStack()
#34 /home/u533806958/domains/a1merchantsolutions.triviio.com/public_html/vendor/laravel/framework/src/Illuminate/Routing/Router.php(764): Illuminate\\Routing\\Router->runRoute()
#35 /home/u533806958/domains/a1merchantsolutions.triviio.com/public_html/vendor/laravel/framework/src/Illuminate/Routing/Router.php(753): Illuminate\\Routing\\Router->dispatchToRoute()
#36 /home/u533806958/domains/a1merchantsolutions.triviio.com/public_html/vendor/laravel/framework/src/Illuminate/Foundation/Http/Kernel.php(200): Illuminate\\Routing\\Router->dispatch()
#37 /home/u533806958/domains/a1merchantsolutions.triviio.com/public_html/vendor/laravel/framework/src/Illuminate/Pipeline/Pipeline.php(180): Illuminate\\Foundation\\Http\\Kernel->Illuminate\\Foundation\\Http\\{closure}()
#38 /home/u533806958/domains/a1merchantsolutions.triviio.com/public_html/vendor/laravel/framework/src/Illuminate/Foundation/Http/Middleware/TransformsRequest.php(21): Illuminate\\Pipeline\\Pipeline->Illuminate\\Pipeline\\{closure}()
#39 /home/u533806958/domains/a1merchantsolutions.triviio.com/public_html/vendor/laravel/framework/src/Illuminate/Foundation/Http/Middleware/ConvertEmptyStringsToNull.php(31): Illuminate\\Foundation\\Http\\Middleware\\TransformsRequest->handle()
#40 /home/u533806958/domains/a1merchantsolutions.triviio.com/public_html/vendor/laravel/framework/src/Illuminate/Pipeline/Pipeline.php(219): Illuminate\\Foundation\\Http\\Middleware\\ConvertEmptyStringsToNull->handle()
#41 /home/u533806958/domains/a1merchantsolutions.triviio.com/public_html/vendor/laravel/framework/src/Illuminate/Foundation/Http/Middleware/TransformsRequest.php(21): Illuminate\\Pipeline\\Pipeline->Illuminate\\Pipeline\\{closure}()
#42 /home/u533806958/domains/a1merchantsolutions.triviio.com/public_html/vendor/laravel/framework/src/Illuminate/Foundation/Http/Middleware/TrimStrings.php(51): Illuminate\\Foundation\\Http\\Middleware\\TransformsRequest->handle()
#43 /home/u533806958/domains/a1merchantsolutions.triviio.com/public_html/vendor/laravel/framework/src/Illuminate/Pipeline/Pipeline.php(219): Illuminate\\Foundation\\Http\\Middleware\\TrimStrings->handle()
#44 /home/u533806958/domains/a1merchantsolutions.triviio.com/public_html/vendor/laravel/framework/src/Illuminate/Http/Middleware/ValidatePostSize.php(27): Illuminate\\Pipeline\\Pipeline->Illuminate\\Pipeline\\{closure}()
#45 /home/u533806958/domains/a1merchantsolutions.triviio.com/public_html/vendor/laravel/framework/src/Illuminate/Pipeline/Pipeline.php(219): Illuminate\\Http\\Middleware\\ValidatePostSize->handle()
#46 /home/u533806958/domains/a1merchantsolutions.triviio.com/public_html/vendor/laravel/framework/src/Illuminate/Foundation/Http/Middleware/PreventRequestsDuringMaintenance.php(109): Illuminate\\Pipeline\\Pipeline->Illuminate\\Pipeline\\{closure}()
#47 /home/u533806958/domains/a1merchantsolutions.triviio.com/public_html/vendor/laravel/framework/src/Illuminate/Pipeline/Pipeline.php(219): Illuminate\\Foundation\\Http\\Middleware\\PreventRequestsDuringMaintenance->handle()
#48 /home/u533806958/domains/a1merchantsolutions.triviio.com/public_html/vendor/laravel/framework/src/Illuminate/Http/Middleware/HandleCors.php(61): Illuminate\\Pipeline\\Pipeline->Illuminate\\Pipeline\\{closure}()
#49 /home/u533806958/domains/a1merchantsolutions.triviio.com/public_html/vendor/laravel/framework/src/Illuminate/Pipeline/Pipeline.php(219): Illuminate\\Http\\Middleware\\HandleCors->handle()
#50 /home/u533806958/domains/a1merchantsolutions.triviio.com/public_html/vendor/laravel/framework/src/Illuminate/Http/Middleware/TrustProxies.php(58): Illuminate\\Pipeline\\Pipeline->Illuminate\\Pipeline\\{closure}()
#51 /home/u533806958/domains/a1merchantsolutions.triviio.com/public_html/vendor/laravel/framework/src/Illuminate/Pipeline/Pipeline.php(219): Illuminate\\Http\\Middleware\\TrustProxies->handle()
#52 /home/u533806958/domains/a1merchantsolutions.triviio.com/public_html/vendor/laravel/framework/src/Illuminate/Foundation/Http/Middleware/InvokeDeferredCallbacks.php(22): Illuminate\\Pipeline\\Pipeline->Illuminate\\Pipeline\\{closure}()
#53 /home/u533806958/domains/a1merchantsolutions.triviio.com/public_html/vendor/laravel/framework/src/Illuminate/Pipeline/Pipeline.php(219): Illuminate\\Foundation\\Http\\Middleware\\InvokeDeferredCallbacks->handle()
#54 /home/u533806958/domains/a1merchantsolutions.triviio.com/public_html/vendor/laravel/framework/src/Illuminate/Http/Middleware/ValidatePathEncoding.php(26): Illuminate\\Pipeline\\Pipeline->Illuminate\\Pipeline\\{closure}()
#55 /home/u533806958/domains/a1merchantsolutions.triviio.com/public_html/vendor/laravel/framework/src/Illuminate/Pipeline/Pipeline.php(219): Illuminate\\Http\\Middleware\\ValidatePathEncoding->handle()
#56 /home/u533806958/domains/a1merchantsolutions.triviio.com/public_html/vendor/laravel/framework/src/Illuminate/Pipeline/Pipeline.php(137): Illuminate\\Pipeline\\Pipeline->Illuminate\\Pipeline\\{closure}()
#57 /home/u533806958/domains/a1merchantsolutions.triviio.com/public_html/vendor/laravel/framework/src/Illuminate/Foundation/Http/Kernel.php(175): Illuminate\\Pipeline\\Pipeline->then()
#58 /home/u533806958/domains/a1merchantsolutions.triviio.com/public_html/vendor/laravel/framework/src/Illuminate/Foundation/Http/Kernel.php(144): Illuminate\\Foundation\\Http\\Kernel->sendRequestThroughRouter()
#59 /home/u533806958/domains/a1merchantsolutions.triviio.com/public_html/vendor/laravel/framework/src/Illuminate/Foundation/Application.php(1220): Illuminate\\Foundation\\Http\\Kernel->handle()
#60 /home/u533806958/domains/a1merchantsolutions.triviio.com/public_html/public/index.php(15): Illuminate\\Foundation\\Application->handleRequest()
#61 {main}
"} 
[2026-08-13 18:10:29] local.ERROR: SQLSTATE[HY000] [2002] Operation not permitted (Connection: mysql, Host: 127.0.0.1, Port: 3306, Database: u533806958_adcoupon, SQL: select * from `sessions` where `id` = 0XO7bnRw8eWMFtMmT8mYY76jIq0mxYzaIUex8GGf limit 1) {"exception":"[object] (Illuminate\\Database\\QueryException(code: 2002): SQLSTATE[HY000] [2002] Operation not permitted (Connection: mysql, Host: 127.0.0.1, Port: 3306, Database: u533806958_adcoupon, SQL: select * from `sessions` where `id` = 0XO7bnRw8eWMFtMmT8mYY76jIq0mxYzaIUex8GGf limit 1) at /home/u533806958/domains/a1merchantsolutions.triviio.com/public_html/vendor/laravel/framework/src/Illuminate/Database/Connection.php:838)
[stacktrace]
#0 /home/u533806958/domains/a1merchantsolutions.triviio.com/public_html/vendor/laravel/framework/src/Illuminate/Database/Connection.php(794): Illuminate\\Database\\Connection->runQueryCallback()
#1 /home/u533806958/domains/a1merchantsolutions.triviio.com/public_html/vendor/laravel/framework/src/Illuminate/Database/Connection.php(411): Illuminate\\Database\\Connection->run()
#2 /home/u533806958/domains/a1merchantsolutions.triviio.com/public_html/vendor/laravel/framework/src/Illuminate/Database/Query/Builder.php(3505): Illuminate\\Database\\Connection->select()
#3 /home/u533806958/domains/a1merchantsolutions.triviio.com/public_html/vendor/laravel/framework/src/Illuminate/Database/Query/Builder.php(3490): Illuminate\\Database\\Query\\Builder->runSelect()
#4 /home/u533806958/domains/a1merchantsolutions.triviio.com/public_html/vendor/laravel/framework/src/Illuminate/Database/Query/Builder.php(4080): Illuminate\\Database\\Query\\Builder->Illuminate\\Database\\Query\\{closure}()
#5 /home/u533806958/domains/a1merchantsolutions.triviio.com/public_html/vendor/laravel/framework/src/Illuminate/Database/Query/Builder.php(3489): Illuminate\\Database\\Query\\Builder->onceWithColumns()
#6 /home/u533806958/domains/a1merchantsolutions.triviio.com/public_html/vendor/laravel/framework/src/Illuminate/Database/Concerns/BuildsQueries.php(366): Illuminate\\Database\\Query\\Builder->get()
#7 /home/u533806958/domains/a1merchantsolutions.triviio.com/public_html/vendor/laravel/framework/src/Illuminate/Database/Query/Builder.php(3412): Illuminate\\Database\\Query\\Builder->first()
#8 /home/u533806958/domains/a1merchantsolutions.triviio.com/public_html/vendor/laravel/framework/src/Illuminate/Session/DatabaseSessionHandler.php(96): Illuminate\\Database\\Query\\Builder->find()
#9 /home/u533806958/domains/a1merchantsolutions.triviio.com/public_html/vendor/laravel/framework/src/Illuminate/Session/Store.php(128): Illuminate\\Session\\DatabaseSessionHandler->read()
#10 /home/u533806958/domains/a1merchantsolutions.triviio.com/public_html/vendor/laravel/framework/src/Illuminate/Session/Store.php(116): Illuminate\\Session\\Store->readFromHandler()
#11 /home/u533806958/domains/a1merchantsolutions.triviio.com/public_html/vendor/laravel/framework/src/Illuminate/Session/Store.php(100): Illuminate\\Session\\Store->loadSession()
#12 /home/u533806958/domains/a1merchantsolutions.triviio.com/public_html/vendor/laravel/framework/src/Illuminate/Session/Middleware/StartSession.php(146): Illuminate\\Session\\Store->start()
#13 /home/u533806958/domains/a1merchantsolutions.triviio.com/public_html/vendor/laravel/framework/src/Illuminate/Support/helpers.php(393): Illuminate\\Session\\Middleware\\StartSession->Illuminate\\Session\\Middleware\\{closure}()
#14 /home/u533806958/domains/a1merchantsolutions.triviio.com/public_html/vendor/laravel/framework/src/Illuminate/Session/Middleware/StartSession.php(143): tap()
#15 /home/u533806958/domains/a1merchantsolutions.triviio.com/public_html/vendor/laravel/framework/src/Illuminate/Session/Middleware/StartSession.php(115): Illuminate\\Session\\Middleware\\StartSession->startSession()
#16 /home/u533806958/domains/a1merchantsolutions.triviio.com/public_html/vendor/laravel/framework/src/Illuminate/Session/Middleware/StartSession.php(63): Illuminate\\Session\\Middleware\\StartSession->handleStatefulRequest()
#17 /home/u533806958/domains/a1merchantsolutions.triviio.com/public_html/vendor/laravel/framework/src/Illuminate/Pipeline/Pipeline.php(219): Illuminate\\Session\\Middleware\\StartSession->handle()
#18 /home/u533806958/domains/a1merchantsolutions.triviio.com/public_html/vendor/laravel/framework/src/Illuminate/Cookie/Middleware/AddQueuedCookiesToResponse.php(36): Illuminate\\Pipeline\\Pipeline->Illuminate\\Pipeline\\{closure}()
#19 /home/u533806958/domains/a1merchantsolutions.triviio.com/public_html/vendor/laravel/framework/src/Illuminate/Pipeline/Pipeline.php(219): Illuminate\\Cookie\\Middleware\\AddQueuedCookiesToResponse->handle()
#20 /home/u533806958/domains/a1merchantsolutions.triviio.com/public_html/vendor/laravel/framework/src/Illuminate/Cookie/Middleware/EncryptCookies.php(74): Illuminate\\Pipeline\\Pipeline->Illuminate\\Pipeline\\{closure}()
#21 /home/u533806958/domains/a1merchantsolutions.triviio.com/public_html/vendor/laravel/framework/src/Illuminate/Pipeline/Pipeline.php(219): Illuminate\\Cookie\\Middleware\\EncryptCookies->handle()
#22 /home/u533806958/domains/a1merchantsolutions.triviio.com/public_html/vendor/laravel/framework/src/Illuminate/Pipeline/Pipeline.php(137): Illuminate\\Pipeline\\Pipeline->Illuminate\\Pipeline\\{closure}()
#23 /home/u533806958/domains/a1merchantsolutions.triviio.com/public_html/vendor/laravel/framework/src/Illuminate/Routing/Router.php(821): Illuminate\\Pipeline\\Pipeline->then()
#24 /home/u533806958/domains/a1merchantsolutions.triviio.com/public_html/vendor/laravel/framework/src/Illuminate/Routing/Router.php(800): Illuminate\\Routing\\Router->runRouteWithinStack()
#25 /home/u533806958/domains/a1merchantsolutions.triviio.com/public_html/vendor/laravel/framework/src/Illuminate/Routing/Router.php(764): Illuminate\\Routing\\Router->runRoute()
#26 /home/u533806958/domains/a1merchantsolutions.triviio.com/public_html/vendor/laravel/framework/src/Illuminate/Routing/Router.php(753): Illuminate\\Routing\\Router->dispatchToRoute()
#27 /home/u533806958/domains/a1merchantsolutions.triviio.com/public_html/vendor/laravel/framework/src/Illuminate/Foundation/Http/Kernel.php(200): Illuminate\\Routing\\Router->dispatch()
#28 /home/u533806958/domains/a1merchantsolutions.triviio.com/public_html/vendor/laravel/framework/src/Illuminate/Pipeline/Pipeline.php(180): Illuminate\\Foundation\\Http\\Kernel->Illuminate\\Foundation\\Http\\{closure}()
#29 /home/u533806958/domains/a1merchantsolutions.triviio.com/public_html/vendor/laravel/framework/src/Illuminate/Foundation/Http/Middleware/TransformsRequest.php(21): Illuminate\\Pipeline\\Pipeline->Illuminate\\Pipeline\\{closure}()
#30 /home/u533806958/domains/a1merchantsolutions.triviio.com/public_html/vendor/laravel/framework/src/Illuminate/Foundation/Http/Middleware/ConvertEmptyStringsToNull.php(31): Illuminate\\Foundation\\Http\\Middleware\\TransformsRequest->handle()
#31 /home/u533806958/domains/a1merchantsolutions.triviio.com/public_html/vendor/laravel/framework/src/Illuminate/Pipeline/Pipeline.php(219): Illuminate\\Foundation\\Http\\Middleware\\ConvertEmptyStringsToNull->handle()
#32 /home/u533806958/domains/a1merchantsolutions.triviio.com/public_html/vendor/laravel/framework/src/Illuminate/Foundation/Http/Middleware/TransformsRequest.php(21): Illuminate\\Pipeline\\Pipeline->Illuminate\\Pipeline\\{closure}()
#33 /home/u533806958/domains/a1merchantsolutions.triviio.com/public_html/vendor/laravel/framework/src/Illuminate/Foundation/Http/Middleware/TrimStrings.php(51): Illuminate\\Foundation\\Http\\Middleware\\TransformsRequest->handle()
#34 /home/u533806958/domains/a1merchantsolutions.triviio.com/public_html/vendor/laravel/framework/src/Illuminate/Pipeline/Pipeline.php(219): Illuminate\\Foundation\\Http\\Middleware\\TrimStrings->handle()
#35 /home/u533806958/domains/a1merchantsolutions.triviio.com/public_html/vendor/laravel/framework/src/Illuminate/Http/Middleware/ValidatePostSize.php(27): Illuminate\\Pipeline\\Pipeline->Illuminate\\Pipeline\\{closure}()
#36 /home/u533806958/domains/a1merchantsolutions.triviio.com/public_html/vendor/laravel/framework/src/Illuminate/Pipeline/Pipeline.php(219): Illuminate\\Http\\Middleware\\ValidatePostSize->handle()
#37 /home/u533806958/domains/a1merchantsolutions.triviio.com/public_html/vendor/laravel/framework/src/Illuminate/Foundation/Http/Middleware/PreventRequestsDuringMaintenance.php(109): Illuminate\\Pipeline\\Pipeline->Illuminate\\Pipeline\\{closure}()
#38 /home/u533806958/domains/a1merchantsolutions.triviio.com/public_html/vendor/laravel/framework/src/Illuminate/Pipeline/Pipeline.php(219): Illuminate\\Foundation\\Http\\Middleware\\PreventRequestsDuringMaintenance->handle()
#39 /home/u533806958/domains/a1merchantsolutions.triviio.com/public_html/vendor/laravel/framework/src/Illuminate/Http/Middleware/HandleCors.php(61): Illuminate\\Pipeline\\Pipeline->Illuminate\\Pipeline\\{closure}()
#40 /home/u533806958/domains/a1merchantsolutions.triviio.com/public_html/vendor/laravel/framework/src/Illuminate/Pipeline/Pipeline.php(219): Illuminate\\Http\\Middleware\\HandleCors->handle()
#41 /home/u533806958/domains/a1merchantsolutions.triviio.com/public_html/vendor/laravel/framework/src/Illuminate/Http/Middleware/TrustProxies.php(58): Illuminate\\Pipeline\\Pipeline->Illuminate\\Pipeline\\{closure}()
#42 /home/u533806958/domains/a1merchantsolutions.triviio.com/public_html/vendor/laravel/framework/src/Illuminate/Pipeline/Pipeline.php(219): Illuminate\\Http\\Middleware\\TrustProxies->handle()
#43 /home/u533806958/domains/a1merchantsolutions.triviio.com/public_html/vendor/laravel/framework/src/Illuminate/Foundation/Http/Middleware/InvokeDeferredCallbacks.php(22): Illuminate\\Pipeline\\Pipeline->Illuminate\\Pipeline\\{closure}()
#44 /home/u533806958/domains/a1merchantsolutions.triviio.com/public_html/vendor/laravel/framework/src/Illuminate/Pipeline/Pipeline.php(219): Illuminate\\Foundation\\Http\\Middleware\\InvokeDeferredCallbacks->handle()
#45 /home/u533806958/domains/a1merchantsolutions.triviio.com/public_html/vendor/laravel/framework/src/Illuminate/Http/Middleware/ValidatePathEncoding.php(26): Illuminate\\Pipeline\\Pipeline->Illuminate\\Pipeline\\{closure}()
#46 /home/u533806958/domains/a1merchantsolutions.triviio.com/public_html/vendor/laravel/framework/src/Illuminate/Pipeline/Pipeline.php(219): Illuminate\\Http\\Middleware\\ValidatePathEncoding->handle()
#47 /home/u533806958/domains/a1merchantsolutions.triviio.com/public_html/vendor/laravel/framework/src/Illuminate/Pipeline/Pipeline.php(137): Illuminate\\Pipeline\\Pipeline->Illuminate\\Pipeline\\{closure}()
#48 /home/u533806958/domains/a1merchantsolutions.triviio.com/public_html/vendor/laravel/framework/src/Illuminate/Foundation/Http/Kernel.php(175): Illuminate\\Pipeline\\Pipeline->then()
#49 /home/u533806958/domains/a1merchantsolutions.triviio.com/public_html/vendor/laravel/framework/src/Illuminate/Foundation/Http/Kernel.php(144): Illuminate\\Foundation\\Http\\Kernel->sendRequestThroughRouter()
#50 /home/u533806958/domains/a1merchantsolutions.triviio.com/public_html/vendor/laravel/framework/src/Illuminate/Foundation/Application.php(1220): Illuminate\\Foundation\\Http\\Kernel->handle()
#51 /home/u533806958/domains/a1merchantsolutions.triviio.com/public_html/public/index.php(15): Illuminate\\Foundation\\Application->handleRequest()
#52 {main}

[previous exception] [object] (PDOException(code: 2002): SQLSTATE[HY000] [2002] Operation not permitted at /home/u533806958/domains/a1merchantsolutions.triviio.com/public_html/vendor/laravel/framework/src/Illuminate/Database/Connectors/Connector.php:66)
[stacktrace]
#0 /home/u533806958/domains/a1merchantsolutions.triviio.com/public_html/vendor/laravel/framework/src/Illuminate/Database/Connectors/Connector.php(66): PDO->__construct()
#1 /home/u533806958/domains/a1merchantsolutions.triviio.com/public_html/vendor/laravel/framework/src/Illuminate/Database/Connectors/Connector.php(44): Illuminate\\Database\\Connectors\\Connector->createPdoConnection()
#2 /home/u533806958/domains/a1merchantsolutions.triviio.com/public_html/vendor/laravel/framework/src/Illuminate/Database/Connectors/MySqlConnector.php(24): Illuminate\\Database\\Connectors\\Connector->createConnection()
#3 /home/u533806958/domains/a1merchantsolutions.triviio.com/public_html/vendor/laravel/framework/src/Illuminate/Database/Connectors/ConnectionFactory.php(186): Illuminate\\Database\\Connectors\\MySqlConnector->connect()
#4 [internal function]: Illuminate\\Database\\Connectors\\ConnectionFactory->Illuminate\\Database\\Connectors\\{closure}()
#5 /home/u533806958/domains/a1merchantsolutions.triviio.com/public_html/vendor/laravel/framework/src/Illuminate/Database/Connection.php(1257): call_user_func()
#6 /home/u533806958/domains/a1merchantsolutions.triviio.com/public_html/vendor/laravel/framework/src/Illuminate/Database/Connection.php(525): Illuminate\\Database\\Connection->getPdo()
#7 /home/u533806958/domains/a1merchantsolutions.triviio.com/public_html/vendor/laravel/framework/src/Illuminate/Database/Connection.php(420): Illuminate\\Database\\Connection->getPdoForSelect()
#8 /home/u533806958/domains/a1merchantsolutions.triviio.com/public_html/vendor/laravel/framework/src/Illuminate/Database/Connection.php(827): Illuminate\\Database\\Connection->Illuminate\\Database\\{closure}()
#9 /home/u533806958/domains/a1merchantsolutions.triviio.com/public_html/vendor/laravel/framework/src/Illuminate/Database/Connection.php(794): Illuminate\\Database\\Connection->runQueryCallback()
#10 /home/u533806958/domains/a1merchantsolutions.triviio.com/public_html/vendor/laravel/framework/src/Illuminate/Database/Connection.php(411): Illuminate\\Database\\Connection->run()
#11 /home/u533806958/domains/a1merchantsolutions.triviio.com/public_html/vendor/laravel/framework/src/Illuminate/Database/Query/Builder.php(3505): Illuminate\\Database\\Connection->select()
#12 /home/u533806958/domains/a1merchantsolutions.triviio.com/public_html/vendor/laravel/framework/src/Illuminate/Database/Query/Builder.php(3490): Illuminate\\Database\\Query\\Builder->runSelect()
#13 /home/u533806958/domains/a1merchantsolutions.triviio.com/public_html/vendor/laravel/framework/src/Illuminate/Database/Query/Builder.php(4080): Illuminate\\Database\\Query\\Builder->Illuminate\\Database\\Query\\{closure}()
#14 /home/u533806958/domains/a1merchantsolutions.triviio.com/public_html/vendor/laravel/framework/src/Illuminate/Database/Query/Builder.php(3489): Illuminate\\Database\\Query\\Builder->onceWithColumns()
#15 /home/u533806958/domains/a1merchantsolutions.triviio.com/public_html/vendor/laravel/framework/src/Illuminate/Database/Concerns/BuildsQueries.php(366): Illuminate\\Database\\Query\\Builder->get()
#16 /home/u533806958/domains/a1merchantsolutions.triviio.com/public_html/vendor/laravel/framework/src/Illuminate/Database/Query/Builder.php(3412): Illuminate\\Database\\Query\\Builder->first()
#17 /home/u533806958/domains/a1merchantsolutions.triviio.com/public_html/vendor/laravel/framework/src/Illuminate/Session/DatabaseSessionHandler.php(96): Illuminate\\Database\\Query\\Builder->find()
#18 /home/u533806958/domains/a1merchantsolutions.triviio.com/public_html/vendor/laravel/framework/src/Illuminate/Session/Store.php(128): Illuminate\\Session\\DatabaseSessionHandler->read()
#19 /home/u533806958/domains/a1merchantsolutions.triviio.com/public_html/vendor/laravel/framework/src/Illuminate/Session/Store.php(116): Illuminate\\Session\\Store->readFromHandler()
#20 /home/u533806958/domains/a1merchantsolutions.triviio.com/public_html/vendor/laravel/framework/src/Illuminate/Session/Store.php(100): Illuminate\\Session\\Store->loadSession()
#21 /home/u533806958/domains/a1merchantsolutions.triviio.com/public_html/vendor/laravel/framework/src/Illuminate/Session/Middleware/StartSession.php(146): Illuminate\\Session\\Store->start()
#22 /home/u533806958/domains/a1merchantsolutions.triviio.com/public_html/vendor/laravel/framework/src/Illuminate/Support/helpers.php(393): Illuminate\\Session\\Middleware\\StartSession->Illuminate\\Session\\Middleware\\{closure}()
#23 /home/u533806958/domains/a1merchantsolutions.triviio.com/public_html/vendor/laravel/framework/src/Illuminate/Session/Middleware/StartSession.php(143): tap()
#24 /home/u533806958/domains/a1merchantsolutions.triviio.com/public_html/vendor/laravel/framework/src/Illuminate/Session/Middleware/StartSession.php(115): Illuminate\\Session\\Middleware\\StartSession->startSession()
#25 /home/u533806958/domains/a1merchantsolutions.triviio.com/public_html/vendor/laravel/framework/src/Illuminate/Session/Middleware/StartSession.php(63): Illuminate\\Session\\Middleware\\StartSession->handleStatefulRequest()
#26 /home/u533806958/domains/a1merchantsolutions.triviio.com/public_html/vendor/laravel/framework/src/Illuminate/Pipeline/Pipeline.php(219): Illuminate\\Session\\Middleware\\StartSession->handle()
#27 /home/u533806958/domains/a1merchantsolutions.triviio.com/public_html/vendor/laravel/framework/src/Illuminate/Cookie/Middleware/AddQueuedCookiesToResponse.php(36): Illuminate\\Pipeline\\Pipeline->Illuminate\\Pipeline\\{closure}()
#28 /home/u533806958/domains/a1merchantsolutions.triviio.com/public_html/vendor/laravel/framework/src/Illuminate/Pipeline/Pipeline.php(219): Illuminate\\Cookie\\Middleware\\AddQueuedCookiesToResponse->handle()
#29 /home/u533806958/domains/a1merchantsolutions.triviio.com/public_html/vendor/laravel/framework/src/Illuminate/Cookie/Middleware/EncryptCookies.php(74): Illuminate\\Pipeline\\Pipeline->Illuminate\\Pipeline\\{closure}()
#30 /home/u533806958/domains/a1merchantsolutions.triviio.com/public_html/vendor/laravel/framework/src/Illuminate/Pipeline/Pipeline.php(219): Illuminate\\Cookie\\Middleware\\EncryptCookies->handle()
#31 /home/u533806958/domains/a1merchantsolutions.triviio.com/public_html/vendor/laravel/framework/src/Illuminate/Pipeline/Pipeline.php(137): Illuminate\\Pipeline\\Pipeline->Illuminate\\Pipeline\\{closure}()
#32 /home/u533806958/domains/a1merchantsolutions.triviio.com/public_html/vendor/laravel/framework/src/Illuminate/Routing/Router.php(821): Illuminate\\Pipeline\\Pipeline->then()
#33 /home/u533806958/domains/a1merchantsolutions.triviio.com/public_html/vendor/laravel/framework/src/Illuminate/Routing/Router.php(800): Illuminate\\Routing\\Router->runRouteWithinStack()
#34 /home/u533806958/domains/a1merchantsolutions.triviio.com/public_html/vendor/laravel/framework/src/Illuminate/Routing/Router.php(764): Illuminate\\Routing\\Router->runRoute()
#35 /home/u533806958/domains/a1merchantsolutions.triviio.com/public_html/vendor/laravel/framework/src/Illuminate/Routing/Router.php(753): Illuminate\\Routing\\Router->dispatchToRoute()
#36 /home/u533806958/domains/a1merchantsolutions.triviio.com/public_html/vendor/laravel/framework/src/Illuminate/Foundation/Http/Kernel.php(200): Illuminate\\Routing\\Router->dispatch()
#37 /home/u533806958/domains/a1merchantsolutions.triviio.com/public_html/vendor/laravel/framework/src/Illuminate/Pipeline/Pipeline.php(180): Illuminate\\Foundation\\Http\\Kernel->Illuminate\\Foundation\\Http\\{closure}()
#38 /home/u533806958/domains/a1merchantsolutions.triviio.com/public_html/vendor/laravel/framework/src/Illuminate/Foundation/Http/Middleware/TransformsRequest.php(21): Illuminate\\Pipeline\\Pipeline->Illuminate\\Pipeline\\{closure}()
#39 /home/u533806958/domains/a1merchantsolutions.triviio.com/public_html/vendor/laravel/framework/src/Illuminate/Foundation/Http/Middleware/ConvertEmptyStringsToNull.php(31): Illuminate\\Foundation\\Http\\Middleware\\TransformsRequest->handle()
#40 /home/u533806958/domains/a1merchantsolutions.triviio.com/public_html/vendor/laravel/framework/src/Illuminate/Pipeline/Pipeline.php(219): Illuminate\\Foundation\\Http\\Middleware\\ConvertEmptyStringsToNull->handle()
#41 /home/u533806958/domains/a1merchantsolutions.triviio.com/public_html/vendor/laravel/framework/src/Illuminate/Foundation/Http/Middleware/TransformsRequest.php(21): Illuminate\\Pipeline\\Pipeline->Illuminate\\Pipeline\\{closure}()
#42 /home/u533806958/domains/a1merchantsolutions.triviio.com/public_html/vendor/laravel/framework/src/Illuminate/Foundation/Http/Middleware/TrimStrings.php(51): Illuminate\\Foundation\\Http\\Middleware\\TransformsRequest->handle()
#43 /home/u533806958/domains/a1merchantsolutions.triviio.com/public_html/vendor/laravel/framework/src/Illuminate/Pipeline/Pipeline.php(219): Illuminate\\Foundation\\Http\\Middleware\\TrimStrings->handle()
#44 /home/u533806958/domains/a1merchantsolutions.triviio.com/public_html/vendor/laravel/framework/src/Illuminate/Http/Middleware/ValidatePostSize.php(27): Illuminate\\Pipeline\\Pipeline->Illuminate\\Pipeline\\{closure}()
#45 /home/u533806958/domains/a1merchantsolutions.triviio.com/public_html/vendor/laravel/framework/src/Illuminate/Pipeline/Pipeline.php(219): Illuminate\\Http\\Middleware\\ValidatePostSize->handle()
#46 /home/u533806958/domains/a1merchantsolutions.triviio.com/public_html/vendor/laravel/framework/src/Illuminate/Foundation/Http/Middleware/PreventRequestsDuringMaintenance.php(109): Illuminate\\Pipeline\\Pipeline->Illuminate\\Pipeline\\{closure}()
#47 /home/u533806958/domains/a1merchantsolutions.triviio.com/public_html/vendor/laravel/framework/src/Illuminate/Pipeline/Pipeline.php(219): Illuminate\\Foundation\\Http\\Middleware\\PreventRequestsDuringMaintenance->handle()
#48 /home/u533806958/domains/a1merchantsolutions.triviio.com/public_html/vendor/laravel/framework/src/Illuminate/Http/Middleware/HandleCors.php(61): Illuminate\\Pipeline\\Pipeline->Illuminate\\Pipeline\\{closure}()
#49 /home/u533806958/domains/a1merchantsolutions.triviio.com/public_html/vendor/laravel/framework/src/Illuminate/Pipeline/Pipeline.php(219): Illuminate\\Http\\Middleware\\HandleCors->handle()
#50 /home/u533806958/domains/a1merchantsolutions.triviio.com/public_html/vendor/laravel/framework/src/Illuminate/Http/Middleware/TrustProxies.php(58): Illuminate\\Pipeline\\Pipeline->Illuminate\\Pipeline\\{closure}()
#51 /home/u533806958/domains/a1merchantsolutions.triviio.com/public_html/vendor/laravel/framework/src/Illuminate/Pipeline/Pipeline.php(219): Illuminate\\Http\\Middleware\\TrustProxies->handle()
#52 /home/u533806958/domains/a1merchantsolutions.triviio.com/public_html/vendor/laravel/framework/src/Illuminate/Foundation/Http/Middleware/InvokeDeferredCallbacks.php(22): Illuminate\\Pipeline\\Pipeline->Illuminate\\Pipeline\\{closure}()
#53 /home/u533806958/domains/a1merchantsolutions.triviio.com/public_html/vendor/laravel/framework/src/Illuminate/Pipeline/Pipeline.php(219): Illuminate\\Foundation\\Http\\Middleware\\InvokeDeferredCallbacks->handle()
#54 /home/u533806958/domains/a1merchantsolutions.triviio.com/public_html/vendor/laravel/framework/src/Illuminate/Http/Middleware/ValidatePathEncoding.php(26): Illuminate\\Pipeline\\Pipeline->Illuminate\\Pipeline\\{closure}()
#55 /home/u533806958/domains/a1merchantsolutions.triviio.com/public_html/vendor/laravel/framework/src/Illuminate/Pipeline/Pipeline.php(219): Illuminate\\Http\\Middleware\\ValidatePathEncoding->handle()
#56 /home/u533806958/domains/a1merchantsolutions.triviio.com/public_html/vendor/laravel/framework/src/Illuminate/Pipeline/Pipeline.php(137): Illuminate\\Pipeline\\Pipeline->Illuminate\\Pipeline\\{closure}()
#57 /home/u533806958/domains/a1merchantsolutions.triviio.com/public_html/vendor/laravel/framework/src/Illuminate/Foundation/Http/Kernel.php(175): Illuminate\\Pipeline\\Pipeline->then()
#58 /home/u533806958/domains/a1merchantsolutions.triviio.com/public_html/vendor/laravel/framework/src/Illuminate/Foundation/Http/Kernel.php(144): Illuminate\\Foundation\\Http\\Kernel->sendRequestThroughRouter()
#59 /home/u533806958/domains/a1merchantsolutions.triviio.com/public_html/vendor/laravel/framework/src/Illuminate/Foundation/Application.php(1220): Illuminate\\Foundation\\Http\\Kernel->handle()
#60 /home/u533806958/domains/a1merchantsolutions.triviio.com/public_html/public/index.php(15): Illuminate\\Foundation\\Application->handleRequest()
#61 {main}
"} 
